Client,SKU,Description,Category,"Unit of Measurement",Warehouse,"In Stock",Allocated,Sellable,"Under Par","On Order",Barcode,"Manufacturer Website","Recommended Retail Price","Sales Price","Unit Cost",Weight,"Default Econ Order","Default Lead Time (Days)","Par Level",Assembly,Serializable,"Track Lot",Perishable,Re-Order,"Storage Length","Storage Width","Storage Height","Storage Volume",Brand
,000437,"Utility Classic Collar Black, Small","Dog Harness, Lead &amp; Collar",Each,"Main Warehouse",0,0,0,,0,649510004377,,9.49,9.49,4.75000000,0.000000,0.00,0,0.000000,N,N,N,N,0,0,0,0,0,
,00101,"Weruva Outback Grill Canned Cat Food - 3oz",Cats,Each,"Main Warehouse",0,0,0,,0,878408001017,,2.35,2.35,0.00000000,0.000000,0.00,0,0.000000,N,N,N,N,0,0,0,0,0,
,00109,"World's Best Multiple Cat Scented Clumping Litter - 7Lb","Cat Litter &amp; Litter Supplies",Each,"Main Warehouse",1,0,1,,0,322591001090,,18.99,18.99,14.00000000,0.000000,0.00,0,0.000000,N,N,N,N,0,0,0,0,0,
,00148,"Crumps' Natural Plaque Busters Original Dental Sticks","Chews + Bones",Each,"Main Warehouse",0,0,0,,0,835302001482,,11.69,12.99,0.00000000,0.000000,0.00,0,0.000000,N,N,N,N,0,0,0,0,0,
,00160,"Bullymake Toss N'Treat Dog Toy - Popcorn","Dog Toys",Each,"Main Warehouse",1,0,1,,0,669125001608,,24.99,24.99,0.00000000,0.000000,0.00,0,0.000000,N,N,N,N,0,0,0,0,0,
,00161,"Bullymake Toss N'Treat Dog Toy - Burger","Dog Toys",Each,"Main Warehouse",0,0,0,,0,669125001615,,24.99,24.99,0.00000000,0.000000,0.00,0,0.000000,N,N,N,N,0,0,0,0,0,
,00164,"Bullymake Tough Chew Nylon Horseshoe Blue Bacon Flavour Dog Toy","Dog Toys",Each,"Main Warehouse",1,0,1,,0,669125001646,,24.99,24.99,14.41000000,0.000000,0.00,0,0.000000,N,N,N,N,0,0,0,0,0,
,00181,"Crumps' Naturals Plaque Busters Dog Treats - Bacon - 9.5 10pack","Chews + Bones",Each,"Main Warehouse",6,0,6,,0,835302001819,,12.49,12.49,8.12000000,0.000000,0.00,0,0.000000,N,N,N,N,0,0,0,0,0,
,00201,"Weruva Outback Grill Canned Cat Food 5.5oz",Cats,Each,"Main Warehouse",22,0,22,,0,878408002014,,3.41,3.59,2.50000000,0.000000,0.00,0,0.000000,N,N,N,N,0,0,0,0,0,
,00238,"Crumps' Natural Plaque Busters Pumpkin Spice Dental Sticks","Chews + Bones",Each,"Main Warehouse",0,0,0,,0,835302002380,,12.49,12.49,8.12000000,0.000000,0.00,0,0.000000,N,N,N,N,0,0,0,0,0,
,00417,"Skip to the beginning of the images gallery Himalayan Dog Chew Happy Teeth - Cheese-Char","Chews + Bones",Each,"Main Warehouse",0,0,0,,0,853012004173,,8.99,8.99,0.00000000,0.000000,0.00,0,0.000000,N,N,N,N,0,0,0,0,0,
,00421,"Crumps' Naturals Plaque Busters Dog Treats - Bacon - 30.7 oz 30 pack","Chews + Bones",Each,"Main Warehouse",4,0,4,,0,835302004216,,30.49,30.49,20.71000000,0.000000,0.00,0,0.000000,N,N,N,N,0,0,0,0,0,
,00454,"Crumps' Naturals Plaque Busters Advanced Whole Mouth Care Dog Treats 9.5oz","Chews + Bones",Each,"Main Warehouse",4,0,4,,0,835302004544,,13.99,13.99,8.69000000,0.000000,0.00,0,0.000000,N,N,N,N,0,0,0,0,0,
,00537,"Go! Solutions Skin & Coat Care Tetra Packs for Dogs - Pollock Pâté with Grains Recipe 12.5oz","Dog Skin &amp; Coat Care",Each,"Main Warehouse",11,0,11,,0,815260005371,,5.99,5.99,0.00000000,0.000000,0.00,0,0.000000,N,N,N,N,0,0,0,0,0,
,0055,"Red Barn Dog Chew - Puff Braid","Chews + Bones",Each,"Main Warehouse",15,0,15,,0,785184000540,,10.99,10.99,0.00000000,0.000000,0.00,0,0.000000,N,N,N,N,0,0,0,0,0,
,00746,"Now Fresh Grain-Free Recipe for Senior Cats - Turkey, Salmon & Duck - 3Lb",Cats,Each,"Main Warehouse",6,0,6,,0,815260007467,,29.99,29.99,21.30000000,0.000000,0.00,0,0.000000,N,N,N,N,0,0,0,0,0,
,00747,"Now Fresh Grain-Free Recipe for Senior Cats - Turkey, Salmon & Duck - 8LB",Cats,Each,"Main Warehouse",4,0,4,,0,815260007474,,59.99,59.99,42.60000000,0.000000,0.00,0,0.000000,N,N,N,N,0,0,0,0,0,
,02898,"Wellmark Premium Aloe & Oatmeal Shampoo & Conditioner 473ml","Cat Health &amp; Wellness &amp; hygiene",Each,"Main Warehouse",2,0,2,,0,623504028976,,31.99,31.99,12.75000000,0.000000,0.00,0,0.000000,N,N,N,N,0,0,0,0,0,
,02900,"Wellmark Chlorhexidine Pads","Cat Health &amp; Wellness &amp; hygiene",Each,"Main Warehouse",2,0,2,,0,623504029003,,32.99,32.99,15.75000000,0.000000,0.00,0,0.000000,N,N,N,N,0,0,0,0,0,
,075528,"Unscented Compostable Bags 96",Accessories,Each,"Main Warehouse",0,0,0,,0,5060189755288,,15.99,15.99,8.40000000,0.000000,0.00,0,0.000000,N,N,N,N,0,0,0,0,0,Beco
,075529,"Unscented Compostable Bags 48",Accessories,Each,"Main Warehouse",0,0,0,,0,5060189755295,,7.49,7.49,4.35000000,0.000000,0.00,0,0.000000,N,N,N,N,0,0,0,0,0,Beco
,100010,"LickiMat SloDog",,Each,"Main Warehouse",1,0,1,,0,9349785000104,,24.99,24.99,13.05000000,0.000000,0.00,0,0.000000,N,N,N,N,0,0,0,0,0,N/A
,100071,"Lickimat Casper for Mature Cats",,Each,"Main Warehouse",0,0,0,,0,9349785000715,,13.49,13.49,7.10000000,0.000000,0.00,0,0.000000,N,N,N,N,0,0,0,0,0,Lickimat
,100098,"Primal Canine Freeze-Dried Nuggets - Turkey & Sardine Formula","Dog Freeze Dried",Each,"Main Warehouse",6,0,6,,0,895135000984,,36.74,48.99,0.00000000,0.000000,0.00,0,0.000000,N,N,N,N,0,0,0,0,0,Primal
,100102,"Fresh Breath Foam Dog",,Each,"Main Warehouse",0,0,0,,0,,,0.00,0.00,0.00000000,0.000000,0.00,0,0.000000,N,N,N,N,0,0,0,0,0,FreshBreath
,100107,"World's Best Original Clumping Litter - 28lb","Cat Litter &amp; Litter Supplies",Each,"Main Warehouse",8,0,8,,0,322591001076,,54.99,54.99,48.25000000,0.000000,0.00,0,0.000000,N,N,N,N,0,0,0,0,0,"World's Best"
,1001106,"World's Best Multiple Cat Scented Clumping Litter - 14Lb",,Each,"Main Warehouse",7,0,7,,0,,,32.49,32.49,0.00000000,0.000000,0.00,0,0.000000,N,N,N,N,0,0,0,0,0,
,100111,"World's Best Cat Litter Multiple Cat Lavender Scent Formula 28lb","Cat Litter &amp; Litter Supplies",Each,"Main Warehouse",4,0,4,,0,322591001113,,60.99,60.99,48.25000000,0.000000,0.00,0,0.000000,N,N,N,N,0,0,0,0,0,"World's Best"
,100126,"Stella & Chewy's Tummy Ticklin' Turkey Dinner Morsels for Cats","Cat Freeze Dried",Each,"Main Warehouse",5,0,5,,0,186011001264,,65.99,65.99,0.00000000,0.000000,0.00,0,0.000000,N,N,N,Y,0,0,0,0,0,Stella&Chewy
,100129,"Fresh Breath Oral Care Kit Dog",,Each,"Main Warehouse",0,0,0,,0,,,0.00,0.00,0.00000000,0.000000,0.00,0,0.000000,N,N,N,N,0,0,0,0,0,FreshBreath
,100132,"Fresh Breath Brushing Gel Dog",,Each,"Main Warehouse",0,0,0,,0,,,0.00,0.00,0.00000000,0.000000,0.00,0,0.000000,N,N,N,N,0,0,0,0,0,FreshBreath
,100149,"Fresh Breath Oral Care Gel Cat",,Each,"Main Warehouse",0,0,0,,0,,,0.00,0.00,0.00000000,0.000000,0.00,0,0.000000,N,N,N,N,0,0,0,0,0,FreshBreath
,100164,"Horizon Pulsar Grain-Free Chicken Formula",Dogs,Each,"Main Warehouse",4,0,4,,0,851094001646,,69.99,69.99,0.00000000,0.000000,0.00,0,0.000000,N,N,N,Y,0,0,0,0,0,HugSmart
,100178,"Oven-Baked Tradition Dog Fish 25 lb",Dogs,Each,"Main Warehouse",1,0,1,,0,669066001781,,90.99,90.99,0.00000000,0.000000,0.00,0,0.000000,N,N,N,Y,0,0,0,0,0,"Oven Baked"
,100200,"Fresh Breath Oral Care Kit for Puppy",,Each,"Main Warehouse",0,0,0,,0,,,0.00,0.00,0.00000000,0.000000,0.00,0,0.000000,N,N,N,N,0,0,0,0,0,FreshBreath
,100201,"Hill's® Science Diet Perfect Weight Adult Wet Dog Food - Vegetable & Chicken Stew, 12.5 oz",Dogs,Each,"Main Warehouse",26,0,26,,0,052742002019,,5.19,5.19,3.70000000,0.000000,0.00,0,0.000000,N,N,N,N,0,0,0,0,0,"Hill's Science"
,100205,"Go! Solutions Weight Management + Joint Care Grain-Free Dry Food for Adult Dogs - Chicken Recipe - 12lb","Dry Dog Food",Each,"Main Warehouse",4,0,4,,0,815260002059,,61.99,61.99,0.00000000,0.000000,0.00,0,0.000000,N,N,N,N,0,0,0,0,0,
,100213,"Go! Digestion & Gut Health Salmon With Grains Recipe for Cats - 3lb","Cat Health &amp; Wellness &amp; hygiene",Each,"Main Warehouse",4,0,4,,0,815260002134,,26.99,26.99,0.00000000,0.000000,0.00,0,0.000000,N,N,N,N,0,0,0,0,0,
,100215,"Hill's Science Diet® Urinary Hairball Control Adult Dry Cat Food - Chicken - 3.5lb",Cats,Each,"Main Warehouse",0,0,0,,0,052742002156,,42.99,42.99,0.00000000,0.000000,0.00,0,0.000000,N,N,N,N,0,0,0,0,0,"Hill's Science"
,100218,"Fresh Breath Finger Brushes",,Each,"Main Warehouse",0,0,0,,0,,,0.00,0.00,0.00000000,0.000000,0.00,0,0.000000,N,N,N,N,0,0,0,0,0,FreshBreath
,100231,"Fresh Breath Oral Care Kit Peanut Butter",,Each,"Main Warehouse",0,0,0,,0,,,0.00,0.00,0.00000000,0.000000,0.00,0,0.000000,N,N,N,N,0,0,0,0,0,FreshBreath
,100285,"Nutram 3.0 Sound Dog S7 Small Breed Adult - 5.4kg","Dry Dog Food",Each,"Main Warehouse",2,0,2,,0,813788002858,,46.99,46.99,31.40000000,0.000000,0.00,0,0.000000,N,N,N,Y,0,0,0,0,0,Nutram
,100287,"Nutram 3.0 Sound Cat S5 Adult for Senior - 2kg","Dry Cat Food",Each,"Main Warehouse",3,0,3,,0,813788002872,,16.19,22.94,16.00000000,0.000000,0.00,0,0.000000,N,N,N,N,0,0,0,0,0,Nutram
,100288,"Nutram 3.0 Ideal Cat I12 Weight Control - 2kg","Dry Cat Food",Each,"Main Warehouse",2,0,2,,0,813788002889,,16.19,26.99,18.07000000,0.000000,0.00,0,0.000000,N,N,N,N,0,0,0,0,0,Nutram
,100290,"Nutram 3.0 Ideal Cat I19 Skin Coat & Stomach - 2kg","Dry Cat Food",Each,"Main Warehouse",2,0,2,,0,813788002902,,26.99,26.99,18.07000000,0.000000,0.00,0,0.000000,N,N,N,N,0,0,0,0,0,Nutram
,100304,"Go! Solutions Sensitivities Limited Ingredient Grain-Free Insect Recipe Adult Dog Food, 12lb",Dogs,Each,"Main Warehouse",2,0,2,,0,815260003049,,71.99,79.99,56.80000000,0.000000,0.00,0,0.000000,N,N,N,N,0,0,0,0,0,GO!
,100320,"Fresh Breath Total Care Kit Cat",,Each,"Main Warehouse",0,0,0,,0,,,0.00,0.00,0.00000000,0.000000,0.00,0,0.000000,N,N,N,N,0,0,0,0,0,FreshBreath
,100374,"Himalayan Dog Chew Happy Teeth - Cheese","Chews + Bones",Each,"Main Warehouse",0,0,0,,0,859552003744,,11.99,11.99,0.00000000,0.000000,0.00,0,0.000000,N,N,N,N,0,0,0,0,0,Himalayan
,100401,"Nutram Cat OC Digestive+ Split Cup",,Each,"Main Warehouse",0,0,0,,0,813788004012,,2.99,2.55,1.98000000,0.000000,0.00,0,0.000000,N,N,N,N,0,0,0,0,0,Nutram
,100402,"Nutram Cat OC Urinary+ Split Cup",,Each,"Main Warehouse",0,0,0,,0,813788004029,,2.99,2.99,1.98000000,0.000000,0.00,0,0.000000,N,N,N,N,0,0,0,0,0,Nutram
,100403,"Nutram Cat OC Immunity+ Split Cup",,Each,"Main Warehouse",0,0,0,,0,813788004036,,2.99,2.99,1.98000000,0.000000,0.00,0,0.000000,N,N,N,N,0,0,0,0,0,Nutram
,100404,"Dog Cognitive+ Chicken Quail Egg Puppy","Wet Dog Food",Each,"Main Warehouse",0,0,0,,0,813788004043,,5.99,0.00,3.98000000,0.000000,0.00,0,0.000000,N,N,N,N,0,0,0,0,0,Nutram
,100405,"Nutram Dog OC Digestive+",,Each,"Main Warehouse",0,0,0,,0,813788004050,,5.09167,5.09167,4.07000000,0.000000,0.00,0,0.000000,N,N,N,N,0,0,0,0,0,Nutram
,100406,"Nutram Dog OC Mobility+",,Each,"Main Warehouse",0,0,0,,0,813788004067,,5.09167,5.09167,4.35000000,0.000000,0.00,0,0.000000,N,N,N,N,0,0,0,0,0,Nutram
,100407,"Nutram Dog OC Immunity+",,Each,"Main Warehouse",0,0,0,,0,813788004074,,5.99,5.09,4.11000000,0.000000,0.00,0,0.000000,N,N,N,N,0,0,0,0,0,Nutram
,100408,"Nutram Cat OC Cognitive+ Kitten Tubes",,Each,"Main Warehouse",14,0,14,,0,813788004081,,4.29,4.29,2.80000000,0.000000,0.00,0,0.000000,N,N,N,N,0,0,0,0,0,Nutram
,100409,"Nutram Cat OC Digestive+ Tubes",,Each,"Main Warehouse",14,0,14,,0,813788004098,,4.29,4.29,2.80000000,0.000000,0.00,0,0.000000,N,N,N,N,0,0,0,0,0,Nutram
,100410,"Cat OC Urinary+ Chicken and Salmon",,Each,"Main Warehouse",0,0,0,,0,813788004104,,4.29,0.00,2.80000000,0.000000,0.00,0,0.000000,N,N,N,N,0,0,0,0,0,Nutram
,100411,"Nutram Cat OC Immunity+ Tubes",,Each,"Main Warehouse",16,0,16,,0,813788004111,,4.29,2.80,1.71000000,0.000000,0.00,0,0.000000,N,N,N,N,0,0,0,0,0,Nutram
,100416,"Nutram 3.0 Sound Dog S46 Adult Pork - 2kg",,Each,"Main Warehouse",0,0,0,,0,813788004166,,27.99,0.00,17.65000000,0.000000,0.00,0,0.000000,N,N,N,N,0,0,0,0,0,Nutram
,100417,"Nutram 3.0 Sound Dog S46 Adult Pork - 11.4kg",,Each,"Main Warehouse",3,0,3,,0,813788004173,,83.99,83.99,55.45000000,0.000000,0.00,0,0.000000,N,N,N,N,0,0,0,0,0,Nutram
,100419,"Nutram 3.0 Sound Dog S49 Adult Salmon - 2kg",,Each,"Main Warehouse",5,0,5,,0,813788004197,,27.99,16.79,18.32000000,0.000000,0.00,0,0.000000,N,N,N,N,0,0,0,0,0,Nutram
,100420,"Nutram 3.0 Sound Dog S49 Adult Salmon - 11.4kg",,Each,"Main Warehouse",9,0,9,,0,813788004203,,83.99,83.99,57.18000000,0.000000,0.00,0,0.000000,N,N,N,Y,0,0,0,0,0,Nutram
,100422,"Nutram 3.0 Ideal Dog I14 Skin Coat & Stomach For Puppy - 2kg",,Each,"Main Warehouse",4,0,4,,0,813788004227,,26.99,21.59,20.57000000,0.000000,0.00,0,0.000000,N,N,N,N,0,0,0,0,0,Nutram
,100423,"Nutram 3.0 Ideal Dog I14 Skin Coat & Stomach For Puppy - 11.4kg",,Each,"Main Warehouse",3,0,3,,0,813788004234,,94.99,94.99,70.00000000,0.000000,0.00,0,0.000000,N,N,N,N,0,0,0,0,0,Nutram
,10043,"FirstMate Limited Ingredient Australian Lamb Meal Formula for Dogs 14.5LB",Dogs,Each,"Main Warehouse",2,0,2,,0,072318100437,,58.99,58.99,41.03000000,0.000000,0.00,0,0.000000,N,N,N,N,0,0,0,0,0,FirstMate
,100430,"Himalayan YakyCharms Cheese Microwavable Popcorn for Dogs!","Dog Treats",Each,"Main Warehouse",6,0,6,,0,10853012004309,,5.49,5.49,0.00000000,0.000000,0.00,0,0.000000,N,N,N,N,0,0,0,0,0,Himalayan
,100460,"Nutram Dog OC Dental Chew Cognitive+ Chicken Large",,Each,"Main Warehouse",10,0,10,,0,813788004609,,11.99,10.20,6.71000000,0.000000,0.00,0,0.000000,N,N,N,N,0,0,0,0,0,Nutram
,100461,"Nutram Dog OC Dental Chew Digestive+ Lamb Small",,Each,"Main Warehouse",4,0,4,,0,813788004616,,11.99,11.99,6.71000000,0.000000,0.00,0,0.000000,N,N,N,N,0,0,0,0,0,Nutram
,100462,"Nutram Dog OC Dental Chew Digestive+ Lamb Large",,Each,"Main Warehouse",1,0,1,,0,813788004623,,8.39,11.99,6.71000000,0.000000,0.00,0,0.000000,N,N,N,N,0,0,0,0,0,Nutram
,100463,"Nutram Dog OC Dental Chew Mobility+ Lamb Small",,Each,"Main Warehouse",0,0,0,,0,813788004630,,8.39,11.99,6.71000000,0.000000,0.00,0,0.000000,N,N,N,N,0,0,0,0,0,Nutram
,100464,"Nutram Dog OC Dental Chew Mobility+ Lamb Large",,Each,"Main Warehouse",2,0,2,,0,813788004647,,8.39,11.99,6.71000000,0.000000,0.00,0,0.000000,N,N,N,N,0,0,0,0,0,Nutram
,100465,"Nutram Dog OC Dental Chew Immunity+ Lamb Small",,Each,"Main Warehouse",5,0,5,,0,813788004654,,11.99,11.99,6.71000000,0.000000,0.00,0,0.000000,N,N,N,N,0,0,0,0,0,Nutram
,100466,"Nutram Dog OC Dental Chew Immunity+ Lamb Large",,Each,"Main Warehouse",3,0,3,,0,813788004661,,11.99,10.19,6.71000000,0.000000,0.00,0,0.000000,N,N,N,N,0,0,0,0,0,Nutram
,100496,"Primal Feline Freeze-Dried Raw Nuggets - Venison Recipe","Cat Freeze Dried",Each,"Main Warehouse",2,0,2,,0,850334004966,,25.99,25.99,0.00000000,0.000000,0.00,0,0.000000,N,N,N,N,0,0,0,0,0,Primal
,100497,"Primal Feline Freeze-Dried Raw Nuggets - Rabbit Recipe","Cat Freeze Dried",Each,"Main Warehouse",1,0,1,,0,850334004980,,25.99,25.99,0.00000000,0.000000,0.00,0,0.000000,N,N,N,N,0,0,0,0,0,Primal
,100502,"GO! Cat Skin & Coat Salmon - 8lb","Dry Cat Food",Each,"Main Warehouse",2,0,2,,0,815260005029,,49.99,49.99,0.00000000,0.000000,0.00,0,0.000000,N,N,N,N,0,0,0,0,0,GO
,100505,"LickiMat Classic Playdate",,Each,"Main Warehouse",0,0,0,,0,9349785005055,,11.99,11.99,7.10000000,0.000000,0.00,0,0.000000,N,N,N,N,0,0,0,0,0,Lickimat
,100506,"Meowijuana Get Floated Jellyfish",,Each,"Main Warehouse",1,0,1,,0,859442005063,,15.99,15.99,8.35000000,0.000000,0.00,0,0.000000,N,N,N,N,0,0,0,0,0,Meowijuana
,100510,"Meowijuana Purple Passion",,Each,"Main Warehouse",0,0,0,,0,859442005100,,14.99,14.99,7.30000000,0.000000,0.00,0,0.000000,N,N,N,N,0,0,0,0,0,Meowijuana
,100513,"Oven-Baked Tradition Cat Care Urinary Tract Chicken 10 lb",Cats,Each,"Main Warehouse",3,0,3,,0,669066005130,,56.04,58.99,41.59000000,0.000000,0.00,0,0.000000,N,N,N,N,0,0,0,0,0,"Oven Baked"
,100514,"Meowi-Waui - Primo Kitty Weed",,Each,"Main Warehouse",0,0,0,,0,859442005148,,14.99,14.99,7.30000000,0.000000,0.00,0,0.000000,N,N,N,N,0,0,0,0,0,Meowijuana
,100517,"Oven-Baked Tradition Cat Care Dental - GF Chicken 10lb",Cats,Each,"Main Warehouse",2,0,2,,0,669066005178,,66.99,66.99,0.00000000,0.000000,0.00,0,0.000000,N,N,N,N,0,0,0,0,0,"Oven Baked"
,100521,"Oven-Baked Tradition Sensitive Stomach, Skin & Coat Dry Food for Adult Cats - Fish 10lb",Cats,Each,"Main Warehouse",2,0,2,,0,669066005215,,67.99,67.99,0.00000000,0.000000,0.00,0,0.000000,N,N,N,N,0,0,0,0,0,"Oven Baked"
,100523,"Meowijuana Get Hungry Burger & Fries",,Each,"Main Warehouse",2,0,2,,0,859442005230,,18.99,15.99,8.80000000,0.000000,0.00,0,0.000000,N,N,N,N,0,0,0,0,0,Meowijuana
,100526,"GO! Cat Grain Free Carnivore Chicken, Turkey & Duck - 8lb","Dry Cat Food",Each,"Main Warehouse",4,0,4,,0,815260005265,,59.99,59.99,0.00000000,0.000000,0.00,0,0.000000,N,N,N,Y,0,0,0,0,0,GO!
,100531,"Meowijuana Treat Dispensing Avocado",,Each,"Main Warehouse",0,0,0,,0,859442005315,,14.59,13.69,8.80000000,0.000000,0.00,0,0.000000,N,N,N,N,0,0,0,0,0,Meowijuana
,100541,"Go! Solutions Skin + Coat Care Shredded Chicken Recipe Dog Food 12.5oz","Dog Food Toppers",Each,"Main Warehouse",11,0,11,,0,815260005418,,5.99,5.99,0.00000000,0.000000,0.00,0,0.000000,N,N,N,N,0,0,0,0,0,GO!
,100543,"GO! Skin & Coat Minced Chicken 6.4o oz Cat Food","Wet Cat Food",Each,"Main Warehouse",28,0,28,,0,815260005432,,2.79,3.99,2.88000000,0.000000,0.00,0,0.000000,N,N,N,N,0,0,0,0,0,GO!
,100545,"GO! Carnivore Shredded Lamb & Boar Dog","Wet Dog Food",Each,"Main Warehouse",5,0,5,,0,815260005456,,4.99,4.99,3.60000000,0.000000,0.00,0,0.000000,N,N,N,N,0,0,0,0,0,GO!
,100546,"GO! Carnivore Chicken, Turkey & Duck 12.5OZ","Wet Dog Food",Each,"Main Warehouse",12,0,12,,0,815260005463,,4.99,4.99,3.60000000,0.000000,0.00,0,0.000000,N,N,N,N,0,0,0,0,0,GO!
,100547,"GO! Carnivore Chicken,Turkey&Duck Cat Food 6.4oz","Wet Cat Food",Each,"Main Warehouse",48,0,48,,0,815260005470,,3.79,3.59,2.90000000,0.000000,0.00,0,0.000000,N,N,N,N,0,0,0,0,0,GO!
,100548,"Go! Solutions Carnivore Grain-Free Minced Lamb + Wild Boar Recipe Cat Food 6.4oz",Cats,Each,"Main Warehouse",21,0,21,,0,815260005487,,4.49,4.49,0.00000000,0.000000,0.00,0,0.000000,N,N,N,N,0,0,0,0,0,GO!
,100549,"Nutram Dog OC Dental Chew Cognitive+ Small",,Each,"Main Warehouse",15,0,15,,0,813788004593,,11.99,0.00,6.71000000,0.000000,0.00,0,0.000000,N,N,N,N,0,0,0,0,0,Nutram
,100626,"LickiMat Felix for Cat and Kitten",,Each,"Main Warehouse",1,0,1,,0,9349785006267,,13.49,13.49,7.10000000,0.000000,0.00,0,0.000000,N,N,N,N,0,0,0,0,0,Lickimat
,10067,"FirstMate Dog Grain Free Chicken with Blueberries - 14.5","Dry Dog Food",Each,"Main Warehouse",0,0,0,,0,072318100673,,58.99,58.99,0.00000000,0.000000,0.00,0,0.000000,N,N,N,N,0,0,0,0,0,FirstMate
,100684,"Natural Balance Ultra Protein Dry Cat Food - Real Chicken - 6lb",Cats,Each,"Main Warehouse",3,0,3,,0,723633006842,,45.99,45.99,0.00000000,0.000000,0.00,0,0.000000,N,N,N,N,0,0,0,0,0,"Natural Balance"
,100685,"Natural Balance Ultra Protein Dry Cat Food - Real Chicken - 10lb",Cats,Each,"Main Warehouse",1,0,1,,0,723633006859,,36.59,60.99,0.00000000,0.000000,0.00,0,0.000000,N,N,N,N,0,0,0,0,0,"Natural Balance"
,100687,"Natural Balance Ultra Protein Kitten Dry Cat Food 6lb",Cats,Each,"Main Warehouse",4,0,4,,0,723633006873,,27.59,45.99,0.00000000,0.000000,0.00,0,0.000000,N,N,N,N,0,0,0,0,0,"Natural Balance"
,100689,"Natural Balance Ultra Protein Dry Cat Food - Salmon - 6lb",Cats,Each,"Main Warehouse",1,0,1,,0,723633006897,,45.99,45.99,0.00000000,0.000000,0.00,0,0.000000,N,N,N,N,0,0,0,0,0,"Natural Balance"
,100690,"Natural Balance Ultra Protein Dry Cat Food - Salmon - 10lb",Cats,Each,"Main Warehouse",0,0,0,,0,723633006903,,42.69,60.99,0.00000000,0.000000,0.00,0,0.000000,N,N,N,N,0,0,0,0,0,"Natural Balance"
,100691,"Go! Benefit Chews Digestion+Gut Health Salmon 6OZ","Dog Treats",Each,"Main Warehouse",5,0,5,,0,815260006910,,12.99,12.99,7.00000000,0.000000,0.00,0,0.000000,N,N,N,N,0,0,0,0,0,GO!
,100691-1,"Go! Benefit Chews Digestion+Gut Health Salmon 6OZ FREE","Dog Treats",Each,"Main Warehouse",0,0,0,,0,,,0.00,0.00,0.00000000,0.000000,0.00,0,0.000000,N,N,N,N,0,0,0,0,0,GO!
,100693,"GO! Benefit Chews Skin+Coat Care Lamb 6OZ","Dog Treats",Each,"Main Warehouse",1,0,1,,0,815260006934,,12.99,12.99,7.00000000,0.000000,0.00,0,0.000000,N,N,N,N,0,0,0,0,0,GO!
,100693-1,"GO! Benefit Chews Skin+Coat Care Lamb 6OZ FREE","Dog Treats",Each,"Main Warehouse",0,0,0,,0,,,0.00,0.00,0.00000000,0.000000,0.00,0,0.000000,N,N,N,N,0,0,0,0,0,GO!
,100694,"GO! BenefitChews Weight Management +Joint Care Chicken 6OZ","Dog Treats",Each,"Main Warehouse",4,0,4,,0,815260006941,,12.99,12.99,7.00000000,0.000000,0.00,0,0.000000,N,N,N,N,0,0,0,0,0,GO!
,100694-1,"GO! BenefitChews Weight Management +Joint Care Chicken 6OZ  FREE","Dog Treats",Each,"Main Warehouse",0,0,0,,0,,,0.00,0.00,0.00000000,0.000000,0.00,0,0.000000,N,N,N,N,0,0,0,0,0,GO!
,100696,"Natural Balance Ultra Protein+ Wet Cat Food, Skin/Coat/Digestive Health-Salmon w/Pmpkn, Puree Topper","Cat Food Toppers",Each,"Main Warehouse",37,0,37,,0,723633006965,,3.39,3.39,0.00000000,0.000000,0.00,0,0.000000,N,N,N,N,0,0,0,0,0,"Natural Balance"
,100697,"Natural Balance Ultra Protein Wet Cat Food - Protein-Rich Organs Chicken Pate, 2.8 oz",Adult,Each,"Main Warehouse",17,0,17,,0,723633006972,,2.99,2.99,0.00000000,0.000000,0.00,0,0.000000,N,N,N,N,0,0,0,0,0,"Natural Balance"
,100698,"Natural Balance Ultra Protein Wet Cat Food, Duck, Protein-Rich Organs Pate, 2.8 oz",Adult,Each,"Main Warehouse",16,0,16,,0,723633006989,,2.99,2.99,0.00000000,0.000000,0.00,0,0.000000,N,N,N,N,0,0,0,0,0,"Natural Balance"
,100699,"Natural Balance Ultra Protein Wet Cat Food, Salmon, Protein-Rich Organs Pate, 2.8 oz",Adult,Each,"Main Warehouse",10,0,10,,0,723633006996,,2.99,2.99,0.00000000,0.000000,0.00,0,0.000000,N,N,N,N,0,0,0,0,0,"Natural Balance"
,100702,"Natural Balance Ultra Protein Wet Cat Food - Chicken Cuts in Gravy, 2.7oz",Adult,Each,"Main Warehouse",0,0,0,,0,723633007023,,3.79,3.79,0.00000000,0.000000,0.00,0,0.000000,N,N,N,N,0,0,0,0,0,"Natural Balance"
,100703,"Natural Balance Ultra Protein Wet Cat Food - Duck in Gravy, 2.7oz",Adult,Each,"Main Warehouse",0,0,0,,0,723633007030,,3.79,3.79,0.00000000,0.000000,0.00,0,0.000000,N,N,N,N,0,0,0,0,0,"Natural Balance"
,100704,"Natural Balance Ultra Protein Wet Cat Food - Real Salmon in Gravy, 2.7oz",Adult,Each,"Main Warehouse",1,0,1,,0,,,3.4075,3.79,0.00000000,0.000000,0.00,0,0.000000,N,N,N,N,0,0,0,0,0,"Natural Balance"
,100707,"Natural Balance Specialized Nutrition Sensitive Skin & Stomach Adult Wet Dog Food - Salmon & Rice",Dogs,Each,"Main Warehouse",13,0,13,,0,723633007078,,6.99,6.99,0.00000000,0.000000,0.00,0,0.000000,N,N,N,N,0,0,0,0,0,"Natural Balance"
,100708,"Natural Balance Specialized Nutrition Joint & Muscle Health Adult Wet Dog Food - Chicken & Rice",Dogs,Each,"Main Warehouse",52,0,52,,0,723633007085,,6.64,6.99,4.95000000,0.000000,0.00,0,0.000000,N,N,N,N,0,0,0,0,0,"Natural Balance"
,100709,"Natural Balance Specialized Nutrition Digestive & Immune Health Adult Wet Dog Food - Lamb & Rice",Dogs,Each,"Main Warehouse",24,0,24,,0,723633007092,,6.99,6.99,0.00000000,0.000000,0.00,0,0.000000,N,N,N,N,0,0,0,0,0,"Natural Balance"
,100714,"Natural Balance Sensitive Skin & Stomach Dry Dog Food - Salmon & Oatmeal Formula 22lb",Dogs,Each,"Main Warehouse",1,0,1,,0,723633007146,,119.99,119.99,0.00000000,0.000000,0.00,0,0.000000,N,N,N,N,0,0,0,0,0,"Natural Balance"
,100715,"Natural Balance Joint & Muscle Health Dry Dog Food - Chicken & Oatmeal Formula 3.5lb",Dogs,Each,"Main Warehouse",3,0,3,,0,723633007153,,28.99,28.99,0.00000000,0.000000,0.00,0,0.000000,N,N,N,N,0,0,0,0,0,"Natural Balance"
,100718,"Natural Balance Digestive & Immune Health Dry Dog Food - Lamb & Oatmeal Formula 22lb",Dogs,Each,"Main Warehouse",0,0,0,,0,723633007184,,119.99,119.99,0.00000000,0.000000,0.00,0,0.000000,N,N,N,N,0,0,0,0,0,"Natural Balance"
,100720,"Natural Balance Specialized Nutrition Digestive & Joint Health Chicken & Oatmeal Formula Small Breed Adult Dog Food 12lb",Dogs,Each,"Main Warehouse",2,0,2,,0,723633007207,,72.19,75.99,0.00000000,0.000000,0.00,0,0.000000,N,N,N,N,0,0,0,0,0,"Natural Balance"
,100747,"Himalayan Dog Chew Happy Teeth - Peanut Butter","Chews + Bones",Each,"Main Warehouse",0,0,0,,0,857164007471,,11.99,11.99,0.00000000,0.000000,0.00,0,0.000000,N,N,N,N,0,0,0,0,0,Himalayan
,100750,"Now Fresh Grain-Free Fish Recipe for Adult Cats - Trout, Salmon & Herring - 8lb",Cats,Each,"Main Warehouse",4,0,4,,0,815260007504,,59.99,59.99,0.00000000,0.000000,0.00,0,0.000000,N,N,N,N,0,0,0,0,0,"Now Fresh"
,100765,"Now Fresh Good Gravy Recipe for Adult Dogs - Salmon Coated in Bone Broth, 12lb",Dogs,Each,"Main Warehouse",0,0,0,,0,815260007658,,72.99,72.99,51.80000000,0.000000,0.00,0,0.000000,N,N,N,N,0,0,0,0,0,"Now Fresh"
,100768,"Now Fresh Good Gravy Recipe for Adult Dogs - Beef Coated in Bone Broth",Dogs,Each,"Main Warehouse",1,0,1,,0,815260007689,,111.99,111.99,79.51000000,0.000000,0.00,0,0.000000,N,N,N,N,0,0,0,0,0,"Now Fresh"
,100780,"Go! Digestion & Gut Health Salmon With Grains Recipe for Cats 6lb",Cats,Each,"Main Warehouse",2,0,2,,0,815260007801,,39.99,39.99,0.00000000,0.000000,0.00,0,0.000000,N,N,N,N,0,0,0,0,0,GO
,10080,"Tiki Cat Stix Variety Mega Jar Wet Cat Treats, 50-count",Cats,Each,"Main Warehouse",2,0,2,,0,693804100801,,56.99,56.99,0.00000000,0.000000,0.00,0,0.000000,N,N,N,N,0,0,0,0,0,"Tiki Cat"
,100821,"Go! Digestion & Gut Health Salmon With Grains Recipe for Cats 6lb",Cats,Each,"Main Warehouse",4,0,4,,0,815260008211,,39.99,39.99,29.80000000,0.000000,0.00,0,0.000000,N,N,N,N,0,0,0,0,0,GO
,100848,"Go! Solutions ​Dental Plus Immune Health Chicken & Salmon Recipe Adult Cat Food",Uncategorized,Each,"Main Warehouse",4,0,4,,0,815260008488,,42.99,42.99,0.00000000,0.000000,0.00,0,0.000000,N,N,N,N,0,0,0,0,0,
,101000,"Wunderball Single Mixed Colours Small",,Each,"Main Warehouse",0,0,0,,0,810139010005,,13.49,0.00,6.79000000,0.000000,0.00,0,0.000000,N,N,N,N,0,0,0,0,0,Wunderball
,101001,"Wunderball Single Mixed Colours Medium",,Each,"Main Warehouse",0,0,0,,0,810139010012,,15.99,15.99,8.03000000,0.000000,0.00,0,0.000000,N,N,N,N,0,0,0,0,0,Wunderball
,101002,"Wunderball Single Mixed Colours Large",,Each,"Main Warehouse",0,0,0,,0,810139010029,,18.49,18.49,9.26000000,0.000000,0.00,0,0.000000,N,N,N,N,0,0,0,0,0,Wunderball
,101022,"Hill's Science Diet® Urinary Hairball Control Adult Wet Cat Food - Savory Chicken - Minced, 5.5 oz",Cats,Each,"Main Warehouse",55,2,53,,0,052742010229,,3.79,3.79,2.62000000,0.000000,0.00,0,0.000000,N,N,N,N,0,0,0,0,0,"Hill's Science"
,101023,"Gooeez Lites - Socks Small",,Each,"Main Warehouse",0,0,0,,0,,,0.00,0.00,17.00000000,0.000000,0.00,0,0.000000,N,N,N,N,0,0,0,0,0,N/A
,101024,"Hill's Science Diet Sensitive Stomach & Skin Adult Wet Cat Food - Chicken & Vegetable - 2.9 oz",Cats,Each,"Main Warehouse",16,0,16,,0,052742010243,,3.19,3.19,0.00000000,0.000000,0.00,0,0.000000,N,N,N,N,0,0,0,0,0,"Hill's Science"
,101027,"Fresh Breath Water Additive Cat",,Each,"Main Warehouse",0,0,0,,0,,,0.00,0.00,0.00000000,0.000000,0.00,0,0.000000,N,N,N,N,0,0,0,0,0,FreshBreath
,101413,"Hill's Science Diet Perfect Weight Adult Cat Food - Roasted Vegetable & Chicken Medley - 2.9 oz",Cats,Each,"Main Warehouse",8,0,8,,0,052742014135,,3.19,3.19,0.00000000,0.000000,0.00,0,0.000000,N,N,N,N,0,0,0,0,0,"Hill's Science"
,101432,"ZippyPaws Donutz Strawberry",,Each,"Main Warehouse",2,0,2,,0,818786014322,,13.49,13.49,6.57000000,0.000000,0.00,0,0.000000,N,N,N,N,0,0,0,0,0,ZippyPaws
,101433,"ZippyPaws Donutz Blueberry",,Each,"Main Warehouse",0,0,0,,0,818786014339,,13.49,13.49,6.57000000,0.000000,0.00,0,0.000000,N,N,N,N,0,0,0,0,0,ZippyPaws
,101434,"ZippyPaws SmartyPaws Puzzler Interactive Toy",,Each,"Main Warehouse",0,0,0,,0,818786014346,,0.00,0.00,0.00000000,0.000000,0.00,0,0.000000,N,N,N,N,0,0,0,0,0,ZippyPaws
,101504,"Oven-Baked Tradition Dog Care Dental Adult Fish 20lb",Dogs,Each,"Main Warehouse",2,0,2,,0,669066015047,,99.99,99.99,0.00000000,0.000000,0.00,0,0.000000,N,N,N,N,0,0,0,0,0,"Oven Baked"
,101656,"XL Rectangle Pet Bed",,Each,"Main Warehouse",0,0,0,,0,688118016566,,45.99,45.99,40.00000000,0.000000,0.00,0,0.000000,N,N,N,N,0,0,0,0,0,ZippyPaws
,101658,"Round Pet Bed Light Grey",,Each,"Main Warehouse",0,0,0,,0,688118016580,,35.99,35.99,30.00000000,0.000000,0.00,0,0.000000,N,N,N,N,0,0,0,0,0,ZippyPaws
,101659,"Round Luxury Plush Pet Bed - Small","Cat Beds",Each,"Main Warehouse",1,0,1,,0,688118016597,,34.99,34.99,25.00000000,0.000000,0.00,0,0.000000,N,N,N,N,0,0,0,0,0,ZippyPaws
,101660,"Round Luxury Plush Pet Bed - Medium","Cat Beds",Each,"Main Warehouse",1,0,1,,0,688118016603,,40.99,40.99,30.00000000,0.000000,0.00,0,0.000000,N,N,N,N,0,0,0,0,0,ZippyPaws
,101661,"Round Luxury Plush Pet Bed - Large","Cat Beds",Each,"Main Warehouse",0,0,0,,0,688118016610,,54.99,54.99,40.00000000,0.000000,0.00,0,0.000000,N,N,N,N,0,0,0,0,0,ZippyPaws
,101709,"Plush Hooded Pet Bed",,Each,"Main Warehouse",0,0,0,,0,688118017099,,42.99,42.99,25.00000000,0.000000,0.00,0,0.000000,N,N,N,N,0,0,0,0,0,ZippyPaws
,101834,"Weruva Cat Pate Tic Tac Whoa Tuna & Salmon",,Each,"Main Warehouse",3,0,3,,0,813778018340,,2.79,2.365,1.68000000,0.000000,0.00,0,0.000000,N,N,N,N,0,0,0,0,0,Weruva
,101836,"Weruva Cat Pate Meal or No Deal Chicken & Beef",,Each,"Main Warehouse",4,0,4,,0,813778018364,,2.79,2.79,1.68000000,0.000000,0.00,0,0.000000,N,N,N,N,0,0,0,0,0,Weruva
,101839,"Weruva Cat Pate Press Your Lunch Chicken Dinner",,Each,"Main Warehouse",0,0,0,,0,813778018395,,2.79,0.00,1.68000000,0.000000,0.00,0,0.000000,N,N,N,N,0,0,0,0,0,Weruva
,101840,"ZippyPaws NomNomz Squeaker Toy Sushi",,Each,"Main Warehouse",6,0,6,,0,818786018405,,12.99,12.99,6.27000000,0.000000,0.00,0,0.000000,N,N,N,N,0,0,0,0,0,ZippyPaws
,101841,"ZippyPaws NomNomz Squeaker Toy Pineapple",,Each,"Main Warehouse",9,0,9,,0,818786018412,,12.99,12.99,6.27000000,0.000000,0.00,0,0.000000,N,N,N,N,0,0,0,0,0,ZippyPaws
,10190,"World's Best Cat Litter Multiple-Cat Lotus Blossom Scent Formula - 15lb","Cat Litter &amp; Litter Supplies",Each,"Main Warehouse",4,0,4,,0,840673101907,,32.49,32.49,27.70000000,0.000000,0.00,0,0.000000,N,N,N,N,0,0,0,0,0,"World's Best"
,10191,"Blue Buffalo® Basics™ Skin & Stomach Care Adult Wet Dog Food - Duck & Potato, 12.5 oz","Wet Dog Food",Each,"Main Warehouse",11,0,11,,0,840243101917,,4.79,4.79,3.12000000,0.000000,0.00,0,0.000000,N,N,N,N,0,0,0,0,0,"Blue Buffalo"
,101923,"ZippyPaws Happy Hour Rosé",,Each,"Main Warehouse",0,0,0,,0,818786019235,,8.09,11.99,7.18000000,0.000000,0.00,0,0.000000,N,N,N,N,0,0,0,0,0,ZippyPaws
,101972,"ZippyPaws Happy Hour Stout",,Each,"Main Warehouse",0,0,0,,0,818786019723,,14.99,12.75,7.18000000,0.000000,0.00,0,0.000000,N,N,N,N,0,0,0,0,0,ZippyPaws
,102016,"Nulo No Grain Added Duck & Lentil Indoor Cat 2.27 kg","Dry Cat Food",Each,"Main Warehouse",1,0,1,,0,811939020164,,40.97,36.99,23.86000000,0.000000,0.00,0,0.000000,N,N,N,N,0,0,0,0,0,Nulo
,102017,"Nulo FreeStyle Dry Cat & Kitten Food, Chicken & Cod Recipe - 12lb",,Each,"Main Warehouse",2,0,2,,0,,,0.00,0.00,46.86000000,0.000000,0.00,0,0.000000,N,N,N,N,0,0,0,0,0,Nulo
,102018,"Nulo No Grain Added Duck & Lentil Indoor Cat 5.44 kg","Dry Cat Food",Each,"Main Warehouse",5,0,5,,0,811939020188,,66.99,66.99,46.86000000,0.000000,0.00,0,0.000000,N,N,N,N,0,0,0,0,0,Nulo
,102040,"Nulo No Grain Added Salmon & Lentil Adult Trim 2.27 kg","Dry Cat Food",Each,"Main Warehouse",2,0,2,,0,811939020409,,32.99,32.99,23.86000000,0.000000,0.00,0,0.000000,N,N,N,N,0,0,0,0,0,Nulo
,102041,"Nulo No Grain Added Salmon & Lentil Adult Trim 5.44 kg","Dry Cat Food",Each,"Main Warehouse",1,0,1,,0,811939020416,,74.27,66.99,46.86000000,0.000000,0.00,0,0.000000,N,N,N,N,0,0,0,0,0,Nulo
,102044,"Nulo No Grain Added Trout & Salmon Pate","Wet Cat Food",Each,"Main Warehouse",88,0,88,,0,810125294501,,2.84,2.99,2.23000000,0.000000,0.00,0,0.000000,N,N,N,N,0,0,0,0,0,Nulo
,102046,"Nulo No Grain Added Duck & Tuna Pate 5.5 oz","Wet Cat Food",Each,"Main Warehouse",54,0,54,,0,810125294495,,2.99,2.99,2.23000000,0.000000,0.00,0,0.000000,N,N,N,N,0,0,0,0,0,Nulo
,102047,"Nulo Paté Cat & Kitten Wet Food - Chicken & Herring Recipe - 5.5oz",,Each,"Main Warehouse",31,0,31,,0,810125294488,,2.445,2.44,2.23000000,0.000000,0.00,0,0.000000,N,N,N,N,0,0,0,0,0,Nulo
,102062,"Rectangular Bed Charcoal, Medium - Waterproof",,Each,"Main Warehouse",1,0,1,,0,688118020624,,55.99,55.99,50.00000000,0.000000,0.00,0,0.000000,N,N,N,N,0,0,0,0,0,N/A
,102064,"Nulo FreeStyle Dry Cat & Kitten Food, Turkey & Duck Recipe - 12lb",,Each,"Main Warehouse",2,0,2,,0,,,0.00,0.00,46.86000000,0.000000,0.00,0,0.000000,N,N,N,N,0,0,0,0,0,Nulo
,102088,"Nulo Minced - Beef & Mackerel Cat & Kitten Wet Food, Grain Free, 2.8 Oz",,Each,"Main Warehouse",11,0,11,,0,,,2.43,2.15,1.66000000,0.000000,0.00,0,0.000000,N,N,N,N,0,0,0,0,0,Nulo
,102096,"Nulo Shredded Cat & Kitten Wet Food - Beef & Rainbow Trout Recipe",,Each,"Main Warehouse",12,0,12,,0,,,2.49,2.12,1.66000000,0.000000,0.00,0,0.000000,N,N,N,N,0,0,0,0,0,Nulo
,102103,"Nulo Paté Cat & Kitten Wet Food - Salmon & Mackerel Recipe",Cats,Each,"Main Warehouse",24,0,24,,0,810125294532,,4.99,4.99,3.33000000,0.000000,0.00,0,0.000000,N,N,N,N,0,0,0,0,0,Nulo
,102104,"Hill's® Science Diet Sensitive Stomach & Skin Adult Wet Dog Food - Turkey & Rice, 12.5 oz",Dogs,Each,"Main Warehouse",6,0,6,,0,052742021041,,5.19,5.19,0.00000000,0.000000,0.00,0,0.000000,N,N,N,N,0,0,0,0,0,"Hill's Science"
,102105,"Nulo Grain-Free Puppy & Adult Turkey 1.81 kg","Dry Dog Food",Each,"Main Warehouse",1,0,1,,0,811939021055,,34.99,0.00,23.83000000,0.000000,0.00,0,0.000000,N,N,N,N,0,0,0,0,0,Nulo
,102111,"Nulo Grain-Free Puppy & Adult Turkey 9.98 kg","Dry Dog Food",Each,"Main Warehouse",1,0,1,,0,811939021116,,116.99,0.00,82.56000000,0.000000,0.00,0,0.000000,N,N,N,N,0,0,0,0,0,Nulo
,102130,"Nulo Beef Jerky Dog Treats","Dog Treats",Each,"Main Warehouse",0,0,0,,0,811939021307,,13.67,15.19,10.55000000,0.000000,0.00,0,0.000000,N,N,N,N,0,0,0,0,0,Nulo
,102131,"Nulo Slamon Jerky Dog Treats","Dog Treats",Each,"Main Warehouse",0,0,0,,0,811939021314,,15.19,15.19,10.55000000,0.000000,0.00,0,0.000000,N,N,N,N,0,0,0,0,0,Nulo
,102235,"Nulo Grain-Free Alaska Pollock & Lentil Puppy & Adult 1.81 kg","Dry Dog Food",Each,"Main Warehouse",3,0,3,,0,811939022359,,31.99,0.00,23.83000000,0.000000,0.00,0,0.000000,N,N,N,N,0,0,0,0,0,Nulo
,102237,"Nulo Grain-Free Alaska Pollock & Lentil Puppy & Adult 9.98 kg","Dry Dog Food",Each,"Main Warehouse",1,0,1,,0,811939022373,,118.99,0.00,86.17000000,0.000000,0.00,0,0.000000,N,N,N,N,0,0,0,0,0,Nulo
,102238,"Nulo Freestyle Turkey & Cod Hairball Management 2.27 kg","Dry Cat Food",Each,"Main Warehouse",1,0,1,,0,811939022380,,37.49,29.99,24.82000000,0.000000,0.00,0,0.000000,N,N,N,N,0,0,0,0,0,Nulo
,102239,"Nulo Freestyle Turkey & Cod Hairball Management 5.44 kg","Dry Cat Food",Each,"Main Warehouse",3,0,3,,0,811939022397,,73.99,66.99,49.14000000,0.000000,0.00,0,0.000000,N,N,N,N,0,0,0,0,0,Nulo
,102241,"Nulo FreeStyle Dry Senior Cat Food, Alaska Pollock, Duck & Sweet Potato Recipe - 12lb",,Each,"Main Warehouse",1,0,1,,0,,,54.36,54.36,49.14000000,0.000000,0.00,0,0.000000,N,N,N,N,0,0,0,0,0,Nulo
,10282,"Nutram Total Grain-Free All Life Stages T22","Dry Cat Food",Each,"Main Warehouse",4,0,4,,0,067714102826,,74.99,74.99,0.00000000,0.000000,0.00,0,0.000000,N,N,N,Y,0,0,0,0,0,Nutram
,104144,"Hill's Science Diet Perfect Digestion Adult Wet Dog Food - Chicken, Vegetable & Rice Stew, 12.8 oz",Dogs,Each,"Main Warehouse",4,0,4,,0,052742041445,,5.19,5.19,0.00000000,0.000000,0.00,0,0.000000,N,N,N,N,0,0,0,0,0,"Hill's Science"
,104160,"Hill's Science Diet Adult Perfect Digestion Chicken, Vegetable & Rice Stew Canned Cat Food - 2.9 oz",Cats,Each,"Main Warehouse",43,0,43,,0,052742041605,,3.19,3.19,0.00000000,0.000000,0.00,0,0.000000,N,N,N,N,0,0,0,0,0,"Hill's Science"
,10538,"FirstMate Dog Grain Free Pacific Ocean Fish Original - 1Lb","Dry Dog Food",Each,"Main Warehouse",7,0,7,,0,072318105388,,6.99,6.99,4.99000000,0.000000,0.00,0,0.000000,N,N,N,N,0,0,0,0,0,FirstMate
,106054,"Hill's Science Diet Perfect Weight Adult Dry Dog Food - Chicken - 25lb",Dogs,Each,"Main Warehouse",1,0,1,,0,052742080734,,106.24,124.99,94.44000000,0.000000,0.00,0,0.000000,N,N,N,N,0,0,0,0,0,"Hill's Science"
,107187,"Hill's Science Diet, Large Breed Adult Dry Dog Food - Lamb & Brown Rice, 33lb",Dogs,Each,"Main Warehouse",0,0,0,,0,052742071879,,122.99,122.99,0.00000000,0.000000,0.00,0,0.000000,N,N,N,N,0,0,0,0,0,"Hill's Science"
,107209,"Hill's® Science Diet® Adult Senior 7+ Dry Cat Food - Chicken 4lb",Cats,Each,"Main Warehouse",4,0,4,,0,052742072098,,65.99,65.99,0.00000000,0.000000,0.00,0,0.000000,N,N,N,N,0,0,0,0,0,"Hill's Science"
,107372,"Hill's Science Diet Adult Sensitive Stomach & Skin Dog Food - 30lb",Dogs,Each,"Main Warehouse",2,0,2,,0,052742073729,,109.24,114.99,0.00000000,0.000000,0.00,0,0.000000,N,N,N,N,0,0,0,0,0,"Hill's Science"
,107385,"Hill's Science Small & Mini Senior 7+ Dry Dog Food - Chicken & Brown Rice - 4.5lb",Dogs,Each,"Main Warehouse",3,0,3,,0,052742073859,,38.99,38.99,0.00000000,0.000000,0.00,0,0.000000,N,N,N,N,0,0,0,0,0,"Hill's Science"
,107610,"Hill's Science Diet Adult 1-6 Cat Food - Chicken Recipe - 4lb",Cats,Each,"Main Warehouse",2,0,2,,0,052742076102,,42.99,42.99,0.00000000,0.000000,0.00,0,0.000000,N,N,N,N,0,0,0,0,0,"Hill's Science"
,107627,"Hill's Science Diet Small & Mini Adult Dry Dog Food - Chicken & Brown Rice - 4.5lb",Dogs,Each,"Main Warehouse",3,0,3,,0,052742076270,,10.44,38.99,24.66000000,0.000000,0.00,0,0.000000,N,N,N,N,0,0,0,0,0,"Hill's Science"
,108780,"Oven-Baked Tradition Chicken Breast with Sweet Potato Entree Wet Dog Food 5.5oz","Dog Food Toppers",Each,"Main Warehouse",24,0,24,,0,669066087808,,4.49,4.49,0.00000000,0.000000,0.00,0,0.000000,N,N,N,N,0,0,0,0,0,"Oven Baked"
,108781,"Oven-Baked Tradition Tuna with Glucosamine Entree Dog Food Topper",Dogs,Each,"Main Warehouse",22,0,22,,0,669066087815,,3.79,3.79,2.65300000,0.000000,0.00,0,0.000000,N,N,N,N,0,0,0,0,0,"Oven Baked"
,109,"World's Best Multiple Cat Scented Clumping Litter - 7Lb",,Each,"Main Warehouse",0,0,0,,0,,,0.00,0.00,0.00000000,0.000000,0.00,0,0.000000,N,N,N,N,0,0,0,0,0,"World's Best"
,109606,"Oven-Baked Tradition Dog Care Urinary Adult GF Duck 20lb",Dogs,Each,"Main Warehouse",2,0,2,,0,669066096060,,113.99,113.99,0.00000000,0.000000,0.00,0,0.000000,N,N,N,N,0,0,0,0,0,"Oven Baked"
,109609,"Oven-Baked Tradition Dog Care Sensitive Stomach, Skin & Coat Adult GF Fish 20lb",Dogs,Each,"Main Warehouse",2,0,2,,0,669066096091,,113.99,113.99,0.00000000,0.000000,0.00,0,0.000000,N,N,N,N,0,0,0,0,0,"Oven Baked"
,109639,"Oven-Baked Tradition Dog Large Breed, Lamb - 25 lb",Dogs,Each,"Main Warehouse",1,0,1,,0,669066096398,,93.99,93.99,0.00000000,0.000000,0.00,0,0.000000,N,N,N,N,0,0,0,0,0,"Oven Baked"
,109820,"Oven-Baked Tradition Dog GF Duck 23 lb",Dogs,Each,"Main Warehouse",2,0,2,,0,669066098200,,112.99,112.99,0.00000000,0.000000,0.00,0,0.000000,N,N,N,N,0,0,0,0,0,"Oven Baked"
,110011,"Kong Goodie Bone - Average Chewers - Medium","Chews + Bones",Each,"Main Warehouse",0,0,0,,0,,,22.49,22.49,0.00000000,0.000000,0.00,0,0.000000,N,N,N,N,0,0,0,0,0,Kong
,110012,"Kong Goodie Bone - Tough Rubber - Medium","Chews + Bones",Each,"Main Warehouse",0,0,0,,0,,,18.49,18.49,0.00000000,0.000000,0.00,0,0.000000,N,N,N,N,0,0,0,0,0,Kong
,11034,"Tiki Cat After Dark Pate+ Cat Food - Variety Pack",Cats,Each,"Main Warehouse",0,0,0,,0,693804110343,,35.49,35.49,25.80000000,0.000000,0.00,0,0.000000,N,N,N,N,0,0,0,0,0,"Tiki Cat"
,11363,"Tiki Cat Born Carnivore Broths - Variety Pack","Cat Food Toppers",Each,"Main Warehouse",9,0,9,,0,693804113634,,24.99,24.99,15.24000000,0.000000,0.00,0,0.000000,N,N,N,N,0,0,0,0,0,"Tiki Cat"
,11412,"Fromm Dog Four-Star Grain Free Beef Frittata Veg - 5.4kg","Dry Dog Food",Each,"Main Warehouse",2,0,2,,0,072705114122,,69.99,69.99,0.00000000,0.000000,0.00,0,0.000000,N,N,N,Y,0,0,0,0,0,Fromm
,11524,"Blue Buffalo Tastefuls Sensitive Stomach Chicken Adult Dry Cat Food 15LB",Adult,Each,"Main Warehouse",1,0,1,,0,840243115242,,71.99,71.99,48.50000000,0.000000,0.00,0,0.000000,N,N,N,N,0,0,0,0,0,"Blue Buffalo"
,121212,"Pongo's Fully Loaded Cat Christmas Stocking - Standard",Cats,Each,"Main Warehouse",9,0,9,,0,,,54.99,94.00,0.00000000,0.000000,0.00,0,0.000000,N,N,N,N,0,0,0,0,0,
,122022,"FirstMate Cage-Free Chicken Formula Cat Food 5.5oz",Cats,Each,"Main Warehouse",43,0,43,,0,072318220227,,3.09,3.09,0.00000000,0.000000,0.00,0,0.000000,N,N,N,N,0,0,0,0,0,FirstMate
,122067,"FirstMate Cage-free Chicken & Rice Formula for Cats 5.5oz",Cats,Each,"Main Warehouse",54,0,54,,0,072318220678,,3.79,3.79,0.00000000,0.000000,0.00,0,0.000000,N,N,N,N,0,0,0,0,0,FirstMate
,12240,"Open Farm Chicken & Turkey Grain-Free Kitten Kibble - 2lb",Cats,Each,"Main Warehouse",1,0,1,,0,683547122406,,18.99,18.99,12.59000000,0.000000,0.00,0,0.000000,N,N,N,N,0,0,0,0,0,"Open Farm"
,12241,"Open Farm Chicken & Turkey Grain-Free Kitten Kibble - 4lb",Cats,Each,"Main Warehouse",1,0,1,,0,683547122413,,35.99,35.99,23.79000000,0.000000,0.00,0,0.000000,N,N,N,N,0,0,0,0,0,"Open Farm"
,12321,"Open Farm Grain Free Homestead Turkey & Chicken Cat Food 4lb",Cats,Each,"Main Warehouse",2,0,2,,0,628451123217,,32.99,32.99,23.26000000,0.000000,0.00,0,0.000000,N,N,N,N,0,0,0,0,0,"Open Farm"
,12322,"Open Farm Grain Free Catch of the Season Whitefish Cat Food - 4lb",Cats,Each,"Main Warehouse",2,0,2,,0,628451123224,,34.99,34.99,24.68000000,0.000000,0.00,0,0.000000,N,N,N,N,0,0,0,0,0,"Open Farm"
,12323,"Open Farm Grain Free Pasture-Raise Lamb Cat Food",Cats,Each,"Main Warehouse",2,0,2,,0,628451123231,,37.99,37.99,26.78000000,0.000000,0.00,0,0.000000,N,N,N,N,0,0,0,0,0,"Open Farm"
,12324,"Open Farm Grain Free Wild-Caught Salmon Cat Food - 4lb",Cats,Each,"Main Warehouse",2,0,2,,0,628451123248,,37.99,37.99,26.78000000,0.000000,0.00,0,0.000000,N,N,N,N,0,0,0,0,0,"Open Farm"
,12327,"Open Farm Grain Free Catch of the Season Whitefish Cat Food - 8lb",Cats,Each,"Main Warehouse",2,0,2,,0,628451123279,,59.99,59.99,42.29000000,0.000000,0.00,0,0.000000,N,N,N,N,0,0,0,0,0,"Open Farm"
,12329,"Open Farm Grain Free Wild-Caught Salmon Cat Food - 8lb",Cats,Each,"Main Warehouse",2,0,2,,0,628451123293,,61.99,61.99,43.70000000,0.000000,0.00,0,0.000000,N,N,N,N,0,0,0,0,0,"Open Farm"
,124111,"Weruva Pumpkin Patch Up Ginger & Tumeric 1.05oz","Wet Dog Food",Each,"Main Warehouse",19,0,19,,0,810028241114,,1.29,1.29,0.00000000,0.000000,0.00,0,0.000000,N,N,N,N,0,0,0,0,0,Weruva
,124114,"Weruva Pumpkin Patch Up Ginger & Tumeric",,Each,"Main Warehouse",3,0,3,,0,810028241145,,2.19,2.19,1.37000000,0.000000,0.00,0,0.000000,N,N,N,N,0,0,0,0,0,Weruva
,124117,"Weruva Pumpkin Patch Up Coconut Oil & Flaxseed 1.05oz","Wet Dog Food",Each,"Main Warehouse",108,3,105,,0,810028241176,,1.29,1.29,0.00000000,0.000000,0.00,0,0.000000,N,N,N,N,0,0,0,0,0,Weruva
,124120,"Weruva Pumpkin Patch Up Coconut Oil & Flaxseed",,Each,"Main Warehouse",15,0,15,,0,810028241206,,2.08,2.19,16.44000000,0.000000,0.00,0,0.000000,N,N,N,N,0,0,0,0,0,Weruva
,124123,"Weruva Pumpkin Patch Up Variety Pack","Wet Dog Food",Each,"Main Warehouse",2,0,2,,0,810028241237,,26.29,0.00,16.52000000,0.000000,0.00,0,0.000000,N,N,N,N,0,0,0,0,0,Weruva
,124187,"Meow You Doing Variety Pack","Wet Cat Food",Each,"Main Warehouse",0,0,0,,0,810028241879,,29.99,0.00,19.86000000,0.000000,0.00,0,0.000000,N,N,N,N,0,0,0,0,0,Weruva
,124194,"Weruva Seafood & Eat It Variety Pack","Wet Cat Food",Each,"Main Warehouse",2,0,2,,0,810028241947,,29.99,0.00,19.86000000,0.000000,0.00,0,0.000000,N,N,N,N,0,0,0,0,0,Weruva
,12535,"Open Farm Harvest Chicken & Ancient Grains Dry Dog Food - 22LB",Dogs,Each,"Main Warehouse",1,0,1,,0,683547125353,,69.15,103.99,74.35000000,0.000000,0.00,0,0.000000,N,N,N,N,0,0,0,0,0,"Open Farm"
,12537,"open Farm Pasture-Raised Lamb & Ancient Grains Dog Kibble - 11LB",Dogs,Each,"Main Warehouse",2,0,2,,0,683547125377,,72.99,72.99,47.19000000,0.000000,0.00,0,0.000000,N,N,N,N,0,0,0,0,0,"open Farm"
,12538,"open Farm Pasture-Raised Lamb & Ancient Grains Dog Kibble - 22LB",Dogs,Each,"Main Warehouse",2,0,2,,0,683547125384,,109.99,109.99,73.84000000,0.000000,0.00,0,0.000000,N,N,N,N,0,0,0,0,0,"open Farm"
,12540,"Open Farm Wild Salmon with Ancient Grains dog food - 11LB",Dogs,Each,"Main Warehouse",2,0,2,,0,683547125407,,72.99,72.99,52.19000000,0.000000,0.00,0,0.000000,N,N,N,N,0,0,0,0,0,"Open Farm"
,12541,"Open Farm Wild Salmon with Ancient Grains dog food - 22LB",Dogs,Each,"Main Warehouse",1,0,1,,0,683547125414,,103.99,103.99,70.35000000,0.000000,0.00,0,0.000000,N,N,N,N,0,0,0,0,0,"Open Farm"
,12574,"Open Farm Catch-of-the-Season Whitefish & Ancient Grains Dry Dog Food 22LB",Dogs,Each,"Main Warehouse",2,0,2,,0,683547125742,,103.99,103.99,74.35000000,0.000000,0.00,0,0.000000,N,N,N,N,0,0,0,0,0,"Open Farm"
,12576,"Open Farm Farmer's Table Pork & Ancient Grains Dry Dog Food - 11lb",Dogs,Each,"Main Warehouse",1,0,1,,0,,,64.99,64.99,0.00000000,0.000000,0.00,0,0.000000,N,N,N,N,0,0,0,0,0,"Open Farm"
,12577,"Open Farm Farmer's Table Pork & Ancient Grains Dry Dog Food",Dogs,Each,"Main Warehouse",1,0,1,,0,683547125773,,104.99,104.99,0.00000000,0.000000,0.00,0,0.000000,N,N,N,N,0,0,0,0,0,"Open Farm"
,12780,"Tiki Cat Born Carnivore Complements - Variety Pack","Cat Food Toppers",Each,"Main Warehouse",3,0,3,,0,693804127808,,29.99,29.99,0.00000000,0.000000,0.00,0,0.000000,N,N,N,N,0,0,0,0,0,"Tiki Cat"
,12821,"Open Farm Homestead Turkey & Chicken Grain-Free Dog Kibble - 11LB",Dogs,Each,"Main Warehouse",1,0,1,,0,683547128217,,64.99,64.99,46.47000000,0.000000,0.00,0,0.000000,N,N,N,N,0,0,0,0,0,"Open Farm"
,12822,"Open Farm Homestead Turkey & Chicken Grain-Free Dog Kibble - 22LB",Dogs,Each,"Main Warehouse",1,0,1,,0,683547128224,,113.99,113.99,81.50000000,0.000000,0.00,0,0.000000,N,N,N,N,0,0,0,0,0,"Open Farm"
,12831,"Open Farm Grain Free Farmer's Table Pork & Root Vegetable - 11lb",Dogs,Each,"Main Warehouse",4,0,4,,0,683547128316,,61.74,64.99,46.47000000,0.000000,0.00,0,0.000000,N,N,N,N,0,0,0,0,0,"Open Farm"
,12832,"Open Farm Grain Free Farmer's Table Pork & Root Vegetable - 22lb",Dogs,Each,"Main Warehouse",1,0,1,,0,683547128323,,117.99,117.99,81.50000000,0.000000,0.00,0,0.000000,N,N,N,N,0,0,0,0,0,"Open Farm"
,12841,"Open Farm Grain Free Catch of the Season Whitefish Recipe - 11Lb",Dogs,Each,"Main Warehouse",1,0,1,,0,683547128415,,68.99,68.99,49.33000000,0.000000,0.00,0,0.000000,N,N,N,N,0,0,0,0,0,"Open Farm"
,12842,"Open Farm Grain Free Catch of the Season Whitefish Recipe","Dry Dog Food",Each,"Main Warehouse",2,0,2,,0,683547128422,,115.99,115.99,90.42000000,0.000000,0.00,0,0.000000,N,N,N,N,0,0,0,0,0,"Open Farm"
,12850,"Open Farm Grass-Fed Beef & Ancient Grains Dog Kibble - 22LB",Dogs,Each,"Main Warehouse",1,0,1,,0,683547125803,,109.99,109.99,80.18000000,0.000000,0.00,0,0.000000,N,N,N,N,0,0,0,0,0,"Open Farm"
,12851,"Open Farm Grain Free Pastured-Raised Lamb Recipe - 11lb",Dogs,Each,"Main Warehouse",1,0,1,,0,683547128514,,64.99,64.99,50.04000000,0.000000,0.00,0,0.000000,N,N,N,N,0,0,0,0,0,"Open Farm"
,12852,"Open Farm Grain Free Pastured-Raised Lamb Recipe - 22lb",Dogs,Each,"Main Warehouse",1,0,1,,0,683547128521,,117.99,117.99,84.36000000,0.000000,0.00,0,0.000000,N,N,N,N,0,0,0,0,0,"Open Farm"
,12861,"Open Farm Grain Free Wild-Caught Salmon Recipe - 11lb",Dogs,Each,"Main Warehouse",1,0,1,,0,683547128613,,68.99,68.99,49.33000000,0.000000,0.00,0,0.000000,N,N,N,N,0,0,0,0,0,"Open Farm"
,12862,"Open Farm Grain Free Wild-Caught Salmon Recipe - 22lb",Dogs,Each,"Main Warehouse",1,0,1,,0,683547128620,,117.99,117.99,84.36000000,0.000000,0.00,0,0.000000,N,N,N,N,0,0,0,0,0,"Open Farm"
,12871,"Open Farm Grain Free Grass-Fed Beef Recipe - 11LB",Dogs,Each,"Main Warehouse",1,0,1,,0,683547128712,,69.99,69.99,50.04000000,0.000000,0.00,0,0.000000,N,N,N,N,0,0,0,0,0,"Open Farm"
,12872,"Open Farm Grain Free Grass-Fed Beef Recipe - 22LB",Dogs,Each,"Main Warehouse",1,0,1,,0,683547128729,,118.99,118.99,85.08000000,0.000000,0.00,0,0.000000,N,N,N,N,0,0,0,0,0,"Open Farm"
,129019,"Nulo GF Chicken and Beef Recipe 6oz",,Each,"Main Warehouse",16,0,16,,0,,,0.00,0.00,3.19000000,0.000000,0.00,0,0.000000,N,N,N,N,0,0,0,0,0,Nulo
,12942,"Open Farm Wild Ocean Grain Free RawMix for Dogs - 20lb","Dog Freeze Dried",Each,"Main Warehouse",1,0,1,,0,683547129429,,126.99,126.99,90.79000000,0.000000,0.00,0,0.000000,N,N,N,N,0,0,0,0,0,"Open Farm"
,12980,"RawMix Open Prairie Grain-Free Cat Kibble - 2.2LB",Cats,Each,"Main Warehouse",2,0,2,,0,683547129801,,25.64,26.99,17.62000000,0.000000,0.00,0,0.000000,N,N,N,N,0,0,0,0,0,
,12981,"Open Farm Wild Ocean Grain-Free RawMix for Cats 8LB - 2.25Lb",Cats,Each,"Main Warehouse",2,0,2,,0,683547129818,,27.99,27.99,0.00000000,0.000000,0.00,0,0.000000,N,N,N,N,0,0,0,0,0,"Open Farm"
,12990,"RawMix Open Prairie Grain-Free Cat Kibble 8lb",Cats,Each,"Main Warehouse",4,0,4,,0,683547129900,,66.99,66.99,0.00000000,0.000000,0.00,0,0.000000,N,N,N,Y,0,0,0,0,0,"Royal Canin"
,12991,"Open Farm Wild Ocean Grain-Free RawMix for Cats 8LB - 8Lb","Dog Freeze Dried",Each,"Main Warehouse",2,0,2,,0,683547129917,,59.99,59.99,42.82000000,0.000000,0.00,0,0.000000,N,N,N,N,0,0,0,0,0,"Open Farm"
,131313,"Pongo's Fully Loaded Cat Christmas Stocking - Deluxe",Cats,Each,"Main Warehouse",36,0,36,,0,,,84.99,140.00,0.00000000,0.000000,0.00,0,0.000000,N,N,N,N,0,0,0,0,0,
,13188,"Zignature Limited Ingredient Small Bites Zssential Formula - Multi-Protein",Dogs,Each,"Main Warehouse",0,0,0,,0,,,24.69,24.69,0.00000000,0.000000,0.00,0,0.000000,N,N,N,N,0,0,0,0,0,Zignature
,13347,"Fussie Cat Goat Milk Gravy Wet Food - Tuna with Chicken 2.47oz","Wet Cat Food",Each,"Main Warehouse",27,0,27,,0,888641133475,,2.99,2.99,2.16000000,0.000000,0.00,0,0.000000,N,N,N,N,0,0,0,0,0,"Fussie Cat"
,13349,"Fussie Cat Goat Milk Gravy Wet Food - Tuna with Salmon","Cat Food Toppers",Each,"Main Warehouse",75,0,75,,0,888641133499,,2.69,3.19,2.19000000,0.000000,0.00,0,0.000000,N,N,N,Y,0,0,0,0,0,"Fussie Cat"
,13352,"Fussie Cat Goat Milk Gravy Wet Food - Tuna with Small Anchovies","Cat Food Toppers",Each,"Main Warehouse",60,0,60,,0,888641133529,,2.99,3.19,2.19000000,0.000000,0.00,0,0.000000,N,N,N,Y,0,0,0,0,0,"Fussie Cat"
,13356,"Fussie Cat Goat Milk Gravy Wet Food - Tuna with Ocean Fish","Cat Food Toppers",Each,"Main Warehouse",56,0,56,,0,888641133567,,2.99,3.19,2.19000000,0.000000,0.00,0,0.000000,N,N,N,Y,0,0,0,0,0,"Fussie Cat"
,135105,"Zignature Dog Soft Moist Treats Duck","Dog Treats",Each,"Main Warehouse",4,0,4,,0,810138351055,,8.99,8.99,4.99000000,0.000000,0.00,0,0.000000,N,N,N,N,0,0,0,0,0,Zignature
,135106,"Zignature Dog Soft Moist Treats Kangaroo","Dog Treats",Each,"Main Warehouse",7,0,7,,0,810138351062,,8.99,8.99,4.99000000,0.000000,0.00,0,0.000000,N,N,N,N,0,0,0,0,0,Zignature
,135108,"Zignature Dog Soft Moist Treats Pork","Dog Treats",Each,"Main Warehouse",13,0,13,,0,810138351086,,8.99,8.54,4.99000000,0.000000,0.00,0,0.000000,N,N,N,N,0,0,0,0,0,Zignature
,135109,"Zignature Dog Soft Moist Treats Salmon","Dog Treats",Each,"Main Warehouse",1,0,1,,0,810138351093,,8.99,4.85,4.99000000,0.000000,0.00,0,0.000000,N,N,N,N,0,0,0,0,0,Zignature
,135110,"Zignature Dog Soft Moist Treats Trout","Dog Treats",Each,"Main Warehouse",7,0,7,,0,810138351109,,8.99,8.99,4.99000000,0.000000,0.00,0,0.000000,N,N,N,N,0,0,0,0,0,Zignature
,135111,"Zignature Dog Soft Moist Treats Turkey","Dog Treats",Each,"Main Warehouse",5,0,5,,0,810138351116,,8.99,8.99,4.99000000,0.000000,0.00,0,0.000000,N,N,N,N,0,0,0,0,0,Zignature
,135112,"Zignature Dog Soft Moist Treats Venison","Dog Treats",Each,"Main Warehouse",8,0,8,,0,810138351123,,8.99,8.99,4.99000000,0.000000,0.00,0,0.000000,N,N,N,N,0,0,0,0,0,Zignature
,135113,"Zignature Dog Soft Moist Treats Whitefish","Dog Treats",Each,"Main Warehouse",10,0,10,,0,810138351130,,8.99,8.99,4.99000000,0.000000,0.00,0,0.000000,N,N,N,N,0,0,0,0,0,Zignature
,135174,"Zignature Dog Puppy Multi-Protein - 4lb",,Each,"Main Warehouse",2,0,2,,0,810138351741,,13.19,18.69,15.39000000,0.000000,0.00,0,0.000000,N,N,N,N,0,0,0,0,0,Zignature
,135175,"Zignature Dog Puppy Multi-Protein - 12.5lb",,Each,"Main Warehouse",2,0,2,,0,810138351758,,33.29,47.16,38.50000000,0.000000,0.00,0,0.000000,N,N,N,N,0,0,0,0,0,Zignature
,135184,"Zignature Dog Puppy Multi-Protein Wet Food",,Each,"Main Warehouse",11,0,11,,0,810138351840,,5.49,5.49,3.81000000,0.000000,0.00,0,0.000000,N,N,N,N,0,0,0,0,0,Zignature
,13614,"Fussie Cat Tuna with Salmon Purée 4 count","Cat Treats",Each,"Main Warehouse",17,0,17,,0,888641136124,,3.99,3.99,2.83000000,0.000000,0.00,0,0.000000,N,N,N,N,0,0,0,0,0,"Fussie Cat"
,13618,"Fussie Cat Tuna with Shrimp Purée 4 count","Cat Treats",Each,"Main Warehouse",15,0,15,,0,888641136162,,3.99,3.99,2.83000000,0.000000,0.00,0,0.000000,N,N,N,N,0,0,0,0,0,"Fussie Cat"
,13622,"Fussie Cat Tuna with Chicken Puree Cat Treats, 4-count","cat soft treats",Each,"Main Warehouse",17,0,17,,0,888641136209,,4.99,4.99,2.83000000,0.000000,0.00,0,0.000000,N,N,N,N,0,0,0,0,0,"Fussie Cat"
,13628,"Fussie Cat Tuna with Oceanfish Purée 4 count","Cat Treats",Each,"Main Warehouse",16,0,16,,0,888641136285,,3.99,3.99,2.83000000,0.000000,0.00,0,0.000000,N,N,N,N,0,0,0,0,0,"Fussie Cat"
,13638,"Fussie Cat Chicken with Duck Purée, 4 count","Cat Treats",Each,"Main Warehouse",16,0,16,,0,888641136377,,3.99,3.99,2.83000000,0.000000,0.00,0,0.000000,N,N,N,N,0,0,0,0,0,"Fussie Cat"
,137041,"Stella&Chewys Dog Raw Coated Kibble Beef for Small Breed","Dry Dog Food",Each,"Main Warehouse",0,0,0,,0,810027370419,,59.49,59.49,40.95000000,0.000000,0.00,0,0.000000,N,N,N,N,0,0,0,0,0,Stella&Chewy
,137051,"Stella&Chewy Maries Magic Dinner Dust Salmon & Chicken",,Each,"Main Warehouse",5,0,5,,0,810027370518,,20.29,28.99,20.87000000,0.000000,0.00,0,0.000000,N,N,N,N,0,0,0,0,0,Stella&Chewy
,137060,"Stella&Chewy Cat RawCoated Cagefree Duck",,Each,"Main Warehouse",0,0,0,,0,810027370600,,27.19,27.19,22.53000000,0.000000,0.00,0,0.000000,N,N,N,N,0,0,0,0,0,Stella&Chewy
,137062,"Stella&Chewy Cat Raw Blend Wild Caught Fish",,Each,"Main Warehouse",5,0,5,,0,810027370624,,44.99,0.00,31.54000000,0.000000,0.00,0,0.000000,N,N,N,N,0,0,0,0,0,Stella&Chewy
,137067,"Stella&Chewy Maries Magic Dinner Dust Cage Free Chicken","Cat Freeze Dried Food",Each,"Main Warehouse",6,0,6,,0,810027370679,,29.99,0.00,20.87000000,0.000000,0.00,0,0.000000,N,N,N,N,0,0,0,0,0,Stella&Chewy
,137258,"Stella & Chewy Solutions Digestive Boost Grass- Fed Beef  4.25oz","Dry Dog Food",Each,"Main Warehouse",0,0,0,,0,810027372581,,19.99,19.99,13.98000000,0.000000,0.00,0,0.000000,N,N,N,N,0,0,0,0,0,Stella&Chewy
,137315,"Stella&Chewy Cat RawCoated Kitten - 2.5lb","Cat Freeze Dried Food",Each,"Main Warehouse",0,0,0,,0,810027373151,,13.19,13.19,15.23000000,0.000000,0.00,0,0.000000,N,N,N,N,0,0,0,0,0,Stella&Chewy
,137316,"Stella&Chewy Cat RawCoated Kitten - 5lb",,Each,"Main Warehouse",0,0,0,,0,810027373168,,31.99,0.00,22.37000000,0.000000,0.00,0,0.000000,N,N,N,N,0,0,0,0,0,Stella&Chewy
,137376,"Cat FD Sea-Licious Salmon and Cod Morsels 18oz",,Each,"Main Warehouse",2,0,2,,0,810027373762,,59.99,0.00,42.98000000,0.000000,0.00,0,0.000000,N,N,N,N,0,0,0,0,0,Stella&Chewy
,13925,"Fussie Cat Oceanfish Purée 4 count","Cat Treats",Each,"Main Warehouse",18,0,18,,0,810138350997,,3.99,3.99,2.83000000,0.000000,0.00,0,0.000000,N,N,N,N,0,0,0,0,0,"Fussie Cat"
,13940,"Fussie Cat Chicken with Liver Purée 4 count","Cat Treats",Each,"Main Warehouse",12,0,12,,0,810138351048,,3.99,3.99,2.83000000,0.000000,0.00,0,0.000000,N,N,N,N,0,0,0,0,0,"Fussie Cat"
,14025,"Greenies Pill Pockets - Chicken Flavor Tablet Size 90g","Dog Health &amp; Wellness",Each,"Main Warehouse",0,0,0,,0,642863140259,,9.99,9.99,5.99000000,0.000000,0.00,0,0.000000,N,N,N,N,0,0,0,0,0,Greenies
,14036,"Feline Greenies Pill Pockets Salmon Flavour","Cat Accessories",Each,"Main Warehouse",4,0,4,,0,642863140365,,7.64,8.49,0.00000000,0.000000,0.00,0,0.000000,N,N,N,N,0,0,0,0,0,Feline
,141001,"Tropiclean Ear Wash Alcohol Free",,Each,"Main Warehouse",0,0,0,,0,,,0.00,0.00,0.00000000,0.000000,0.00,0,0.000000,N,N,N,N,0,0,0,0,0,Tropiclean
,14700,"Goat Milk Powder with Taurine for Cats","Cat Food Toppers",Each,"Main Warehouse",3,0,3,,0,778472147003,,25.49,25.49,0.00000000,0.000000,0.00,0,0.000000,N,N,N,N,0,0,0,0,0,
,148,"Crumps' Natural Plaque Busters Original Dental Sticks",,Each,"Main Warehouse",0,0,0,,0,,,0.00,0.00,0.00000000,0.000000,0.00,0,0.000000,N,N,N,N,0,0,0,0,0,Crumps'
,151461,"Earth Animal Dog NoHide Chew BBQ Smoked Chicken and Turkey Small 1pk",,Each,"Main Warehouse",7,0,7,,0,810049514617,,7.99,7.99,3.96000000,0.000000,0.00,0,0.000000,N,N,N,N,0,0,0,0,0,"Earth Animal"
,151462,"Earth Animal Dog NoHide Chew BBQ Smoked Chicken and Turkey Medium",,Each,"Main Warehouse",0,0,0,,0,810049514624,,13.99,13.99,7.85000000,0.000000,0.00,0,0.000000,N,N,N,N,0,0,0,0,0,"Earth Animal"
,151490,"Earth Animal Dog NoHide Strips Beef 4pk",,Each,"Main Warehouse",4,0,4,,0,810049514907,,16.49,16.49,8.20000000,0.000000,0.00,0,0.000000,N,N,N,N,0,0,0,0,0,"Earth Animal"
,151492,"Earth Animal Dog NoHide Strips Salmon 4pk","Chews + Bones",Each,"Main Warehouse",9,0,9,,0,810049514921,,16.49,16.49,8.20000000,0.000000,0.00,0,0.000000,N,N,N,N,0,0,0,0,0,"Earth Animal"
,151498,"Earth Animal Dog NoHide Strips Peanut Butter 4pk",,Each,"Main Warehouse",19,0,19,,0,810049514983,,9.89,14.01,8.20000000,0.000000,0.00,0,0.000000,N,N,N,N,0,0,0,0,0,"Earth Animal"
,154195,"Earth Animal Dog NoHide Strips Venison 1pk",,Each,"Main Warehouse",0,0,0,,0,810049514952,,4.49,0.00,2.24000000,0.000000,0.00,0,0.000000,N,N,N,N,0,0,0,0,0,"Earth Animal"
,15501,"KONG Laser Cat Toy, Interactive Laser Pointer for Cats","Cat Accessories",Each,"Main Warehouse",8,0,8,,0,035585155012,,10.99,10.99,0.00000000,0.000000,0.00,0,0.000000,N,N,N,N,0,0,0,0,0,Kong
,160,"Bullymake Toss N'Treat Dog Toy - Popcorn",,Each,"Main Warehouse",0,0,0,,0,,,0.00,0.00,0.00000000,0.000000,0.00,0,0.000000,N,N,N,N,0,0,0,0,0,"Bully Make"
,161,"Bullymake Toss N'Treat Dog Toy - Burger",,Each,"Main Warehouse",0,0,0,,0,,,0.00,0.00,0.00000000,0.000000,0.00,0,0.000000,N,N,N,N,0,0,0,0,0,"Bully Make"
,162022,"Baxter&Bella Cat Rake Comb Large",,Each,"Main Warehouse",1,0,1,,0,777374620386,,28.99,28.99,14.60000000,0.000000,0.00,0,0.000000,N,N,N,N,0,0,0,0,0,Baxter&Bella
,162042,"Baxter&Bella Cat Pin Comb",,Each,"Main Warehouse",1,0,1,,0,777374620423,,7.99,7.99,3.80000000,0.000000,0.00,0,0.000000,N,N,N,N,0,0,0,0,0,Baxter&Bella
,162044,"BB Nail Scissors Cat",,Each,"Main Warehouse",1,0,1,,0,,,0.00,0.00,4.30000000,0.000000,0.00,0,0.000000,N,N,N,N,0,0,0,0,0,Baxter&Bella
,164,"Bullymake Tough Chew Nylon Horseshoe Blue Bacon Flavour Dog Toy",,Each,"Main Warehouse",0,0,0,,0,,,0.00,0.00,0.00000000,0.000000,0.00,0,0.000000,N,N,N,N,0,0,0,0,0,"Bully Make"
,168090,"ZippyPaws Guac & Chips",,Each,"Main Warehouse",0,0,0,,0,810032680909,,13.99,7.14,6.80000000,0.000000,0.00,0,0.000000,N,N,N,N,0,0,0,0,0,ZippyPaws
,168415,"Happy Bowl Slow Feeder Pizza",,Each,"Main Warehouse",5,0,5,,0,810032684150,,18.49,0.00,9.01000000,0.000000,0.00,0,0.000000,N,N,N,N,0,0,0,0,0,ZippyPaws
,168416,"Happy Bowl Slow Feeder Hamburger",,Each,"Main Warehouse",4,0,4,,0,810032684167,,18.49,18.49,9.01000000,0.000000,0.00,0,0.000000,N,N,N,N,0,0,0,0,0,ZippyPaws
,168417,"Happy Bowl Slow Feeder Ice Cream",,Each,"Main Warehouse",5,0,5,,0,810032684174,,18.49,0.00,9.01000000,0.000000,0.00,0,0.000000,N,N,N,N,0,0,0,0,0,ZippyPaws
,168504,"ZippyClaws Catnip Rosé",,Each,"Main Warehouse",2,0,2,,0,810032685041,,5.40,5.99,2.96000000,0.000000,0.00,0,0.000000,N,N,N,N,0,0,0,0,0,ZippyPaws
,168505,"ZippyClaws Catnip Whiskey",,Each,"Main Warehouse",1,0,1,,0,810032685058,,5.99,0.00,2.96000000,0.000000,0.00,0,0.000000,N,N,N,N,0,0,0,0,0,ZippyPaws
,168508,"ZippyPaws Cat ZippyClaws Kickerz Carrot",,Each,"Main Warehouse",0,0,0,,0,810032685089,,6.49,7.49,3.70000000,0.000000,0.00,0,0.000000,N,N,N,N,0,0,0,0,0,ZippyPaws
,168509,"ZippyPaws Cat ZippyClaws Kickerz Pepper",,Each,"Main Warehouse",0,0,0,,0,810032685096,,6.49,6.49,3.70000000,0.000000,0.00,0,0.000000,N,N,N,N,0,0,0,0,0,ZippyPaws
,168510,"ZippyPaws Cat ZippyClaws Kickerz Mushroom",,Each,"Main Warehouse",5,0,5,,0,810032685102,,5.84,7.49,3.70000000,0.000000,0.00,0,0.000000,N,N,N,N,0,0,0,0,0,ZippyPaws
,168511,"ZippyPaws Cat ZippyClaws Kickerz Eggplant",,Each,"Main Warehouse",6,0,6,,0,810032685119,,6.49,6.49,3.70000000,0.000000,0.00,0,0.000000,N,N,N,N,0,0,0,0,0,ZippyPaws
,168512,"ZippyPaws Cat ZippyClaws ZippyStick Unicorn",,Each,"Main Warehouse",9,0,9,,0,810032685126,,13.49,0.00,6.67000000,0.000000,0.00,0,0.000000,N,N,N,N,0,0,0,0,0,ZippyPaws
,168514,"ZippyPaws Cat ZippyClaws ZippyStick Bird",,Each,"Main Warehouse",1,0,1,,0,810032685140,,10.49,10.49,6.67000000,0.000000,0.00,0,0.000000,N,N,N,N,0,0,0,0,0,ZippyPaws
,168522,"ZippyPaws Cat ZippyClaws NomNomz Sushi",,Each,"Main Warehouse",8,0,8,,0,810032685225,,10.49,10.49,5.19000000,0.000000,0.00,0,0.000000,N,N,N,N,0,0,0,0,0,ZippyPaws
,168523,"ZippyPaws Cat ZippyClaws NomNomz Milk Tea & Taro",,Each,"Main Warehouse",8,0,8,,0,810032685232,,13.49,10.72,5.19000000,0.000000,0.00,0,0.000000,N,N,N,N,0,0,0,0,0,ZippyPaws
,180028,"Meowijuana Get Smoked Fish",,Each,"Main Warehouse",0,0,0,,0,714929800282,,15.99,0.00,7.85000000,0.000000,0.00,0,0.000000,N,N,N,N,0,0,0,0,0,Meowijuana
,180211,"Meowijuana's Get Kickin Pickle",,Each,"Main Warehouse",0,0,0,,0,714929802118,,12.32,12.99,8.95000000,0.000000,0.00,0,0.000000,N,N,N,N,0,0,0,0,0,Meowijuana
,180712,"Meowijuana Get Lit Birthday Cake",,Each,"Main Warehouse",1,0,1,,0,714929807120,,15.99,15.99,7.85000000,0.000000,0.00,0,0.000000,N,N,N,N,0,0,0,0,0,Meowijuana
,180713,"Meowijuana Silvervine Sticks",,Each,"Main Warehouse",0,0,0,,0,714929807137,,14.99,14.99,7.30000000,0.000000,0.00,0,0.000000,N,N,N,N,0,0,0,0,0,Meowijuana
,180750,"Meowijuana Get Cheezy Mouse",,Each,"Main Warehouse",2,0,2,,0,714929807502,,15.99,0.00,7.85000000,0.000000,0.00,0,0.000000,N,N,N,N,0,0,0,0,0,Meowijuana
,180751,"Get Hung Moon and Stars",,Each,"Main Warehouse",2,0,2,,0,714929807519,,15.99,13.69,8.70000000,0.000000,0.00,0,0.000000,N,N,N,N,0,0,0,0,0,N/A
,180755,"Meowijuana Sierra Sunshine",,Each,"Main Warehouse",0,0,0,,0,714929807557,,13.49,7.50,7.35000000,0.000000,0.00,0,0.000000,N,N,N,N,0,0,0,0,0,Meowijuana
,180833,"Meowijuana Door Jump n' Jamb Squid",,Each,"Main Warehouse",0,0,0,,0,714929808332,,16.99,16.99,0.00000000,0.000000,0.00,0,0.000000,N,N,N,N,0,0,0,0,0,Meowijuana
,181,"Crumps' Naturals Plaque Busters Dog Treats - Bacon - 9.5 10pack",,Each,"Main Warehouse",0,0,0,,0,,,0.00,0.00,0.00000000,0.000000,0.00,0,0.000000,N,N,N,N,0,0,0,0,0,Crumps'
,186131,"Tropiclean Deoderizing Spray Berry Blast",,Each,"Main Warehouse",0,0,0,,0,,,0.00,0.00,0.00000000,0.000000,0.00,0,0.000000,N,N,N,N,0,0,0,0,0,Tropiclean
,186905,"Shampoo - Waterless - Dander",,Each,"Main Warehouse",0,0,0,,0,,,0.00,0.00,0.00000000,0.000000,0.00,0,0.000000,N,N,N,N,0,0,0,0,0,N/A
,186910,"Tropiclean Deoderizing Spray Lime Coconut",,Each,"Main Warehouse",0,0,0,,0,,,0.00,0.00,0.00000000,0.000000,0.00,0,0.000000,N,N,N,N,0,0,0,0,0,Tropiclean
,187004,"Earth Animal NoHide Chew BBQ Smoked Chicken & Turkey Large",,Each,"Main Warehouse",2,0,2,,0,810132870040,,21.99,21.99,11.74000000,0.000000,0.00,0,0.000000,N,N,N,N,0,0,0,0,0,"Earth Animal"
,194091,"Primal Freeze Dried Topper Beef for Dogs & Cats",,Each,"Main Warehouse",3,0,3,,0,810076940915,,11.00,11.00,8.82000000,0.000000,0.00,0,0.000000,N,N,N,N,0,0,0,0,0,Primal
,194092,"Primal Freeze Dried Topper Chicken for Dogs & Cats",,Each,"Main Warehouse",1,0,1,,0,810076940922,,11.00,6.60,8.09000000,0.000000,0.00,0,0.000000,N,N,N,N,0,0,0,0,0,Primal
,194095,"Primal Freeze Dried Topper Fish for Dogs & Cats",,Each,"Main Warehouse",1,0,1,,0,810076940953,,8.25,8.25,8.09000000,0.000000,0.00,0,0.000000,N,N,N,N,0,0,0,0,0,Primal
,194113,"Primal Dog Treats Friends Chicken",,Each,"Main Warehouse",0,0,0,,0,810076941134,,12.49,0.00,6.24000000,0.000000,0.00,0,0.000000,N,N,N,N,0,0,0,0,0,Primal
,194114,"Primal Dog Treats Friends Beef",,Each,"Main Warehouse",0,0,0,,0,810076941141,,12.49,0.00,6.24000000,0.000000,0.00,0,0.000000,N,N,N,N,0,0,0,0,0,Primal
,194115,"Primal Dog Treats Liver Laugh Love Chicken",,Each,"Main Warehouse",5,0,5,,0,810076941158,,9.99,0.00,4.99000000,0.000000,0.00,0,0.000000,N,N,N,N,0,0,0,0,0,Primal
,194121,"Primal Dog Treats Pumpkin for my Pumpkin",,Each,"Main Warehouse",3,0,3,,0,810076941219,,12.49,0.00,6.24000000,0.000000,0.00,0,0.000000,N,N,N,N,0,0,0,0,0,Primal
,194147,"Primal Freeze Dried Beef Pronto","Dog Freeze Dried Food",Each,"Main Warehouse",2,0,2,,0,810076941479,,49.98,49.98,33.98000000,0.000000,0.00,0,0.000000,N,N,N,N,0,0,0,0,0,Primal
,194148,"Primal Freeze Dried Chicken Pronto","Dog Freeze Dried Food",Each,"Main Warehouse",1,0,1,,0,810076941486,,49.98,49.98,33.98000000,0.000000,0.00,0,0.000000,N,N,N,N,0,0,0,0,0,Primal
,194149,"Primal Freeze Dried Lamb Pronto","Dog Freeze Dried Food",Each,"Main Warehouse",2,0,2,,0,810076941493,,29.99,29.99,33.98000000,0.000000,0.00,0,0.000000,N,N,N,N,0,0,0,0,0,Primal
,194150,"Primal Freeze Dried Pork Pronto","Dog Freeze Dried Food",Each,"Main Warehouse",2,0,2,,0,810076941509,,49.98,49.98,33.98000000,0.000000,0.00,0,0.000000,N,N,N,N,0,0,0,0,0,Primal
,194152,"Freeze-Dried Raw Puppy","Dog Freeze Dried Food",Each,"Main Warehouse",0,0,0,,0,810076941523,,0.00,0.00,0.00000000,0.000000,0.00,0,0.000000,N,N,N,N,0,0,0,0,0,Primal
,194153,"Primal Dog Freeze Dried Beef Pronto 25oz","Dog Freeze Dried Food",Each,"Main Warehouse",0,0,0,,0,810076941530,,74.98,74.98,50.98000000,0.000000,0.00,0,0.000000,N,N,N,N,0,0,0,0,0,Primal
,194154,"Primal Dog Freeze Dried Chicken Pronto 25oz","Dog Freeze Dried Food",Each,"Main Warehouse",1,0,1,,0,810076941547,,44.99,44.99,50.98000000,0.000000,0.00,0,0.000000,N,N,N,N,0,0,0,0,0,Primal
,194155,"Primal Dog Freeze Dried Lamb Pronto 25oz","Dog Freeze Dried Food",Each,"Main Warehouse",2,0,2,,0,810076941554,,74.98,44.99,50.98000000,0.000000,0.00,0,0.000000,N,N,N,N,0,0,0,0,0,Primal
,194156,"Primal Dog Freeze Dried Pork Pronto 25oz","Dog Freeze Dried Food",Each,"Main Warehouse",0,0,0,,0,810076941561,,74.98,74.98,50.98000000,0.000000,0.00,0,0.000000,N,N,N,N,0,0,0,0,0,Primal
,194158,"Primal Dog Freeze Dried Puppy Pronto 25oz","Dog Freeze Dried Food",Each,"Main Warehouse",1,0,1,,0,810076941585,,74.98,0.00,50.98000000,0.000000,0.00,0,0.000000,N,N,N,N,0,0,0,0,0,Primal
,194249,"Primal Dog Treats Lets All Get A Lung Lamb",,Each,"Main Warehouse",0,0,0,,0,810076942490,,9.99,0.00,4.99000000,0.000000,0.00,0,0.000000,N,N,N,N,0,0,0,0,0,Primal
,194250,"Primal Cat Liver Laugh Love Pork Treats",,Each,"Main Warehouse",1,0,1,,0,810076942506,,9.99,9.99,4.99000000,0.000000,0.00,0,0.000000,N,N,N,N,0,0,0,0,0,Primal
,194252,"Primal Cat Give Pieces a Chance Chicken Treats",,Each,"Main Warehouse",0,0,0,,0,810076942520,,7.49,12.49,6.24000000,0.000000,0.00,0,0.000000,N,N,N,N,0,0,0,0,0,Primal
,194293,"Primal Dog Kibble in the Raw - Beef, 9lb","Dog Freeze Dried Food",Each,"Main Warehouse",2,0,2,,0,810076942933,,171.99,171.99,126.00000000,0.000000,0.00,0,0.000000,N,N,N,Y,0,0,0,0,0,Primal
,194294,"Primal Dog Kibble in the Raw - Chicken, 9lb","Dog Freeze Dried Food",Each,"Main Warehouse",1,0,1,,0,810076942940,,103.19,103.19,126.00000000,0.000000,0.00,0,0.000000,N,N,N,N,0,0,0,0,0,Primal
,194295,"Primal Dog Kibble in the Raw - Fish & Pork, 9lb","Dog Freeze Dried Food",Each,"Main Warehouse",2,0,2,,0,810076942957,,103.19,171.99,126.00000000,0.000000,0.00,0,0.000000,N,N,N,N,0,0,0,0,0,Primal
,194296,"Primal Dog Kibble in the Raw - Puppy, 9lb","Dog Freeze Dried Food",Each,"Main Warehouse",2,0,2,,0,810076942964,,174.99,0.00,126.00000000,0.000000,0.00,0,0.000000,N,N,N,N,0,0,0,0,0,Primal
,194297,"Primal Dog Kibble in the Raw - Small Breed, 4lb",,Each,"Main Warehouse",1,0,1,,0,810076942971,,89.99,81.99,65.69000000,0.000000,0.00,0,0.000000,N,N,N,N,0,0,0,0,0,Primal
,194298,"Primal Dog Kibble in the Raw - Beef, 1.5lb",,Each,"Main Warehouse",1,0,1,,0,810076942988,,38.99,38.99,27.45000000,0.000000,0.00,0,0.000000,N,N,N,N,0,0,0,0,0,Primal
,194299,"Primal Dog Kibble in the Raw - Chicken, 1.5lb",,Each,"Main Warehouse",4,0,4,,0,810076942995,,38.99,0.00,27.45000000,0.000000,0.00,0,0.000000,N,N,N,N,0,0,0,0,0,Primal
,194300,"Primal Dog Kibble in the Raw - Fish & Pork, 1.5lb",,Each,"Main Warehouse",4,0,4,,0,810076943008,,38.99,0.00,27.45000000,0.000000,0.00,0,0.000000,N,N,N,N,0,0,0,0,0,Primal
,194301,"Primal Dog Kibble in the Raw - Puppy, 1.5lb",,Each,"Main Warehouse",2,0,2,,0,810076943015,,29.24,38.99,27.45000000,0.000000,0.00,0,0.000000,N,N,N,N,0,0,0,0,0,Primal
,194302,"Primal Dog Kibble in the Raw - Small Breed, 1.5lb",,Each,"Main Warehouse",3,0,3,,0,810076943022,,38.99,38.99,27.45000000,0.000000,0.00,0,0.000000,N,N,N,N,0,0,0,0,0,Primal
,19493,"Primal Dog Kibble in the Raw - Beef, 9lb","Dog Freeze Dried",Each,"Main Warehouse",0,0,0,,0,,,171.99,171.99,0.00000000,0.000000,0.00,0,0.000000,N,N,N,N,0,0,0,0,0,Primal
,195019,"Baxter&Bella Selecta Bowl",,Each,"Main Warehouse",1,0,1,,0,777374950193,,14.44,14.44,8.60000000,0.000000,0.00,0,0.000000,N,N,N,N,0,0,0,0,0,Baxter&Bella
,195020,"Baxter&Bella Non-Skid Cat Dish",,Each,"Main Warehouse",0,0,0,,0,777374950209,,9.99,9.99,5.25000000,0.000000,0.00,0,0.000000,N,N,N,N,0,0,0,0,0,Baxter&Bella
,195022,"Baxter&Bella Nourish Rose Gold Bowl - 10oz","Cat Food Bowls",Each,"Main Warehouse",0,0,0,,0,,,9.99,9.99,0.00000000,0.000000,0.00,0,0.000000,N,N,N,N,0,0,0,0,0,Baxter&Bella
,195023,"Baxter&Bella Nourish Rose Gold Bowl - 10oz",,Each,"Main Warehouse",2,0,2,,0,777374950230,,9.99,0.00,5.23000000,0.000000,0.00,0,0.000000,N,N,N,N,0,0,0,0,0,N/A
,195024,"Baxter&Bella Nourish Rose Gold Bowl - 32oz",,Each,"Main Warehouse",1,0,1,,0,777374950247,,16.99,16.99,6.84000000,0.000000,0.00,0,0.000000,N,N,N,N,0,0,0,0,0,N/A
,200156,"Natural Balance Salmon & Sweet Potato Wet Food 13oz","Wet Dog Food",Each,"Main Warehouse",12,0,12,,0,723633001564,,5.49,5.49,3.53000000,0.000000,0.00,0,0.000000,N,N,N,N,0,0,0,0,0,"Natural Balance"
,200157,"Natural Balance Dog Lamb, Potato, Brown Rice and Carrots Wet Dog Food 13oz","Wet Dog Food",Each,"Main Warehouse",3,0,3,,0,723633001571,,5.49,5.49,3.73000000,0.000000,0.00,0,0.000000,N,N,N,N,0,0,0,0,0,"Natural Balance"
,200159,"Natural Balance Chicken, Brown Rice, Potato, and Carrots Wet Dog Food 13oz","Wet Dog Food",Each,"Main Warehouse",0,0,0,,0,723633001595,,5.49,5.49,3.73000000,0.000000,0.00,0,0.000000,N,N,N,N,0,0,0,0,0,"Natural Balance"
,200170,"Natural Balance Dog Chicken & Sweet Potato Wet Dog Food 13oz","Wet Dog Food",Each,"Main Warehouse",16,0,16,,0,723633001700,,5.49,5.49,3.53000000,0.000000,0.00,0,0.000000,N,N,N,N,0,0,0,0,0,"Natural Balance"
,200232,"Natural Balance Cat Salmon & Green Pea Dry Food","CAT FOOD DRY",Each,"Main Warehouse",1,0,1,,0,723633002325,,45.89,50.99,36.52000000,0.000000,0.00,0,0.000000,N,N,N,N,0,0,0,0,0,"Natural Balance"
,200235,"Natural Balance Cat Chicken & Green Pea Dry Food","CAT FOOD DRY",Each,"Main Warehouse",1,0,1,,0,723633002356,,50.99,50.99,36.52000000,0.000000,0.00,0,0.000000,N,N,N,N,0,0,0,0,0,"Natural Balance"
,200254,"Hill's Science Diet® Urinary Hairball Control Adult Dry Cat Food - Chicken and Rice - 15.5lb","Cat Health &amp; Wellness &amp; hygiene",Each,"Main Warehouse",1,0,1,,0,052742002545,,118.99,118.99,86.50000000,0.000000,0.00,0,0.000000,N,N,N,N,0,0,0,0,0,
,200497,"Primal Canine Freeze-Dried Raw Nuggets - Rabbit Recipe","Crunchy Treats",Each,"Main Warehouse",2,0,2,,0,850334004973,,25.49,25.49,0.00000000,0.000000,0.00,0,0.000000,N,N,N,N,0,0,0,0,0,Primal
,200510,"Natural Balance Cat Reserve Duck & Green Pea Dry Food","CAT FOOD DRY",Each,"Main Warehouse",3,0,3,0,0,723633005104,,54.99,52.24,39.25000000,0.000000,0.00,0,1.000000,N,N,N,N,0,0,0,0,0,"Natural Balance"
,200695,"Natural Balance Ultra Protein Wet Cat Food, Skin/Coat/Digestive Health - Chicken & Pumpkin, Puree Topper","Cat Food Toppers",Each,"Main Warehouse",0,0,0,,0,,,3.39,3.39,0.00000000,0.000000,0.00,0,0.000000,N,N,N,N,0,0,0,0,0,"Natural Balance"
,200715,"Now Fresh Grain-Free Fish Recipe for Adult Dogs - Trout, Salmon, & Herring",Dogs,Each,"Main Warehouse",6,0,6,,0,815260007153,,111.99,111.99,79.50000000,0.000000,0.00,0,0.000000,N,N,N,Y,0,0,0,0,0,"Now Fresh"
,201,"Weruva Outback Grill Canned Cat Food",,Each,"Main Warehouse",0,0,0,,0,,,0.00,0.00,0.00000000,0.000000,0.00,0,0.000000,N,N,N,N,0,0,0,0,0,Weruva
,201426,"Dog Beef & Brown Rice Wet Food","Wet Dog Food",Each,"Main Warehouse",6,0,6,,0,723633014267,,5.49,5.49,3.53000000,0.000000,0.00,0,0.000000,N,N,N,N,0,0,0,0,0,"Natural Balance"
,201446,"Natural Balance LID Dog Lamb & Brown Rice Dry Food 24lb","Dog Freeze Dried Food",Each,"Main Warehouse",3,0,3,,0,723633014465,,94.49,0.00,69.91000000,0.000000,0.00,0,0.000000,N,N,N,N,0,0,0,0,0,"Natural Balance"
,201448,"Natural Balance LID Dog Chicken & Brown Rice Dry Food 24lb","Dog Freeze Dried Food",Each,"Main Warehouse",3,0,3,,0,723633014489,,92.99,0.00,68.89000000,0.000000,0.00,0,0.000000,N,N,N,N,0,0,0,0,0,"Natural Balance"
,201474,"Cat Reserve Duck & Green Pea Dry Food 4lb",,Each,"Main Warehouse",2,0,2,,0,723633014748,,34.99,0.00,24.53000000,0.000000,0.00,0,0.000000,N,N,N,N,0,0,0,0,0,"Natural Balance"
,201476,"Cat Chicken & Green Pea Dry Food 4lb",,Each,"Main Warehouse",3,0,3,,0,723633014762,,32.49,0.00,22.89000000,0.000000,0.00,0,0.000000,N,N,N,N,0,0,0,0,0,"Natural Balance"
,201477,"Cat Salmon & Green Pea Dry Food 4lb",,Each,"Main Warehouse",5,0,5,,0,723633014779,,32.49,0.00,22.89000000,0.000000,0.00,0,0.000000,N,N,N,N,0,0,0,0,0,"Natural Balance"
,210101,"Feliway Classic Cat Diffuser","Cat Accessories",Each,"Main Warehouse",0,0,0,,0,,,41.99,37.99,27.90000000,0.000000,0.00,0,0.000000,N,N,N,N,0,0,0,0,0,"Natural Balance"
,210128,"Intersand Odourlock Multi-Cat Clumping Cat Litter - Baby Powder","Cat Litter &amp; Litter Supplies",Each,"Main Warehouse",1,0,1,,0,777979210128,,28.99,28.99,24.70000000,0.000000,0.00,0,0.000000,N,N,N,N,0,0,0,0,0,Intersand
,21019,"Zignature Grain Free, Chicken and Chia Biscuits 454g","Dog Treats",Each,"Main Warehouse",4,0,4,,0,669066210190,,9.99,9.99,6.12000000,0.000000,0.00,0,0.000000,N,N,N,N,0,0,0,0,0,Zignature
,210202,"Feliway Cat Diffuser 3 Pack Refill","Cat Accessories",Each,"Main Warehouse",0,0,0,,0,722747102020,,106.99,73.59,59.35000000,0.000000,0.00,0,0.000000,N,N,N,N,0,0,0,0,0,N/A
,210633,"5m Retractable Leash Blue","Dog Harness, Lead &amp; Collar",Each,"Main Warehouse",0,0,0,,0,840317106336,,24.99,24.99,22.55000000,0.000000,0.00,0,0.000000,N,N,N,N,0,0,0,0,0,N/A
,210636,"5m Retractable Leash Medium, 5m/16ft BLACK",,Each,"Main Warehouse",1,0,1,,0,840317106367,,24.99,24.99,21.99000000,0.000000,0.00,0,0.000000,N,N,N,N,0,0,0,0,0,N/A
,21200,"RedBarn Bully Stick 12inch","Chews + Bones",Each,"Main Warehouse",204,0,204,,0,785184212004,,13.99,13.99,0.00000000,0.000000,0.00,0,0.000000,N,N,N,N,0,0,0,0,0,RedBarn
,213129,"Intersand Odourlock Multi-Cat Clumping Cat Litter - Lavender Field","Cat Litter &amp; Litter Supplies",Each,"Main Warehouse",0,0,0,,0,777979213129,,28.99,28.99,24.70000000,0.000000,0.00,0,0.000000,N,N,N,N,0,0,0,0,0,Intersand
,214126,"Intersand Odourlock Multi-Cat Clumping Cat Litter - Calming Breeze","Cat Litter &amp; Litter Supplies",Each,"Main Warehouse",4,0,4,,0,777979214126,,28.99,28.99,14.20000000,0.000000,0.00,0,0.000000,N,N,N,N,0,0,0,0,0,Intersand
,220210,"FirstMate Cage-Free Chicken Formula Cat Food 3.2oz",Adult,Each,"Main Warehouse",22,0,22,,0,072318220210,,2.79,2.79,2.69000000,0.000000,0.00,0,0.000000,N,N,N,N,0,0,0,0,0,FirstMate
,222195,"Rimmed Wave Litter Pan Large",Accessories,Each,"Main Warehouse",0,0,0,,0,029695221958,,0.00,0.00,0.00000000,0.000000,0.00,0,0.000000,N,N,N,N,0,0,0,0,0,Arm&Hammer
,222221,"Rechargable Interactive Rolling Dog Ball - Orange",,Each,"Main Warehouse",35,0,35,,0,,,24.78,24.78,2.07000000,0.000000,0.00,0,0.000000,N,N,N,N,0,0,0,0,0,N/A
,222222,"Rechargable Interactive Rolling Dog Ball - Blue",,Each,"Main Warehouse",36,0,36,,0,,,23.54,24.78,2.07000000,0.000000,0.00,0,0.000000,N,N,N,N,0,0,0,0,0,N/A
,222223,"Rechargable Interactive Rolling Dog Ball","Free Toys",Each,"Main Warehouse",544,0,544,,0,,,25.00,24.78,2.07000000,0.000000,0.00,0,0.000000,N,N,N,N,0,0,0,0,0,N/A
,222225,"Rechargable Fur Tail Cat Chase Ball","Free Toys",Each,"Main Warehouse",404,0,404,,0,,,23.50,23.50,3.35000000,0.000000,0.00,0,0.000000,N,N,N,N,0,0,0,0,0,N/A
,222227,"UFO Throwing Dog Ball",,Each,"Main Warehouse",376,0,376,,0,,,25.50,25.50,3.70000000,0.000000,0.00,0,0.000000,N,N,N,N,0,0,0,0,0,N/A
,222229,"Rechargable Multidirectional Cat Ball","Free Toys",Each,"Main Warehouse",519,0,519,,0,,,22.50,22.50,2.11000000,0.000000,0.00,0,0.000000,N,N,N,N,0,0,0,0,0,N/A
,226206,"Berta Bites Freeze Dried Beef Liver - 500g","Dog Treats",Each,"Main Warehouse",5,0,5,,0,628942262067,,44.99,44.99,27.00000000,0.000000,0.00,0,0.000000,N,N,N,N,0,0,0,0,0,"Berta Bites"
,226207,"Berta Bites Freeze Dried Beef Liver - 250g","Dog Treats",Each,"Main Warehouse",4,0,4,,0,628942262074,,24.99,24.99,15.00000000,0.000000,0.00,0,0.000000,N,N,N,N,0,0,0,0,0,"Berta Bites"
,226209,"Berta Bites Freeze Dried Chicken Bites","Dog Treats",Each,"Main Warehouse",13,0,13,,0,628942262098,,22.19,22.19,22.20000000,0.000000,0.00,0,0.000000,N,N,N,N,0,0,0,0,0,"Berta Bites"
,226213,"Berta Bites Freeze Dried Turkey Neck 4 pc","Dog Treats",Each,"Main Warehouse",5,0,5,,0,628942262135,,5.32,17.845,12.00000000,0.000000,0.00,0,0.000000,N,N,N,N,0,0,0,0,0,"Berta Bites"
,238,"Crumps' Natural Plaque Busters Pumpkin Spice Dental Sticks",,Each,"Main Warehouse",0,0,0,,0,,,0.00,0.00,0.00000000,0.000000,0.00,0,0.000000,N,N,N,N,0,0,0,0,0,Crumps'
,24011,"Oven-Baked Tradition All Natural Soft & Chewy Dog Treats - Bacon Flavour 8oz","Dog Treats",Each,"Main Warehouse",8,1,7,,0,669066240111,,6.99,6.99,3.50000000,0.000000,0.00,0,0.000000,N,N,N,N,0,0,0,0,0,"Oven Baked"
,241019,"Berta Bites Freeze Dried Lamb Lung","Dog Treats",Each,"Main Warehouse",0,0,0,,0,628942410192,,28.99,28.99,17.99000000,0.000000,0.00,0,0.000000,N,N,N,N,0,0,0,0,0,"Berta Bites"
,241898,"Boundless Love Snuffle Mat",,Each,"Main Warehouse",2,0,2,,0,728990418987,,62.99,57.99,26.87000000,0.000000,0.00,0,0.000000,N,N,N,N,0,0,0,0,0,N/A
,25000,"Oven-Baked Tradition All Natural Grain-Free Dog Treats - Beef Liver","Crunchy Treats",Each,"Main Warehouse",3,0,3,,0,669066250004,,21.99,21.99,14.71000000,0.000000,0.00,0,0.000000,N,N,N,N,0,0,0,0,0,"Oven Baked"
,25003,"Oven-Baked Tradition Turkey & Hemp Dog Treats 6 oz","Crunchy Treats",Each,"Main Warehouse",5,0,5,,0,669066250035,,11.59,11.59,8.15000000,0.000000,0.00,0,0.000000,N,N,N,N,0,0,0,0,0,"Oven Baked"
,25021,"Oven-Baked Tradition Turkey & Hemp Dog Treats 6oz","Dog Treats",Each,"Main Warehouse",4,0,4,,0,669066250219,,5.99,5.99,3.49000000,0.000000,0.00,0,0.000000,N,N,N,N,0,0,0,0,0,"Oven Baked"
,25062,"Red Barn Beef Cheek Roll Dog Chew - Bully Flavour Glaze sm/med","Chews + Bones",Each,"Main Warehouse",45,0,45,,0,785184250624,,10.79,10.79,0.00000000,0.000000,0.00,0,0.000000,N,N,N,N,0,0,0,0,0,RedBarn
,250739,"Chuckit! Fetch/Fold Launcher Dog Toy",,Each,"Main Warehouse",1,0,1,,0,029695507397,,20.99,16.99,13.95000000,0.000000,0.00,0,0.000000,N,N,N,N,0,0,0,0,0,ChuckIT
,253225,"Natural Balance Ultra Salmon Wet Food","Wet Cat Food",Each,"Main Warehouse",29,0,29,,0,723633532259,,2.49,2.25,1.70000000,0.000000,0.00,0,0.000000,N,N,N,N,0,0,0,0,0,"Natural Balance"
,253226,"Natural Balance Cat Ultra Tuna & Shrimp Recipe Wet Food",,Each,"Main Warehouse",17,0,17,,0,723633532266,,2.49,2.12,1.70000000,0.000000,0.00,0,0.000000,N,N,N,N,0,0,0,0,0,"Natural Balance"
,253227,"Natural Balance Cat Ultra Chicken & Liver Wet Food","Wet Cat Food",Each,"Main Warehouse",6,0,6,,0,723633532273,,2.49,2.49,1.70000000,0.000000,0.00,0,0.000000,N,N,N,N,0,0,0,0,0,"Natural Balance"
,253229,"Natural Balance Cat Ultra Ocean Fish Wet Food","Wet Cat Food",Each,"Main Warehouse",8,0,8,,0,723633532297,,2.49,2.49,1.70000000,0.000000,0.00,0,0.000000,N,N,N,N,0,0,0,0,0,"Natural Balance"
,276355,"Natural Balance Cat Ultra Grain Free Chicken Wet Food","Wet Cat Food",Each,"Main Warehouse",4,0,4,,0,723633763554,,2.49,1.87,1.70000000,0.000000,0.00,0,0.000000,N,N,N,N,0,0,0,0,0,"Natural Balance"
,277391,"Natural Balance LID Dog Lamb & Brown Rice Dry Food 12lb","Dry Dog Food",Each,"Main Warehouse",3,0,3,,0,723633773911,,60.99,0.00,43.49000000,0.000000,0.00,0,0.000000,N,N,N,N,0,0,0,0,0,"Natural Balance"
,277397,"Natural Balance LID Dog Lamb & Brown Rice Puppy 12lb","Dry Dog Food",Each,"Main Warehouse",3,0,3,,0,723633773973,,60.99,0.00,43.49000000,0.000000,0.00,0,0.000000,N,N,N,N,0,0,0,0,0,"Natural Balance"
,277533,"Natural Balance LID Dog Chicken & Brown Rice Dry Food 12lb","Dry Dog Food",Each,"Main Warehouse",3,0,3,,0,723633775335,,60.99,0.00,43.49000000,0.000000,0.00,0,0.000000,N,N,N,N,0,0,0,0,0,"Natural Balance"
,277675,"Natural Balance LID Dog Lamb & Brown Rice Puppy 12lb","Dry Dog Food",Each,"Main Warehouse",0,0,0,,0,723633776752,,60.99,0.00,43.49000000,0.000000,0.00,0,0.000000,N,N,N,N,0,0,0,0,0,"Natural Balance"
,277676,"Natural Balance LID Dog Chicken & brown rice Puppy Dry Food 24lb","Dog Freeze Dried Food",Each,"Main Warehouse",0,0,0,,0,723633776769,,94.49,0.00,69.91000000,0.000000,0.00,0,0.000000,N,N,N,N,0,0,0,0,0,"Natural Balance"
,277751,"Natural Balance LID Dog Salmon & Sweet Potato Dry Food 12lb","Dry Dog Food",Each,"Main Warehouse",3,0,3,,0,723633777513,,60.99,0.00,43.49000000,0.000000,0.00,0,0.000000,N,N,N,N,0,0,0,0,0,"Natural Balance"
,2898,"Wellmark Premium Aloe & Oatmeal Shampoo & Conditioner 473ml",,Each,"Main Warehouse",0,0,0,,0,,,0.00,0.00,0.00000000,0.000000,0.00,0,0.000000,N,N,N,N,0,0,0,0,0,Wellmark
,2900,"Wellmark Chlorhexidine Pads",,Each,"Main Warehouse",0,0,0,,0,,,0.00,0.00,0.00000000,0.000000,0.00,0,0.000000,N,N,N,N,0,0,0,0,0,Wellmark
,29014,"Nulo Real Shreds Chicken & Duck Cat & Kitten Wet Food, Grain Free, 2.8 Oz",Adult,Each,"Main Warehouse",13,0,13,,0,810125294686,,2.69,2.69,1.91000000,0.000000,0.00,0,0.000000,N,N,N,N,0,0,0,0,0,Nulo
,29015,"Nulo Real Shreds Chicken & Lamb Cat & Kitten Wet Food, Grain Free, 2.8 Oz",Adult,Each,"Main Warehouse",13,0,13,,0,810125294693,,2.69,2.69,1.89000000,0.000000,0.00,0,0.000000,N,N,N,N,0,0,0,0,0,Nulo
,29019,"Nulo Real Shreds Wet Cat Food - Grain Free, Chicken and Beef In Broth, 6 Oz",Adult,Each,"Main Warehouse",19,0,19,,0,810125290190,,3.29,4.69,3.19000000,0.000000,0.00,0,0.000000,N,N,N,N,0,0,0,0,0,Nulo
,29039,"Nulo Finely Minced Wet Cat Food - Chicken, Crab & Prawn, Whole Protein, 6 Oz",Cats,Each,"Main Warehouse",15,0,15,,0,810125290398,,4.22,4.69,3.19000000,0.000000,0.00,0,0.000000,N,N,N,N,0,0,0,0,0,Nulo
,29040,"Nulo Finely Minced Chicken & Quail Egg Cat & Kitten Wet Food, Grain Free, 2.8 Oz",Adult,Each,"Main Warehouse",24,0,24,,0,810125290404,,2.69,2.69,0.00000000,0.000000,0.00,0,0.000000,N,N,N,N,0,0,0,0,0,Nulo
,29043,"Nulo Finely Minced Wet Cat Food - Tuna, Chicken & Pumpkin, Whole Protein, 6 Oz",Cats,Each,"Main Warehouse",16,0,16,,0,810125294747,,4.22,4.69,3.19000000,0.000000,0.00,0,0.000000,N,N,N,N,0,0,0,0,0,Nulo
,29086,"Nulo Real Shreds Chicken, Tuna & Salmon Cat & Kitten Wet Food, Grain Free, 2.8 Oz",Adult,Each,"Main Warehouse",0,0,0,,0,810125290862,,2.69,2.69,0.00000000,0.000000,0.00,0,0.000000,N,N,N,N,0,0,0,0,0,Nulo
,29405,"Open Farm Front Range Grain-Free RawMix for Dogs - 20lbs",Dogs,Each,"Main Warehouse",0,0,0,,0,683547129405,,132.99,132.99,95.09000000,0.000000,0.00,0,0.000000,N,N,N,N,0,0,0,0,0,"Open Farm"
,29412,"Open Farm Open Prairie Grain-Free RawMix for Dogs - 20lbs",Dogs,Each,"Main Warehouse",3,0,3,,0,683547129412,,126.99,126.99,90.79000000,0.000000,0.00,0,0.000000,N,N,N,N,0,0,0,0,0,"Open Farm"
,29429,"Nulo Jerky Strips Dog Treats - Salmon with Strawberries Recipe","Crunchy Treats",Each,"Main Warehouse",5,0,5,,0,810125294297,,18.99,18.99,10.25000000,0.000000,0.00,0,0.000000,N,N,N,N,0,0,0,0,0,Nulo
,29436,"Open Farm Front Range Ancient Grains RawMix for Dogs - 20lbs",Dogs,Each,"Main Warehouse",1,0,1,,0,683547129436,,129.99,129.99,92.94000000,0.000000,0.00,0,0.000000,N,N,N,N,0,0,0,0,0,"Open Farm"
,29443,"Open Farm Open Prairie Ancient Grains RawMix for Dogs - 20lbs",Dogs,Each,"Main Warehouse",1,0,1,,0,683547129443,,122.99,122.99,87.93000000,0.000000,0.00,0,0.000000,N,N,N,N,0,0,0,0,0,"Open Farm"
,29450,"Open Farm Wild Ocean Ancient Grains RawMix for Dogs - 20lbs",Dogs,Each,"Main Warehouse",0,0,0,,0,683547129450,,122.99,122.99,87.93000000,0.000000,0.00,0,0.000000,N,N,N,N,0,0,0,0,0,"Open Farm"
,29680,"Hill's Science Diet® Perfect Weight Adult Dry Cat Food - Chicken - 3lb",Cats,Each,"Main Warehouse",2,0,2,,0,052742296807,,42.99,42.99,0.00000000,0.000000,0.00,0,0.000000,N,N,N,N,0,0,0,0,0,"Hill's Science"
,297004,"Dexypaws Dog Lick Mat White Dog Face",,Each,"Main Warehouse",4,0,4,,0,627987970043,,16.99,0.00,7.76000000,0.000000,0.00,0,0.000000,N,N,N,N,0,0,0,0,0,Dexypaws
,297009,"Dexypaws Dog Lick Mat Bone",,Each,"Main Warehouse",4,0,4,,0,627987970098,,18.99,0.00,8.72000000,0.000000,0.00,0,0.000000,N,N,N,N,0,0,0,0,0,Dexypaws
,299148,"PetAg Hairball Solution Gel","Cat Grooming",Each,"Main Warehouse",0,0,0,,0,,,14.99,14.99,0.00000000,0.000000,0.00,0,0.000000,N,N,N,N,0,0,0,0,0,PetAg
,300614,"World's Best Cat Litter Multiple Cat Unscented Formula 28lb","Cat Litter &amp; Litter Supplies",Each,"Main Warehouse",2,0,2,,0,322591006149,,60.99,60.99,48.25000000,0.000000,0.00,0,0.000000,N,N,N,N,0,0,0,0,0,"World's Best"
,306400,"Chuck It Original",,Each,"Main Warehouse",1,0,1,,0,,,20.99,17.99,13.40000000,0.000000,0.00,0,0.000000,N,N,N,N,0,0,0,0,0,ChuckIT
,308708,"Hill's Science Diet Specialty Multiple Benefit Chicken Recipe Adult Cat Food 7LB","Cat Health Foods",Each,"Main Warehouse",2,0,2,,0,052742308708,,74.99,74.99,48.80000000,0.000000,0.00,0,0.000000,N,N,N,N,0,0,0,0,0,"Hill's Science"
,310191,"World's Best Cat Litter Multiple-Cat Lotus Blossom Scent Formula - 28lb","Cat Litter &amp; Litter Supplies",Each,"Main Warehouse",1,0,1,,0,840673101914,,60.99,60.99,48.25000000,0.000000,0.00,0,0.000000,N,N,N,N,0,0,0,0,0,"World's Best"
,31080,"Hill's Science Diet Oral Care Adult Dry Dog Food - Chicken, Brown Rice & Barley - 28.5lb",Dogs,Each,"Main Warehouse",4,0,4,,0,052742076126,,124.99,124.99,0.00000000,0.000000,0.00,0,0.000000,N,N,N,Y,0,0,0,0,0,"Hill's Science"
,311121,"Kong Classic Med",,Each,"Main Warehouse",0,0,0,,0,035585111216,,12.79,12.99,10.35000000,0.000000,0.00,0,0.000000,N,N,N,N,0,0,0,0,0,Kong
,311131,"Kong Classic Small",,Each,"Main Warehouse",3,0,3,,0,035585111315,,10.99,10.99,7.35000000,0.000000,0.00,0,0.000000,N,N,N,N,0,0,0,0,0,Kong
,317930,"Royal Canin Dog Large Adult - 30lb","Dry Dog Food",Each,"Main Warehouse",0,0,0,,0,030111179302,,118.99,118.99,76.11000000,0.000000,0.00,0,0.000000,N,N,N,N,0,0,0,0,0,"Royal Canin"
,329945,"PetMate Litter Scoop",Accessories,Each,"Main Warehouse",2,0,2,,0,029695291128,,3.99,3.99,2.10000000,0.000000,0.00,0,0.000000,N,N,N,N,0,0,0,0,0,PetMate
,333332,"Rechargable Multidirectional Cat Ball - Blue",,Each,"Main Warehouse",51,0,51,,0,,,22.50,22.50,2.11000000,0.000000,0.00,0,0.000000,N,N,N,N,0,0,0,0,0,N/A
,333333,"Rechargable Multidirectional Cat Ball - Pink",,Each,"Main Warehouse",54,0,54,,0,,,22.50,22.50,2.11000000,0.000000,0.00,0,0.000000,N,N,N,N,0,0,0,0,0,N/A
,334143,"GO! Cat Grain Free Carnivore Chicken, Turkey & Duck - 16lb","Dry Cat Food",Each,"Main Warehouse",0,0,0,,0,,,95.99,95.99,68.20000000,0.000000,0.00,0,0.000000,N,N,N,N,0,0,0,0,0,GO!
,335600,"KONG Goodie Bone - Large","Chews + Bones",Each,"Main Warehouse",0,0,0,,0,,,23.99,23.99,0.00000000,0.000000,0.00,0,0.000000,N,N,N,N,0,0,0,0,0,Kong
,336323,"Kong ChewStix Ultra Stick Dog Toy","Chews + Bones",Each,"Main Warehouse",0,0,0,,0,,,20.99,20.99,0.00000000,0.000000,0.00,0,0.000000,N,N,N,N,0,0,0,0,0,Kong
,338126,"HugSmart Rope Toy Raccoon",,Each,"Main Warehouse",0,0,0,,0,628067704725,,14.99,14.99,8.95000000,0.000000,0.00,0,0.000000,N,N,N,N,0,0,0,0,0,HugSmart
,338128,"HugSmart SnuffleMat Racoon",,Each,"Main Warehouse",4,0,4,,0,628067704749,,19.99,0.00,11.75000000,0.000000,0.00,0,0.000000,N,N,N,N,0,0,0,0,0,HugSmart
,339646,"Skinneeez Extreme Quilted Racoon 23""",,Each,"Main Warehouse",2,0,2,,0,077234541869,,25.49,0.00,14.95000000,0.000000,0.00,0,0.000000,N,N,N,N,0,0,0,0,0,"Ethical Pet"
,339648,"Skinneeez Extreme Quilted Beaver 23""",,Each,"Main Warehouse",2,0,2,,0,077234541883,,25.49,0.00,14.95000000,0.000000,0.00,0,0.000000,N,N,N,N,0,0,0,0,0,"Ethical Pet"
,339652,"Skinneeez Extreme Quilted Chipmunk Mini 14""",,Each,"Main Warehouse",2,0,2,,0,077234542187,,16.99,0.00,9.35000000,0.000000,0.00,0,0.000000,N,N,N,N,0,0,0,0,0,N/A
,339830,"Lazy Doggies Chip Toy 8""",,Each,"Main Warehouse",0,0,0,,0,077234544433,,13.49,11.46,7.25000000,0.000000,0.00,0,0.000000,N,N,N,N,0,0,0,0,0,Spot
,339831,"Ruffus Chip Toy 8""",,Each,"Main Warehouse",0,0,0,,0,077234544440,,13.49,12.81,7.25000000,0.000000,0.00,0,0.000000,N,N,N,N,0,0,0,0,0,Spot
,339833,"Dogritos Chip Toy 8""",,Each,"Main Warehouse",0,0,0,,0,077234544464,,12.81,13.49,7.25000000,0.000000,0.00,0,0.000000,N,N,N,N,0,0,0,0,0,Spot
,34,"Primal Dog Freeze Dried Nuggets Lamb","Dog Freeze Dried",Each,"Main Warehouse",0,0,0,,0,,,44.99,44.99,0.00000000,0.000000,0.00,0,0.000000,N,N,N,N,0,0,0,0,0,Primal
,340083,"Go! Dog Weight Management & Joint Care Salmon - 3.5lb","Dry Dog Food",Each,"Main Warehouse",3,0,3,,0,815260007832,,25.99,25.99,18.45000000,0.000000,0.00,0,0.000000,N,N,N,N,0,0,0,0,0,GO!
,340084,"Go! Dog Weight Management & Joint Care Salmon - 12lb","Dry Dog Food",Each,"Main Warehouse",8,0,8,,0,815260007849,,64.99,64.99,46.15000000,0.000000,0.00,0,0.000000,N,N,N,N,0,0,0,0,0,GO!
,340085,"Go! Dog Weight Management & Joint Care Salmon - 22lb","Dry Dog Food",Each,"Main Warehouse",6,0,6,,0,815260007856,,94.99,99.99,71.00000000,0.000000,0.00,0,0.000000,N,N,N,N,0,0,0,0,0,GO!
,340089,"Go! Cat Weight & Joint Care Chicken - Salmon, 3lb",,Each,"Main Warehouse",10,0,10,,0,815260007870,,15.59,25.99,18.45000000,0.000000,0.00,0,0.000000,N,N,N,N,0,0,0,0,0,GO!
,340090,"GO! Weight & Joint Care GF Salmon 6LB Cat","Dry Cat Food",Each,"Main Warehouse",3,0,3,,0,815260007887,,41.99,0.00,29.80000000,0.000000,0.00,0,0.000000,N,N,N,N,0,0,0,0,0,GO!
,340092,"Go! Cat Weight & Joint Care Chicken - Salmon, 12lb","Dry Cat Food",Each,"Main Warehouse",3,0,3,,0,815260007894,,67.99,67.99,48.25000000,0.000000,0.00,0,0.000000,N,N,N,N,0,0,0,0,0,GO!
,340241,"Merrick Dog Grammy's Pot Pie Wet Food","Wet Dog Food",Each,"Main Warehouse",3,0,3,,0,022808001751,,6.99,6.99,4.82000000,0.000000,0.00,0,0.000000,N,N,N,N,0,0,0,0,0,Merrick
,340243,"Merrick Dog Turducken Wet Food","Wet Dog Food",Each,"Main Warehouse",7,0,7,,0,022808002666,,6.99,6.99,4.82000000,0.000000,0.00,0,0.000000,N,N,N,N,0,0,0,0,0,Merrick
,340245,"Merrick Dog Chicken Recipe Puppy Plate Wet Food","Wet Dog Food",Each,"Main Warehouse",7,0,7,,0,022808002888,,6.99,6.99,4.82000000,0.000000,0.00,0,0.000000,N,N,N,N,0,0,0,0,0,Merrick
,340246,"Merrick Dog Thanksgiving Day Dinner Wet Food","Wet Dog Food",Each,"Main Warehouse",8,0,8,,0,022808006688,,6.99,6.99,4.82000000,0.000000,0.00,0,0.000000,N,N,N,N,0,0,0,0,0,Merrick
,340696,"Go! Cat Weight & Joint Care Chicken - Chicken, 3lb",,Each,"Main Warehouse",2,0,2,,0,815260002523,,25.99,25.99,18.00000000,0.000000,0.00,0,0.000000,N,N,N,N,0,0,0,0,0,GO!
,340697,"GO! Weight & Joint Care GF Chicken 8LB","Dry Cat Food",Each,"Main Warehouse",4,0,4,,0,815260002561,,54.99,54.99,38.85000000,0.000000,0.00,0,0.000000,N,N,N,N,0,0,0,0,0,GO!
,340698,"GO! Weight & Joint Care GF Chicken 16LB","Dry Cat Food",Each,"Main Warehouse",4,0,4,,0,815260002578,,89.99,89.99,64.05000000,0.000000,0.00,0,0.000000,N,N,N,N,0,0,0,0,0,GO!
,34142,"GO! Cat Grain Free Carnivore Chicken, Turkey & Duck - 8lb","Dry Cat Food",Each,"Main Warehouse",0,0,0,,0,,,65.99,65.99,0.00000000,0.000000,0.00,0,0.000000,N,N,N,N,0,0,0,0,0,GO!
,34143,"GO! Cat Grain Free Carnivore Chicken, Turkey & Duck - 16lb","Dry Cat Food",Each,"Main Warehouse",0,0,0,,0,,,95.99,95.99,0.00000000,0.000000,0.00,0,0.000000,N,N,N,N,0,0,0,0,0,GO!
,341740,"Sheba Gravy Indulgence Chicken",,Each,"Main Warehouse",0,0,0,,0,058496465520,,1.59,1.58,1.14000000,0.000000,0.00,0,0.000000,N,N,N,N,0,0,0,0,0,Sheba
,341741,"Gravy Indulgence Beef 24/75GM | Cat",,CASE,"Main Warehouse",0,0,0,,0,58496465537,,0.00,0.00,0.00000000,0.000000,0.00,0,0.000000,N,N,N,N,0,0,0,0,0,Sheba
,341742,"Sheba Gravy Indulgence Salmon",,Each,"Main Warehouse",0,0,0,,0,058496465568,,1.43,1.42,1.15000000,0.000000,0.00,0,0.000000,N,N,N,N,0,0,0,0,0,Sheba
,341892,"World's Best Original Clumping Litter",Accessories,Each,"Main Warehouse",2,0,2,,0,322591001069,,6.48,32.49,24.05000000,0.000000,0.00,0,0.000000,N,N,N,N,0,0,0,0,0,"World's Best"
,341895,"World's Best Multiple Cat Clumping Unscented Litter 14lb",Accessories,Each,"Main Warehouse",0,0,0,,0,322591006132,,32.49,27.62,25.80000000,0.000000,0.00,0,0.000000,N,N,N,N,0,0,0,0,0,"World's Best"
,341898,"Multiple Cat Scented Clumping Litter",Accessories,Each,"Main Warehouse",7,0,7,,0,322591001106,,32.49,29.24,24.05000000,0.000000,0.00,0,0.000000,N,N,N,N,0,0,0,0,0,"World's Best"
,342367,"Eagle Pack Dry Food 30lbs - Large & Giant 30lb","Dry Dog Food",Each,"Main Warehouse",0,0,0,,0,041693329054,,62.39,103.99,76.85000000,0.000000,0.00,0,0.000000,N,N,N,N,0,0,0,0,0,N/A
,342641,"GO! Dog Skin & Coat Salmon Recipe - 22lb","Dry Dog Food",Each,"Main Warehouse",10,0,10,,0,815260006811,,90.24,94.99,68.45000000,0.000000,0.00,0,0.000000,N,N,N,N,0,0,0,0,0,GO!
,342642,"GO! Dog Skin & Coat Lamb Recipe - 22lb","Dry Dog Food",Each,"Main Warehouse",5,0,5,,0,815260006828,,97.99,95.99,68.85000000,0.000000,0.00,0,0.000000,N,N,N,N,0,0,0,0,0,GO!
,342643,"GO! Dog Skin & Coat Duck Recipe - 22lb","Dry Dog Food",Each,"Main Warehouse",5,0,5,,0,815260006835,,94.99,80.74,68.85000000,0.000000,0.00,0,0.000000,N,N,N,N,0,0,0,0,0,GO!
,343430,"Merrick Dog Chunky Colossal Chicken Dinner Wet Food","Wet Dog Food",Each,"Main Warehouse",9,0,9,,0,022808282938,,6.99,6.99,4.82000000,0.000000,0.00,0,0.000000,N,N,N,N,0,0,0,0,0,Merrick
,343431,"Merrick Chunky Carvers Delight Dinner Wet Food","Wet Dog Food",Each,"Main Warehouse",5,0,5,,0,022808282976,,6.99,6.99,4.82000000,0.000000,0.00,0,0.000000,N,N,N,N,0,0,0,0,0,Merrick
,344121,"GO! Dog Carnivore Grain Free Chicken, Turkey & Duck for Puppy - 3.5lb","Dry Dog Food",Each,"Main Warehouse",3,0,3,,0,815260005050,,23.99,23.99,17.10000000,0.000000,0.00,0,0.000000,N,N,N,N,0,0,0,0,0,GO!
,344123,"GO! Dog Carnivore Grain Free Chicken, Turkey & Duck for Puppy - 22lb","Dry Dog Food",Each,"Main Warehouse",3,0,3,,0,815260005074,,92.99,92.99,66.10000000,0.000000,0.00,0,0.000000,N,N,N,N,0,0,0,0,0,GO!
,344125,"GO! Dog Carnivore Grain Free Chicken, Turkey Duck Adult - 3.5lb","Dry Dog Food",Each,"Main Warehouse",0,0,0,,0,815260005098,,17.49,22.99,16.40000000,0.000000,0.00,0,0.000000,N,N,N,N,0,0,0,0,0,GO!
,344126,"GO! Dog Carnivore Grain Free Chicken, Turkey Duck Adult - 12lb","Dry Dog Food",Each,"Main Warehouse",4,0,4,,0,815260005104,,59.99,59.99,42.60000000,0.000000,0.00,0,0.000000,N,N,N,N,0,0,0,0,0,GO!
,344127,"GO! Dog Carnivore Grain Free Chicken, Turkey Duck Adult - 22lb","Dry Dog Food",Each,"Main Warehouse",8,0,8,,0,815260005111,,85.49,89.99,63.90000000,0.000000,0.00,0,0.000000,N,N,N,N,0,0,0,0,0,GO!
,344129,"Go! Carnivore Grain Free Chicken Turkey Duck Senior 3.5LB","Dry Dog Food",Each,"Main Warehouse",3,0,3,,0,815260005135,,24.99,24.99,17.10000000,0.000000,0.00,0,0.000000,N,N,N,N,0,0,0,0,0,GO!
,344130,"GO! Dog Carnivore Grain Free Chicken Turkey Duck for Senior 12 Lb","Dry Dog Food",Each,"Main Warehouse",8,0,8,,0,815260005142,,64.99,61.99,44.10000000,0.000000,0.00,0,0.000000,N,N,N,Y,0,0,0,0,0,GO!
,344131,"GO! Dog Carnivore GF Chicken Turkey Duck Senior 22lb","Dry Dog Food",Each,"Main Warehouse",15,0,15,,0,815260005159,,79.99,93.99,66.10000000,0.000000,0.00,0,0.000000,N,N,N,Y,0,0,0,0,0,GO!
,344138,"GO! Dog Carnivore Grain Free Salmon & Cod - 12lb","Dry Dog Food",Each,"Main Warehouse",5,0,5,,0,815260005227,,68.99,68.99,48.25000000,0.000000,0.00,0,0.000000,N,N,N,N,0,0,0,0,0,GO!
,344139,"GO! Dog Carnivore Grain Free Salmon & Cod - 22lb","Dry Dog Food",Each,"Main Warehouse",11,0,11,,0,815260005234,,105.99,105.99,75.30000000,0.000000,0.00,0,0.000000,N,N,N,N,0,0,0,0,0,GO!
,344141,"GO! Cat Grain Free Carnivore Chicken, Turkey & Duck - 3lb","Dry Cat Food",Each,"Main Warehouse",2,0,2,,0,815260005258,,25.99,25.99,18.50000000,0.000000,0.00,0,0.000000,N,N,N,N,0,0,0,0,0,GO!
,344142,"GO! Cat Grain Free Carnivore Chicken, Turkey & Duck - 16lb","Dry Cat Food",Each,"Main Warehouse",2,0,2,,0,815260005272,,95.99,95.99,40.50000000,0.000000,0.00,0,0.000000,N,N,N,N,0,0,0,0,0,GO!
,344149,"GO! Cat Grain Free Carnivore Salmon & Cod - 3lb","Dry Cat Food",Each,"Main Warehouse",8,0,8,,0,815260005333,,26.99,26.99,19.20000000,0.000000,0.00,0,0.000000,N,N,N,N,0,0,0,0,0,GO!
,344150,"GO! Cat Grain Free Carnivore Salmon & Cod - 8lb","Dry Cat Food",Each,"Main Warehouse",2,0,2,,0,815260005340,,57.99,57.99,41.20000000,0.000000,0.00,0,0.000000,N,N,N,N,0,0,0,0,0,GO!
,344151,"GO! Cat Grain Free Carnivore Salmon & Cod - 16lb","Dry Cat Food",Each,"Main Warehouse",5,0,5,,0,815260005357,,96.99,96.99,68.90000000,0.000000,0.00,0,0.000000,N,N,N,Y,0,0,0,0,0,GO!
,344323,"NOW Dog Lamb with Bone Broth Gravy Wet Food",,Each,"Main Warehouse",0,0,0,,0,,,0.00,0.00,0.00000000,0.000000,0.00,0,0.000000,N,N,N,N,0,0,0,0,0,NOW
,344324,"GO! Dog Sensitivities Grain Free Venison - 3.5lb","Dry Dog Food",Each,"Main Warehouse",5,0,5,,0,815260005883,,35.99,35.99,25.90000000,0.000000,0.00,0,0.000000,N,N,N,N,0,0,0,0,0,GO!
,344325,"GO! Dog Sensitivities Grain Free Venison - 22lb","Dry Dog Food",Each,"Main Warehouse",5,0,5,,0,815260005890,,142.99,142.99,102.90000000,0.000000,0.00,0,0.000000,N,N,N,N,0,0,0,0,0,GO!
,344327,"GO! Dog Sensitivities Grain Free Duck - 3.5lb","Dry Dog Food",Each,"Main Warehouse",4,0,4,,0,815260005692,,25.64,26.99,19.85000000,0.000000,0.00,0,0.000000,N,N,N,N,0,0,0,0,0,GO!
,344328,"GO! Dog Sensitivities Grain Free Duck - 12lb","Dry Dog Food",Each,"Main Warehouse",7,0,7,,0,815260005708,,42.59,70.99,50.40000000,0.000000,0.00,0,0.000000,N,N,N,Y,0,0,0,0,0,GO!
,344329,"GO! Dog Sensitivities Grain Free Duck - 22lb","Dry Dog Food",Each,"Main Warehouse",7,1,6,,0,815260005715,,107.99,107.99,80.20000000,0.000000,0.00,0,0.000000,N,N,N,N,0,0,0,0,0,GO!
,344331,"GO! Dog Sensitivities Grain Free Salmon - 3.5lb","Dry Dog Food",Each,"Main Warehouse",3,0,3,,0,815260005814,,24.99,14.99,17.80000000,0.000000,0.00,0,0.000000,N,N,N,N,0,0,0,0,0,GO!
,344332,"GO! Dog Sensitivities Grain Free Salmon - 12lb","Dry Dog Food",Each,"Main Warehouse",3,0,3,,0,815260005821,,61.74,64.99,46.20000000,0.000000,0.00,0,0.000000,N,N,N,N,0,0,0,0,0,GO!
,344333,"GO! Dog Sensitivities Grain Free Salmon - 22lb","Dry Dog Food",Each,"Main Warehouse",10,2,8,0,0,815260005838,,107.99,94.99,74.55000000,0.000000,0.00,0,1.000000,N,N,N,N,0,0,0,0,0,GO!
,344341,"GO! Sensitivities Limited Ingredient Lamb 22LB","Dry Dog Food",Each,"Main Warehouse",9,0,9,,0,815260005753,,111.99,111.99,78.09000000,0.000000,0.00,0,0.000000,N,N,N,Y,0,0,0,0,0,GO!
,344347,"GO! Cat Sensitivities Grain Free Duck Recipe - 3lb",,Each,"Main Warehouse",6,0,6,,0,815260005913,,28.99,28.99,20.60000000,0.000000,0.00,0,0.000000,N,N,N,N,0,0,0,0,0,GO!
,344348,"GO! Cat Sensitivities Grain Free Duck Recipe - 8lb",,Each,"Main Warehouse",2,0,2,,0,815260005920,,59.99,59.99,42.60000000,0.000000,0.00,0,0.000000,N,N,N,N,0,0,0,0,0,GO!
,344349,"GO! Cat Sensitivities Grain Free Duck Recipe - 16lb","Dry Cat Food",Each,"Main Warehouse",2,0,2,,0,815260005937,,107.99,101.99,72.50000000,0.000000,0.00,0,0.000000,N,N,N,N,0,0,0,0,0,GO!
,344353,"GO! Dog Sensitivities Grain Free Duck Pate","Wet Dog Food",Each,"Main Warehouse",18,0,18,,0,815260005364,,4.99,4.99,3.60000000,0.000000,0.00,0,0.000000,N,N,N,N,0,0,0,0,0,GO!
,344354,"GO! Dog Sensitivities Grain Free Shredded Turkey","Wet Dog Food",Each,"Main Warehouse",10,0,10,,0,815260005388,,4.99,4.99,3.60000000,0.000000,0.00,0,0.000000,N,N,N,N,0,0,0,0,0,GO!
,344356,"GO! Dog Skin & Coat Turkey & Salmon Pate","Wet Dog Food",Each,"Main Warehouse",21,0,21,,0,815260005425,,4.99,4.99,3.60000000,0.000000,0.00,0,0.000000,N,N,N,N,0,0,0,0,0,GO!
,344360,"GO! Cat Sensitivities Grain Free Duck Pate","Wet Cat Food",Each,"Main Warehouse",45,0,45,,0,815260005395,,3.79,3.99,2.87000000,0.000000,0.00,0,0.000000,N,N,N,N,0,0,0,0,0,GO!
,344363,"GO! Cat Skin & Coat Salmon Pate","Wet Cat Food",Each,"Main Warehouse",76,0,76,,0,815260005449,,3.99,3.99,2.87000000,0.000000,0.00,0,0.000000,N,N,N,N,0,0,0,0,0,GO
,344366,"GO! Cat Carnivore Salmon & Cod Pate","Wet Cat Food",Each,"Main Warehouse",17,0,17,,0,815260005494,,3.99,3.99,2.87000000,0.000000,0.00,0,0.000000,N,N,N,N,0,0,0,0,0,GO!
,344368,"Merrick Dog Grain Free Chicken & Sweet Potato - 4lb","Dry Dog Food",Each,"Main Warehouse",0,0,0,,0,,,30.49,30.49,30.49000000,0.000000,0.00,0,0.000000,N,N,N,N,0,0,0,0,0,Merrick
,344370,"Merrick Dog Grain Free Texas Beef & Sweet Potato - 4lb","Dry Dog Food",Each,"Main Warehouse",2,0,2,,0,022808384786,,33.49,33.49,25.60000000,0.000000,0.00,0,0.000000,N,N,N,N,0,0,0,0,0,Merrick
,344373,"Merrick Dog Grain Free Salmon & Sweet Potato",,Each,"Main Warehouse",0,0,0,,0,,,33.49,0.00,25.60000000,0.000000,0.00,0,0.000000,N,N,N,N,0,0,0,0,0,Merrick
,344375,"Merrick Grain Free Lamb & Sweet Potato - 4lb","Dry Dog Food",Each,"Main Warehouse",1,0,1,,0,022808384861,,33.49,33.49,25.60000000,0.000000,0.00,0,0.000000,N,N,N,N,0,0,0,0,0,Merrick
,344377,"Merrick Dog Grain Free Chicken & Sweet Potato - 10lb","Dry Dog Food",Each,"Main Warehouse",0,0,0,,0,,,65.49,65.49,50.60000000,0.000000,0.00,0,0.000000,N,N,N,N,0,0,0,0,0,Merrick
,344379,"Merrick Dog Grain Free Texas Beef & Sweet Potato - 10lb","Dry Dog Food",Each,"Main Warehouse",0,0,0,,0,,,68.99,68.99,53.05000000,0.000000,0.00,0,0.000000,N,N,N,N,0,0,0,0,0,Merrick
,344386,"Merrick Dog Grain Free Chicken & Sweet Potato - 22lb","Dry Dog Food",Each,"Main Warehouse",0,0,0,,0,,,110.49,110.49,85.45000000,0.000000,0.00,0,0.000000,N,N,N,N,0,0,0,0,0,Merrick
,344388,"Merrick Dog Grain Free Texas Beef & Sweet Potato - 22lb","Dry Dog Food",Each,"Main Warehouse",0,0,0,,0,,,117.49,117.49,90.65000000,0.000000,0.00,0,0.000000,N,N,N,N,0,0,0,0,0,Merrick
,344390,"Merrick Dog Grain Free Texas Beef & Sweet Potato Puppy",,Each,"Main Warehouse",0,0,0,,0,,,117.49,0.00,90.65000000,0.000000,0.00,0,0.000000,N,N,N,N,0,0,0,0,0,Merrick
,344391,"Merrick Dog Grain Free Salmon & Sweet Potato - 22lb","Dry Dog Food",Each,"Main Warehouse",0,0,0,,0,,,117.49,117.49,90.65000000,0.000000,0.00,0,0.000000,N,N,N,N,0,0,0,0,0,Merrick
,344393,"Merrick Grain Free Lamb & Sweet Potato - 22lb","Dry Dog Food",Each,"Main Warehouse",0,0,0,,0,022808385752,,70.49,117.49,90.65000000,0.000000,0.00,0,0.000000,N,N,N,N,0,0,0,0,0,Merrick
,344437,"Sheba Chicken in Alfredo Sauce 24/75GM | Cat",,CASE,"Main Warehouse",0,0,0,,0,58496457570,,0.00,0.00,0.00000000,0.000000,0.00,0,0.000000,N,N,N,N,0,0,0,0,0,Sheba
,344438,"Sheba Salmon in Creamy Sauce",,Each,"Main Warehouse",1,0,1,,0,058496457594,,1.4325,1.36,1.14000000,0.000000,0.00,0,0.000000,N,N,N,N,0,0,0,0,0,Sheba
,344439,"Delicate White Fish & Tuna 75GM | Cat",,Each,"Main Warehouse",23,0,23,,0,058496457617,,1.59,2.39,1.14000000,0.000000,0.00,0,0.000000,N,N,N,N,0,0,0,0,0,N/A
,344441,"Gourmet Salmon & Chicken 24/75GM | Cat",,CASE,"Main Warehouse",0,0,0,,0,58496457655,,0.00,0.00,0.00000000,0.000000,0.00,0,0.000000,N,N,N,N,0,0,0,0,0,Sheba
,344545,"NOW Dog Turkey Salmon Duck Large Breed Puppy 12lbs","Dry Dog Food",Each,"Main Warehouse",3,0,3,,0,815260007184,,73.99,73.99,52.55000000,0.000000,0.00,0,0.000000,N,N,N,N,0,0,0,0,0,"Now Fresh"
,344546,"NOW Dog Turkey Salmon Duck Large Breed Puppy 25 Lbs","Dry Dog Food",Each,"Main Warehouse",3,0,3,,0,815260007191,,88.19,116.99,90.65000000,0.000000,0.00,0,0.000000,N,N,N,N,0,0,0,0,0,"Now Fresh"
,344547,"NOW Dog Turkey Salmon Duck Large Breed Adult - 12lb","Dry Dog Food",Each,"Main Warehouse",2,0,2,,0,815260007207,,70.99,70.99,51.10000000,0.000000,0.00,0,0.000000,N,N,N,N,0,0,0,0,0,"Now Fresh"
,344548,"NOW Dog Turkey Salmon Duck Large Breed Adult - 25lb","Dry Dog Food",Each,"Main Warehouse",4,0,4,,0,815260007214,,122.99,122.99,88.50000000,0.000000,0.00,0,0.000000,N,N,N,N,0,0,0,0,0,"Now Fresh"
,344550,"NOW Dog Turkey Salmon & Duck Puppy - 3.5lb","Dry Dog Food",Each,"Main Warehouse",0,0,0,,0,815260007054,,29.99,29.99,21.60000000,0.000000,0.00,0,0.000000,N,N,N,N,0,0,0,0,0,"Now Fresh"
,344551,"NOW Dog Turkey Salmon & Duck Puppy - 22lb","Dry Dog Food",Each,"Main Warehouse",2,0,2,,0,815260007078,,109.99,109.99,79.15000000,0.000000,0.00,0,0.000000,N,N,N,N,0,0,0,0,0,"Now Fresh"
,344552,"NOW Turkey Salmon & Duck Adult 3.5LB",,Each,"Main Warehouse",3,0,3,,0,815260007085,,26.99,0.00,20.85000000,0.000000,0.00,0,0.000000,N,N,N,N,0,0,0,0,0,"Now Fresh"
,344553,"NOW Dog Turkey Salmon & Duck Adult - 12lb","Dry Dog Food",Each,"Main Warehouse",0,0,0,,0,815260007092,,70.99,70.99,51.10000000,0.000000,0.00,0,0.000000,N,N,N,N,0,0,0,0,0,"Now Fresh"
,344554,"NOW Dog Turkey Salmon & Duck Adult - 22lb","Dry Dog Food",Each,"Main Warehouse",5,0,5,,0,815260007108,,102.59,107.99,77.70000000,0.000000,0.00,0,0.000000,N,N,N,Y,0,0,0,0,0,"Now Fresh"
,344555,"NOW Turkey Salmon & Duck Senior 3.5LB",,Each,"Main Warehouse",2,0,2,,0,815260007115,,18.19,25.99,20.85000000,0.000000,0.00,0,0.000000,N,N,N,N,0,0,0,0,0,"Now Fresh"
,344556,"NOW Dog Turkey Salmon & Duck Senior 12lb","Dry Dog Food",Each,"Main Warehouse",2,0,2,,0,815260007122,,71.99,0.00,51.80000000,0.000000,0.00,0,0.000000,N,N,N,N,0,0,0,0,0,"Now Fresh"
,344557,"NOW Dog Turkey Salmon & Duck Senior 22 Lbs","Dry Dog Food",Each,"Main Warehouse",2,0,2,,0,815260007139,,109.99,0.00,79.15000000,0.000000,0.00,0,0.000000,N,N,N,N,0,0,0,0,0,"Now Fresh"
,344558,"NOW Lamb & Pork Adult 3.5LB",,Each,"Main Warehouse",3,0,3,,0,815260007160,,32.99,0.00,23.75000000,0.000000,0.00,0,0.000000,N,N,N,N,0,0,0,0,0,"Now Fresh"
,344559,"NOW Lamb & Pork Adult 22lb","Dry Dog Food",Each,"Main Warehouse",3,0,3,,0,815260007177,,41.03,113.99,88.50000000,0.000000,0.00,0,0.000000,N,N,N,N,0,0,0,0,0,"Now Fresh"
,344560,"NOW Trout Salmon & Herring Adult 3.5LB","Dry Dog Food",Each,"Main Warehouse",1,0,1,,0,815260007146,,22.39,31.99,21.60000000,0.000000,0.00,0,0.000000,N,N,N,N,0,0,0,0,0,"Now Fresh"
,344565,"NOW Turkey Salmon Duck Small Breed Adult 3.5lb",,Each,"Main Warehouse",2,0,2,,0,815260007276,,31.99,0.00,23.00000000,0.000000,0.00,0,0.000000,N,N,N,N,0,0,0,0,0,"Now Fresh"
,344568,"NOW Turkey Salmon Duck Small Breed Adult 22LB","Dry Dog Food",Each,"Main Warehouse",2,0,2,,0,815260007306,,108.99,108.99,77.70000000,0.000000,0.00,0,0.000000,N,N,N,N,0,0,0,0,0,"Now Fresh"
,344578,"NOW Cat Turkey Salmon & Duck Adult - 3lb","Dry Cat Food",Each,"Main Warehouse",3,0,3,,0,815260007436,,26.99,26.99,19.40000000,0.000000,0.00,0,0.000000,N,N,N,N,0,0,0,0,0,"Now Fresh"
,344579,"NOW Cat Turkey Salmon & Duck Adult - 8lb","Dry Cat Food",Each,"Main Warehouse",4,0,4,,0,815260007443,,57.99,57.99,41.70000000,0.000000,0.00,0,0.000000,N,N,N,N,0,0,0,0,0,"Now Fresh"
,344580,"NOW Cat Turkey Salmon & Duck Adult - 16lb","Dry Cat Food",Each,"Main Warehouse",1,0,1,,0,815260007450,,67.19,95.99,71.00000000,0.000000,0.00,0,0.000000,N,N,N,N,0,0,0,0,0,"Now Fresh"
,344584,"NOW Cat Trout Salmon & Herring Adult 3 Lb","Dry Cat Food",Each,"Main Warehouse",1,0,1,,0,815260007498,,28.99,17.39,20.85000000,0.000000,0.00,0,0.000000,N,N,N,N,0,0,0,0,0,"Now Fresh"
,344585,"NOW Cat Trout Salmon & Herring Adult 8lb",,Each,"Main Warehouse",0,0,0,,0,,,58.99,0.00,42.45000000,0.000000,0.00,0,0.000000,N,N,N,N,0,0,0,0,0,"Now Fresh"
,344646,"Merrick Cat Chicken Brown Rice Ancient Grains",,Each,"Main Warehouse",0,0,0,,0,,,31.49,0.00,23.10000000,0.000000,0.00,0,0.000000,N,N,N,N,0,0,0,0,0,Merrick
,344647,"Merrick Cat Salmon Brown Rice Ancient Grains",,Each,"Main Warehouse",0,0,0,,0,,,31.49,0.00,23.10000000,0.000000,0.00,0,0.000000,N,N,N,N,0,0,0,0,0,Merrick
,344714,"Royal Canin Small Puppy 14lb","Dry Dog Food",Each,"Main Warehouse",2,0,2,,0,030111447142,,89.99,89.99,57.63000000,0.000000,0.00,0,0.000000,N,N,N,N,0,0,0,0,0,"Royal Canin"
,345024,"Naturals Cat Scratcher (Single)",,Each,"Main Warehouse",2,0,2,,0,035585450247,,0.00,0.00,0.00000000,0.000000,0.00,0,0.000000,N,N,N,N,0,0,0,0,0,N/A
,345025,"Naturals Cat Scratcher (Double)",,Each,"Main Warehouse",2,0,2,,0,035585450254,,0.00,0.00,0.00000000,0.000000,0.00,0,0.000000,N,N,N,N,0,0,0,0,0,N/A
,345103,"Royal Canin Kitten Dry Food - 3lb","Dry Cat Food",Each,"Main Warehouse",0,0,0,,0,030111451033,,23.09,36.99,22.89000000,0.000000,0.00,0,0.000000,N,N,N,N,0,0,0,0,0,"Royal Canin"
,345600,"Merrick Cat Chicken Pate Wet Food 3oz","Wet Cat Food",Each,"Main Warehouse",24,0,24,,0,022808382539,,2.79,2.79,2.03000000,0.000000,0.00,0,0.000000,N,N,N,N,0,0,0,0,0,Merrick
,345601,"Merrick Cat Salmon Pate Wet Food 3oz",,Each,"Main Warehouse",17,0,17,,0,022808382553,,2.79,2.79,2.03000000,0.000000,0.00,0,0.000000,N,N,N,N,0,0,0,0,0,Merrick
,345602,"Merrick Cat Tuna Pate Wet Food","Wet Cat Food",Each,"Main Warehouse",10,0,10,,0,022808382577,,2.79,2.79,2.03000000,0.000000,0.00,0,0.000000,N,N,N,N,0,0,0,0,0,Merrick
,345603,"Merrick Cat Turkey Pate Wet Food 3oz","Wet Cat Food",Each,"Main Warehouse",24,0,24,,0,022808382591,,2.79,2.79,2.03000000,0.000000,0.00,0,0.000000,N,N,N,N,0,0,0,0,0,Merrick
,345604,"Merrick Cat Duck Pate Wet Food","Wet Cat Food",Each,"Main Warehouse",5,0,5,,0,022808382614,,2.79,2.79,2.03000000,0.000000,0.00,0,0.000000,N,N,N,N,0,0,0,0,0,Merrick
,345632,"Merrick Cat Real Chicken Healthy Recipe for Kitten - 4lb","Dry Cat Food",Each,"Main Warehouse",3,0,3,,0,022808382973,,31.49,31.49,23.10000000,0.000000,0.00,0,0.000000,N,N,N,N,0,0,0,0,0,Merrick
,345633,"Merrick Cat Real Chicken Recipe - 4lb","Dry Cat Food",Each,"Main Warehouse",0,0,0,,0,,,31.49,31.49,23.10000000,0.000000,0.00,0,0.000000,N,N,N,N,0,0,0,0,0,Merrick
,345634,"Merrick Cat Real Salmon Recipe - 4lb","Dry Cat Food",Each,"Main Warehouse",0,0,0,,0,,,31.49,31.49,23.10000000,0.000000,0.00,0,0.000000,N,N,N,N,0,0,0,0,0,Merrick
,345636,"Merrick Cat Real Chicken Healthy Weight","Dry Cat Food",Each,"Main Warehouse",0,0,0,,0,,,31.49,31.49,23.10000000,0.000000,0.00,0,0.000000,N,N,N,N,0,0,0,0,0,Merrick
,345637,"Merrick Cat Real Chicken Recipe - 12lb","Dry Cat Food",Each,"Main Warehouse",0,0,0,,0,,,73.49,73.49,56.65000000,0.000000,0.00,0,0.000000,N,N,N,N,0,0,0,0,0,Merrick
,345638,"Merrick Cat Real Salmon Recipe - 12lb","Dry Cat Food",Each,"Main Warehouse",0,0,0,,0,,,73.49,73.49,56.65000000,0.000000,0.00,0,0.000000,N,N,N,N,0,0,0,0,0,Merrick
,345642,"Basic Hooded Litter Pan Large Silver & Blue","Cat Accessories",Each,"Main Warehouse",0,0,0,,0,,,36.49,34.06,28.25000000,0.000000,0.00,0,0.000000,N,N,N,N,0,0,0,0,0,N/A
,346413,"GO! Skin & Coat Large Breed Adult Salmon 25LB","Dry Dog Food",Each,"Main Warehouse",8,0,8,,0,815260006804,,94.99,99.99,71.00000000,0.000000,0.00,0,0.000000,N,N,N,N,0,0,0,0,0,GO!
,346892,"Eagle Pack Dry Food 30lbs - Original 30lb","Dry Dog Food",Each,"Main Warehouse",0,0,0,,0,041693329160,,63.29,105.49,78.05000000,0.000000,0.00,0,0.000000,N,N,N,N,0,0,0,0,0,GO!
,347253,"GO! Dog Skin & Coat Duck Recipe - 3.5lb","Dry Dog Food",Each,"Main Warehouse",2,0,2,,0,815260006040,,22.99,22.99,17.05000000,0.000000,0.00,0,0.000000,N,N,N,N,0,0,0,0,0,GO!
,347254,"GO! Dog Skin & Coat Duck Recipe - 12lb","Dry Dog Food",Each,"Main Warehouse",5,0,5,,0,815260006057,,58.99,58.99,41.90000000,0.000000,0.00,0,0.000000,N,N,N,N,0,0,0,0,0,GO!
,347266,"Proactive Health Beef Veggie & Rice 12/369GM",,CASE,"Main Warehouse",0,0,0,,0,19014806423,,0.00,0.00,0.00000000,0.000000,0.00,0,0.000000,N,N,N,N,0,0,0,0,0,Iams
,347267,"Iams Proactive Health Adult Chicken & Rice",,Each,"Main Warehouse",5,0,5,,0,019014806447,,2.59,2.59,1.90000000,0.000000,0.00,0,0.000000,N,N,N,N,0,0,0,0,0,Iams
,347269,"Iams Proactive Health Adult Lamb & Rice",,CASE,"Main Warehouse",0,0,0,,0,19014806485,,2.59,2.59,0.00000000,0.000000,0.00,0,0.000000,N,N,N,N,0,0,0,0,0,Iams
,347270,"Proactive Health Chicken & Rice 369G",,Each,"Main Warehouse",1,0,1,,0,58496464981,,2.59,0.00,1.90000000,0.000000,0.00,0,0.000000,N,N,N,N,0,0,0,0,0,Iams
,347271,"Proactive Health Lamb & Rice 6/369GM",,Each,"Main Warehouse",24,0,24,,0,019014806485,,2.59,2.59,1.90000000,0.000000,0.00,0,0.000000,N,N,N,N,0,0,0,0,0,Iams
,347375,"GO! Cat Skin & Coat Chicken Recipe - 3lb","Dry Cat Food",Each,"Main Warehouse",3,0,3,,0,815260002981,,22.99,22.99,16.30000000,0.000000,0.00,0,0.000000,N,N,N,N,0,0,0,0,0,GO
,347376,"GO! Cat Skin & Coat Chicken Recipe - 8lb","Dry Cat Food",Each,"Main Warehouse",5,0,5,,0,815260002998,,29.39,48.99,34.79000000,0.000000,0.00,0,0.000000,N,N,N,N,0,0,0,0,0,GO
,347377,"GO! Cat Skin & Coat Chicken Recipe - 16lb","Dry Cat Food",Each,"Main Warehouse",3,0,3,,0,815260003001,,81.99,81.99,61.05000000,0.000000,0.00,0,0.000000,N,N,N,N,0,0,0,0,0,GO
,347379,"GO! Cat Skin & Coat Salmon - 3lb","Dry Cat Food",Each,"Main Warehouse",4,0,4,,0,815260005012,,23.99,23.99,17.05000000,0.000000,0.00,0,0.000000,N,N,N,N,0,0,0,0,0,GO
,347381,"GO! Cat Skin & Coat Salmon Indoor 3Lb","Dry Cat Food",Each,"Main Warehouse",0,0,0,,0,815260005012,,83.99,0.00,59.65000000,0.000000,0.00,0,0.000000,N,N,N,N,0,0,0,0,0,GO
,347391,"GO! Cat Skin & Coat Salmon - 16lb","Dry Cat Food",Each,"Main Warehouse",11,0,11,,0,815260005036,,83.99,83.99,62.45000000,0.000000,0.00,0,0.000000,N,N,N,Y,0,0,0,0,0,GO
,347529,"GO! Cat Sensitivities Grain Free Salmon - 6lb","Dry Cat Food",Each,"Main Warehouse",2,0,2,,0,815260007009,,44.99,44.99,31.95000000,0.000000,0.00,0,0.000000,N,N,N,N,0,0,0,0,0,GO
,347530,"GO! Cat Sensitivities Grain Free Salmon - 12lb","Dry Cat Food",Each,"Main Warehouse",0,0,0,,0,815260007528,,74.99,74.99,53.25000000,0.000000,0.00,0,0.000000,N,N,N,Y,0,0,0,0,0,GO
,347532,"GO! Cat Hairball Control + Urinary Care Chicken Recipe - 3lb",,Each,"Main Warehouse",5,0,5,,0,815260006880,,28.99,28.99,20.60000000,0.000000,0.00,0,0.000000,N,N,N,N,0,0,0,0,0,GO
,347533,"GO! Cat Hairball Control + Urinary Care Chicken Recipe - 6lb","Dry Cat Food",Each,"Main Warehouse",4,0,4,,0,815260006897,,46.99,46.99,33.35000000,0.000000,0.00,0,0.000000,N,N,N,N,0,0,0,0,0,GO
,347534,"GO! Cat Hairball Control + Urinary Care Chicken Recipe - 12lb","Dry Cat Food",Each,"Main Warehouse",5,0,5,,0,815260006903,,78.99,75.04,56.10000000,0.000000,0.00,0,0.000000,N,N,N,N,0,0,0,0,0,GO
,347583,"Merrick Dog Grain Free Real Chicken & Sweet Potato","Dry Dog Food",Each,"Main Warehouse",0,0,0,,0,,,0.00,0.00,54.00000000,0.000000,0.00,0,0.000000,N,N,N,N,0,0,0,0,0,Merrick
,347584,"Merrick Dog Grain Free Salmon & Sweet Potato - 12lb","Dry Dog Food",Each,"Main Warehouse",0,0,0,,0,,,72.99,72.99,56.10000000,0.000000,0.00,0,0.000000,N,N,N,N,0,0,0,0,0,Merrick
,347680,"Merrick Cat Rabbit Pate Wet Food 3oz","Wet Cat Food",Each,"Main Warehouse",24,0,24,,0,022808385103,,2.79,2.79,2.03000000,0.000000,0.00,0,0.000000,N,N,N,N,0,0,0,0,0,Merrick
,347683,"Merrick Cat Kitten Dinner Pate Wet Food","Wet Cat Food",Each,"Main Warehouse",14,0,14,,0,022808385172,,2.512,2.79,2.03000000,0.000000,0.00,0,0.000000,N,N,N,N,0,0,0,0,0,Merrick
,347708,"KONG Squeezz Dental Bone Medium","Chews + Bones",Each,"Main Warehouse",0,0,0,,0,,,14.99,14.99,0.00000000,0.000000,0.00,0,0.000000,N,N,N,N,0,0,0,0,0,Kong
,347713,"Merrick Cat Complete Care Hairball Control","Dry Cat Food",Each,"Main Warehouse",0,0,0,,0,,,32.99,32.99,20.60000000,0.000000,0.00,0,0.000000,N,N,N,N,0,0,0,0,0,Merrick
,347780,"GO! Dog Skin & Coat Salmon Recipe - 3.5lb","Dry Dog Food",Each,"Main Warehouse",4,0,4,,0,815260002912,,21.99,21.99,15.70000000,0.000000,0.00,0,0.000000,N,N,N,N,0,0,0,0,0,GO
,347781,"GO! Dog Skin & Coat Salmon Recipe - 12lb","Dry Dog Food",Each,"Main Warehouse",4,0,4,,0,815260002929,,58.99,58.99,41.90000000,0.000000,0.00,0,0.000000,N,N,N,Y,0,0,0,0,0,GO
,347784,"GO! Dog Skin & Coat Lamb Recipe - 3.5lb","Dry Dog Food",Each,"Main Warehouse",3,0,3,,0,815260002950,,13.79,13.79,16.40000000,0.000000,0.00,0,0.000000,N,N,N,N,0,0,0,0,0,GO
,347886,"World's Best Low Tracking & Dust Control Litter 8lb",Accessories,Each,"Main Warehouse",5,0,5,,0,840673102003,,20.49,20.49,14.90000000,0.000000,0.00,0,0.000000,N,N,N,N,0,0,0,0,0,"World's Best"
,347887,"World's Best Low Tracking & Dust Control Litter 15lb",Accessories,Each,"Main Warehouse",6,0,6,,0,840673102027,,34.99,34.99,27.65000000,0.000000,0.00,0,0.000000,N,N,N,N,0,0,0,0,0,"World's Best"
,347888,"World's Best Low Tracking & Dust Control Litter 28lb",Accessories,Each,"Main Warehouse",2,0,2,,0,840673102034,,60.99,60.99,48.00000000,0.000000,0.00,0,0.000000,N,N,N,N,0,0,0,0,0,"World's Best"
,348250,"Merrick Cat Real Chicken Sensitive Stomach - 4lb","Dry Cat Food",Each,"Main Warehouse",0,0,0,,0,,,32.99,32.99,24.30000000,0.000000,0.00,0,0.000000,N,N,N,N,0,0,0,0,0,Merrick
,348252,"Merrick Cat Real Chicken Sensitive Stomach - 12lb","Dry Cat Food",Each,"Main Warehouse",0,0,0,,0,,,76.99,76.99,59.45000000,0.000000,0.00,0,0.000000,N,N,N,N,0,0,0,0,0,Merrick
,349002,"NOW Dog Good Gravy Adult Chicken - 3.5lb","Dry Dog Food",Each,"Main Warehouse",4,0,4,,0,815260006965,,16.19,26.99,19.15000000,0.000000,0.00,0,0.000000,N,N,N,N,0,0,0,0,0,NOW
,349003,"NOW Dog Good Gravy Adult Chicken - 22lb","Dry Dog Food",Each,"Main Warehouse",2,0,2,,0,815260007535,,104.99,104.99,74.55000000,0.000000,0.00,0,0.000000,N,N,N,N,0,0,0,0,0,NOW
,349004,"NOW Dog Good Gravy Adult Salmon - 3.5lb","Dry Dog Food",Each,"Main Warehouse",2,0,2,,0,815260007559,,17.99,29.99,21.30000000,0.000000,0.00,0,0.000000,N,N,N,N,0,0,0,0,0,NOW
,349005,"NOW Dog Good Gravy Adult Salmon - 22lb","Dry Dog Food",Each,"Main Warehouse",2,0,2,,0,815260007573,,109.99,109.99,78.10000000,0.000000,0.00,0,0.000000,N,N,N,N,0,0,0,0,0,NOW
,349417,"RC Giant Breed Puppy 30lb","Dry Dog Food",Each,"Main Warehouse",2,0,2,,0,030111494177,,127.99,115.99,81.88000000,0.000000,0.00,0,0.000000,N,N,N,N,0,0,0,0,0,"Royal Canin"
,349824,"Merrick Cat Real Chicken Recipe - 7lb","Dry Cat Food",Each,"Main Warehouse",0,0,0,,0,,,50.99,50.99,37.70000000,0.000000,0.00,0,0.000000,N,N,N,N,0,0,0,0,0,Merrick
,349825,"Merrick Cat Real Salmon Recipe - 7lb","Dry Cat Food",Each,"Main Warehouse",0,0,0,,0,,,50.99,50.99,37.70000000,0.000000,0.00,0,0.000000,N,N,N,N,0,0,0,0,0,Merrick
,349826,"Merrick Cat Real Chicken Healthy Recipe for Kitten - 7lb","Dry Cat Food",Each,"Main Warehouse",0,0,0,,0,,,50.99,50.99,37.70000000,0.000000,0.00,0,0.000000,N,N,N,N,0,0,0,0,0,Merrick
,350573,"Royal Canin Medium Dental Care 28lb","Dry Dog Food",Each,"Main Warehouse",2,0,2,,0,030111505736,,97.99,139.99,89.51000000,0.000000,0.00,0,0.000000,N,N,N,N,0,0,0,0,0,"Royal Canin"
,350583,"Care Nutrition Large Dental Care 30lb","Dry Dog Food",Each,"Main Warehouse",2,0,2,,0,030111505835,,139.99,139.99,90.39000000,0.000000,0.00,0,0.000000,N,N,N,N,0,0,0,0,0,"Royal Canin"
,350620,"Med Forage Hedgehog Dog Toy",Accessories,Each,"Main Warehouse",3,0,3,,0,035585506203,,21.99,21.99,14.20000000,0.000000,0.00,0,0.000000,N,N,N,N,0,0,0,0,0,"Royal Canin"
,35093,"Fussie Cat Tuna Purée 4 count","Cat Treats",Each,"Main Warehouse",18,0,18,,0,810138350935,,3.99,3.99,2.83000000,0.000000,0.00,0,0.000000,N,N,N,N,0,0,0,0,0,"Fussie Cat"
,35094,"Fussie Cat Tuna with Anchovies Purée 4 count","Cat Treats",Each,"Main Warehouse",18,0,18,,0,810138350942,,3.99,3.99,2.83000000,0.000000,0.00,0,0.000000,N,N,N,N,0,0,0,0,0,"Fussie Cat"
,351181,"Royal Canin Breed Health Chihuahua 10LB","Dog Freeze Dried Food",Each,"Main Warehouse",3,0,3,,0,030111511812,,75.99,75.99,55.70000000,0.000000,0.00,0,0.000000,N,N,N,N,0,0,0,0,0,"Royal Canin"
,351250,"RC Small Breed Adult 4.4lb","Dry Dog Food",Each,"Main Warehouse",1,0,1,,0,030111512505,,38.99,25.99,23.81000000,0.000000,0.00,0,0.000000,N,N,N,N,0,0,0,0,0,"Royal Canin"
,351262,"RC Small Breed 8+ 2.5LB","Dry Dog Food",Each,"Main Warehouse",0,0,0,,0,030111512628,,33.99,25.99,20.43000000,0.000000,0.00,0,0.000000,N,N,N,N,0,0,0,0,0,"Royal Canin"
,351272,"RC Small Breed Senior","Dry Dog Food",Each,"Main Warehouse",5,0,5,,0,030111512727,,31.99,31.99,20.43000000,0.000000,0.00,0,0.000000,N,N,N,N,0,0,0,0,0,"Royal Canin"
,35129,"Fussie Cat Goat Milk Purée Treats - Tuna with Small Anchovy","Cat Food Toppers",Each,"Main Warehouse",29,0,29,,0,810138351291,,3.99,3.99,0.00000000,0.000000,0.00,0,0.000000,N,N,N,N,0,0,0,0,0,"Fussie Cat"
,35130,"Fussie Cat Tuna with Chicken in Goat Milk Purée 4 count","Cat Treats",Each,"Main Warehouse",15,0,15,,0,810138351307,,3.99,3.99,2.83000000,0.000000,0.00,0,0.000000,N,N,N,N,0,0,0,0,0,"Fussie Cat"
,35132,"Fussie Cat Goat Milk Purée Treats - Chicken","Cat Food Toppers",Each,"Main Warehouse",21,0,21,,0,810138351321,,3.99,3.99,0.00000000,0.000000,0.00,0,0.000000,N,N,N,N,0,0,0,0,0,"Fussie Cat"
,35133,"Fussie Cat Goat Milk Purée Treats - Chicken with Duck","Cat Food Toppers",Each,"Main Warehouse",23,0,23,,0,810138351338,,3.99,3.99,0.00000000,0.000000,0.00,0,0.000000,N,N,N,N,0,0,0,0,0,"Fussie Cat"
,35134,"Fussie Cat Goat Milk Purée Treats - Chicken with Beef","Cat Food Toppers",Each,"Main Warehouse",20,0,20,,0,810138351345,,3.99,3.99,0.00000000,0.000000,0.00,0,0.000000,N,N,N,N,0,0,0,0,0,"Fussie Cat"
,35137,"Fussie Cat  Tuna with Salmon in Goat Milk Purée 4 count","Cat Treats",Each,"Main Warehouse",16,0,16,,0,810138351314,,3.59,3.99,2.83000000,0.000000,0.00,0,0.000000,N,N,N,N,0,0,0,0,0,"Fussie Cat"
,35153,"Fussie Cat Goat Milk Gravy Wet Food - Chicken","Cat Food Toppers",Each,"Main Warehouse",42,0,42,,0,810138351536,,2.99,3.19,2.19000000,0.000000,0.00,0,0.000000,N,N,N,Y,0,0,0,0,0,"Fussie Cat"
,35155,"Fussie Cat Goat Milk Gravy Wet Food - Chicken with Duck","Cat Food Toppers",Each,"Main Warehouse",70,0,70,,0,810138351550,,2.99,3.19,2.19000000,0.000000,0.00,0,0.000000,N,N,N,Y,0,0,0,0,0,"Fussie Cat"
,35157,"Fussie Cat Goat Milk Gravy Wet Food - Chicken with Beef","Cat Food Toppers",Each,"Main Warehouse",63,0,63,,0,810138351574,,2.99,3.19,2.19000000,0.000000,0.00,0,0.000000,N,N,N,Y,0,0,0,0,0,"Fussie Cat"
,352901,"Kong ZoomGroom Brush",,Each,"Main Warehouse",4,0,4,,0,035585529011,,19.99,0.00,10.80000000,0.000000,0.00,0,0.000000,N,N,N,N,0,0,0,0,0,N/A
,354096,"HugSmart Snufflemat Ice Cream Small Dog / Cat",,Each,"Main Warehouse",2,0,2,,0,628067705203,,10.99,10.99,6.70000000,0.000000,0.00,0,0.000000,N,N,N,N,0,0,0,0,0,HugSmart
,354097,"HugSmart Snufflemat Hamburger Small Dog / Cat",,Each,"Main Warehouse",2,0,2,,0,628067705210,,10.99,10.99,6.70000000,0.000000,0.00,0,0.000000,N,N,N,N,0,0,0,0,0,HugSmart
,354098,"HugSmart Snufflemat French Fries Small Dog / Cat",,Each,"Main Warehouse",3,0,3,,0,628067705227,,10.99,10.99,6.70000000,0.000000,0.00,0,0.000000,N,N,N,N,0,0,0,0,0,HugSmart
,354642,"Basic Hooded Litter Pan Large Silver & Blue",Accessories,Each,"Main Warehouse",1,0,1,,0,029695420900,,34.06,34.06,26.20000000,0.000000,0.00,0,0.000000,N,N,N,N,0,0,0,0,0,N/A
,354646,"Royal Canin Feline Urinary Care - 14lb","Dry Cat Food",Each,"Main Warehouse",5,0,5,,0,030111546463,,108.99,117.99,76.70000000,0.000000,0.00,0,0.000000,N,N,N,Y,0,0,0,0,0,"Royal Canin"
,354647,"Royal Canin Feline Urinary Care - 6lb","Dry Cat Food",Each,"Main Warehouse",5,0,5,,0,030111546470,,63.99,69.99,44.98000000,0.000000,0.00,0,0.000000,N,N,N,N,0,0,0,0,0,"Royal Canin"
,355392,"Litter Scoop Giant",Accessories,Each,"Main Warehouse",0,0,0,,0,029695291135,,0.00,0.00,2.35000000,0.000000,0.00,0,0.000000,N,N,N,N,0,0,0,0,0,N/A
,355394,"Litter Scoop Long Handle XGiant",Accessories,Each,"Main Warehouse",1,0,1,,0,079441004335,,0.00,0.00,0.00000000,0.000000,0.00,0,0.000000,N,N,N,N,0,0,0,0,0,N/A
,355506,"Corner Litter Box",Accessories,Each,"Main Warehouse",0,0,0,,0,079441004687,,18.49,21.99,15.39000000,0.000000,0.00,0,0.000000,N,N,N,N,0,0,0,0,0,"Van Ness Pets"
,355518,"Litter Box Medium for Kittens",Accessories,Each,"Main Warehouse",1,0,1,,0,079441004014,,9.99,9.99,6.99000000,0.000000,0.00,0,0.000000,N,N,N,N,0,0,0,0,0,"Van Ness Pets"
,357054,"Stainless Steel Litter Scoop",Accessories,Each,"Main Warehouse",0,0,0,,0,079441002591,,11.99,11.99,8.31000000,0.000000,0.00,0,0.000000,N,N,N,N,0,0,0,0,0,"Van Ness Pets"
,364607,"RC Dental Care 6LB","Dry Cat Food",Each,"Main Warehouse",8,0,8,,0,030111646071,,68.99,68.99,44.98000000,0.000000,0.00,0,0.000000,N,N,N,N,0,0,0,0,0,"Royal Canin"
,364614,"Royal Canin Feline Dental Care - 14lb","Dry Cat Food",Each,"Main Warehouse",1,0,1,,0,030111646149,,99.70,117.99,75.78000000,0.000000,0.00,0,0.000000,N,N,N,N,0,0,0,0,0,"Royal Canin"
,371018,"Royal Canin Kitten Loaf in Sauce","Wet Cat Food",Each,"Main Warehouse",0,0,0,,0,,,3.39,3.39,0.00000000,0.000000,0.00,0,0.000000,N,N,N,N,0,0,0,0,0,"Royal Canin"
,371041,"Royal Canin Weight Care Wet Cat Food 5.1oz","Wet Cat Food",Each,"Main Warehouse",66,0,66,,0,030111701114,,4.17,4.39,2.84000000,0.000000,0.00,0,0.000000,N,N,N,N,0,0,0,0,0,"Royal Canin"
,371121,"Royal Canin Digestive Care Wet Cat Food - 5.1oz","Wet Cat Food",Each,"Main Warehouse",0,0,0,,0,030111701619,,4.39,4.39,2.84000000,0.000000,0.00,0,0.000000,N,N,N,N,0,0,0,0,0,"Royal Canin"
,371141,"Royal Canin Aging 12+ Wet Cat Food 5.1OZ","Wet Cat Food",Each,"Main Warehouse",20,0,20,,0,030111711410,,4.39,4.39,2.84000000,0.000000,0.00,0,0.000000,N,N,N,N,0,0,0,0,0,"Royal Canin"
,371508,"Royal Canin Kitten Thin Slices In Gravy Canned Cat Food 3oz","Wet Cat Food",Each,"Main Warehouse",24,0,24,,0,030111715081,,3.29,3.29,2.33000000,0.000000,0.00,0,0.000000,N,N,N,N,0,0,0,0,0,
,371528,"Royal Canin Hair & Skin Care Thin Slices In Gravy Canned Cat Food - 3oz","Wet Cat Food",Each,"Main Warehouse",24,0,24,,0,030111715289,,3.39,3.39,2.33000000,0.000000,0.00,0,0.000000,N,N,N,N,0,0,0,0,0,
,371553,"Royal Canin Digestive Care Wet Cat Food - 3oz",Adult,Each,"Main Warehouse",39,0,39,,0,030111715531,,3.19,3.19,0.00000000,0.000000,0.00,0,0.000000,N,N,N,N,0,0,0,0,0,"Royal Canin"
,371665,"Royal Canin Urinary Care 85g","Wet Cat Food",Each,"Main Warehouse",151,0,151,,0,030111716651,,3.39,3.39,2.24000000,0.000000,0.00,0,0.000000,N,N,N,N,0,0,0,0,0,"Royal Canin"
,372015,"Royal Canin Puppy Loaf 150g","Wet Dog Food",Each,"Main Warehouse",40,0,40,,0,030111720153,,4.39,4.39,2.70000000,0.000000,0.00,0,0.000000,N,N,N,N,0,0,0,0,0,"Royal Canin"
,372025,"Adult Beauty Loaf 150g","Wet Dog Food",Each,"Main Warehouse",15,0,15,,0,030111720252,,4.39,4.39,2.70000000,0.000000,0.00,0,0.000000,N,N,N,N,0,0,0,0,0,"Royal Canin"
,372065,"Royal Canin Adult Loaf in Sauce","Wet Dog Food",Each,"Main Warehouse",0,0,0,,0,,,5.29,5.29,0.00000000,0.000000,0.00,0,0.000000,N,N,N,N,0,0,0,0,0,"Royal Canin"
,372468,"Small Adult Chunks in Gravy Pouch","Wet Dog Food",Each,"Main Warehouse",12,0,12,,0,030111724687,,2.99,2.99,1.76000000,0.000000,0.00,0,0.000000,N,N,N,N,0,0,0,0,0,"Tasty Bone"
,372601,"Royal Canin Digestive Care 385g","Wet Dog Food",Each,"Main Warehouse",27,0,27,,0,030111726018,,5.29,5.29,3.34000000,0.000000,0.00,0,0.000000,N,N,N,N,0,0,0,0,0,"Royal Canin"
,37405,"Stella & Chewy's Bountiful Beef Dinner Morsels for Cats","Cat Freeze Dried",Each,"Main Warehouse",0,0,0,,0,810027374059,,65.99,65.99,0.00000000,0.000000,0.00,0,0.000000,N,N,N,N,0,0,0,0,0,Stella&Chewy
,377178,"Royal Canin Indoor Adult Morsels in Gravy 85g","Wet Cat Food",Each,"Main Warehouse",67,0,67,,0,030111771780,,3.39,3.39,2.24000000,0.000000,0.00,0,0.000000,N,N,N,N,0,0,0,0,0,"Royal Canin"
,377785,"GO! Dog Skin & Coat Lamb Recipe - 12lb","Dry Dog Food",Each,"Main Warehouse",8,0,8,,0,815260002967,,56.04,59.99,42.60000000,0.000000,0.00,0,0.000000,N,N,N,N,0,0,0,0,0,GO!
,378010,"Kong Goodie Bone - Average Chewers - Small","Chews + Bones",Each,"Main Warehouse",0,0,0,,0,,,17.99,17.99,0.00000000,0.000000,0.00,0,0.000000,N,N,N,N,0,0,0,0,0,Kong
,37822,"Himalayan Yogurt Sticks Plain","Chews + Bones",Each,"Main Warehouse",62,0,62,,0,850064378221,,10.99,10.99,6.22000000,0.000000,0.00,0,0.000000,N,N,N,N,0,0,0,0,0,Himalayan
,37823,"Himalayan Yogurt Sticks Bacon","Chews + Bones",Each,"Main Warehouse",52,0,52,,0,850064378238,,10.99,10.99,6.22000000,0.000000,0.00,0,0.000000,N,N,N,N,0,0,0,0,0,Himalayan
,37824,"Himalayan Yogurt Sticks Peanut Butter","Chews + Bones",Each,"Main Warehouse",54,0,54,,0,850064378245,,10.99,10.99,6.29000000,0.000000,0.00,0,0.000000,N,N,N,N,0,0,0,0,0,Himalayan
,38210,"Hill's Science Diet Perfect Weight Small & Mini Adult Dry Dog Food - Chicken Recipe - 4lb",Dogs,Each,"Main Warehouse",1,0,1,,0,052742382104,,42.99,42.99,0.00000000,0.000000,0.00,0,0.000000,N,N,N,N,0,0,0,0,0,"Hill's Science"
,38310,"Merrick Purrfect Bistro Grain-Free Real Chicken + Sweet Potato Recipe Adult Cat Food",Cats,Each,"Main Warehouse",0,0,0,,0,022808383109,,51.65,81.99,0.00000000,0.000000,0.00,0,0.000000,N,N,N,N,0,0,0,0,0,
,384337,"RC Hairball Care","Dry Cat Food",Each,"Main Warehouse",3,0,3,,0,030111843371,,62.99,62.99,44.98000000,0.000000,0.00,0,0.000000,N,N,N,N,0,0,0,0,0,"Royal Canin"
,400129,"Tropiclean Fresh Breath Oral Care Kit Large Dog",,Each,"Main Warehouse",0,0,0,,0,645095001299,,19.99,19.99,9.61000000,0.000000,0.00,0,0.000000,N,N,N,N,0,0,0,0,0,Tropiclean
,400132,"Tropiclean Dog Brushing Gel",,Each,"Main Warehouse",5,0,5,,0,645095001329,,10.99,0.00,6.23000000,0.000000,0.00,0,0.000000,N,N,N,N,0,0,0,0,0,Tropiclean
,400149,"Tropiclean Cat Clean Teeth Gel",,Each,"Main Warehouse",1,0,1,,0,645095001497,,14.99,14.99,8.67000000,0.000000,0.00,0,0.000000,N,N,N,N,0,0,0,0,0,Tropiclean
,400200,"Tropiclean Dog Brushing Kit Puppy",,Each,"Main Warehouse",0,0,0,,0,645095002005,,19.99,19.99,10.37000000,0.000000,0.00,0,0.000000,N,N,N,N,0,0,0,0,0,Tropiclean
,400216,"Tropiclean Dog Triple Flex Toothbrush - Large",,Each,"Main Warehouse",3,0,3,,0,645095002166,,8.49,0.00,4.26000000,0.000000,0.00,0,0.000000,N,N,N,N,0,0,0,0,0,Tropiclean
,400217,"Tropiclean Dog Triple Flex Toothbrush - Small/Medium",,Each,"Main Warehouse",3,0,3,,0,645095002173,,8.49,8.49,4.26000000,0.000000,0.00,0,0.000000,N,N,N,N,0,0,0,0,0,Tropiclean
,400218,"Tropiclean Finger Brushes",,Each,"Main Warehouse",0,0,0,,0,645095002180,,8.99,0.00,3.88000000,0.000000,0.00,0,0.000000,N,N,N,N,0,0,0,0,0,Tropiclean
,400231,"Tropiclean Dog Clean Teeth Gel Peanut Butter",,Each,"Main Warehouse",1,0,1,,0,645095002319,,14.99,14.99,8.67000000,0.000000,0.00,0,0.000000,N,N,N,N,0,0,0,0,0,Tropiclean
,400320,"TropiClean Fresh Breath Oral Care Brushing Kit for Cats",,Each,"Main Warehouse",1,0,1,,0,645095003200,,19.99,17.99,10.37000000,0.000000,0.00,0,0.000000,N,N,N,N,0,0,0,0,0,Tropiclean
,402142,"Greenies Cat Pill Pockets - Salmon 1.6oz","Cat Accessories",Each,"Main Warehouse",0,0,0,,0,642863021428,,8.99,8.99,5.75000000,0.000000,0.00,0,0.000000,N,N,N,N,0,0,0,0,0,Greenies
,40226,"Canadian Naturals Chicken & Brown Rice Recipe - 11lbs",Dogs,Each,"Main Warehouse",3,0,3,,0,779369402267,,35.99,35.99,23.90000000,0.000000,0.00,0,0.000000,N,N,N,N,0,0,0,0,0,"Canadian Naturals"
,40227,"Canadian Naturals Lamb & Brown Rice Recipe - 11lbs",Dogs,Each,"Main Warehouse",1,0,1,,0,779369402274,,34.99,34.99,28.70000000,0.000000,0.00,0,0.000000,N,N,N,N,0,0,0,0,0,"Canadian Naturals"
,40228,"Canadian Naturals Grain Free Red Meat Recipe - 11lbs",Dogs,Each,"Main Warehouse",0,0,0,,0,779369402281,,42.99,42.99,28.70000000,0.000000,0.00,0,0.000000,N,N,N,N,0,0,0,0,0,"Canadian Naturals"
,40229,"Canadian Naturals Pork and Brown Rice Recipe - 11lbs",Dogs,Each,"Main Warehouse",3,0,3,,0,779369402298,,35.99,35.99,23.90000000,0.000000,0.00,0,0.000000,N,N,N,N,0,0,0,0,0,"Canadian Naturals"
,40231,"Canadian Naturals Roasted Chicken Recipe Dog Food 11lb",Dogs,Each,"Main Warehouse",1,0,1,,0,779369402311,,42.99,42.99,28.70000000,0.000000,0.00,0,0.000000,N,N,N,N,0,0,0,0,0,"Canadian Naturals"
,404539,"Greenies Chicken Pill Pockets 3.2oz",,Each,"Main Warehouse",0,0,0,,0,642863045394,,8.99,8.99,6.80000000,0.000000,0.00,0,0.000000,N,N,N,N,0,0,0,0,0,Greenies
,410011,"Goodie Bone (Medium)",,Each,"Main Warehouse",2,0,2,,0,611932100111,,17.99,17.99,10.35000000,0.000000,0.00,0,0.000000,N,N,N,N,0,0,0,0,0,"Goodie Bone"
,410012,"Goodie Bone - Extreme (Medium)",,Each,"Main Warehouse",2,0,2,,0,611932100128,,18.99,18.99,10.35000000,0.000000,0.00,0,0.000000,N,N,N,N,0,0,0,0,0,"Goodie Bone"
,410061,"Tiki Cat Silver Variety Pack Cat Food Age 11+",Adult,Each,"Main Warehouse",0,0,0,,0,,,29.99,29.99,0.00000000,0.000000,0.00,0,0.000000,N,N,N,N,0,0,0,0,0,
,410126,"Greenies Peanut Butter Pill Pockets 3.2oz",,Each,"Main Warehouse",0,0,0,,0,642863101267,,8.99,8.99,6.80000000,0.000000,0.00,0,0.000000,N,N,N,N,0,0,0,0,0,Greenies
,410128,"Greenies Peanut Butter Pill Pockets 7.0oz",Uncategorized,Each,"Main Warehouse",0,0,0,,0,642863101281,,10.59,10.59,8.55000000,0.000000,0.00,0,0.000000,N,N,N,N,0,0,0,0,0,Greenies
,410229,"Nutram Sound Balanced Wellness S6 - Adult Dog Food - 11.4Kg","Dry Dog Food",Each,"Main Warehouse",2,0,2,,0,,,77.89,81.99,58.09000000,0.000000,0.00,0,0.000000,N,N,N,N,0,0,0,0,0,
,410410,"Greenies Chicken Pill Pockets 15.8oz",Uncategorized,Each,"Main Warehouse",0,0,0,,0,642863104107,,19.99,19.99,16.55000000,0.000000,0.00,0,0.000000,N,N,N,N,0,0,0,0,0,Greenies
,413116,"Puppy Flyer",,Each,"Main Warehouse",0,0,0,,0,035585131160,,0.00,0.00,8.75000000,0.000000,0.00,0,0.000000,N,N,N,N,0,0,0,0,0,N/A
,413128,"Puppy KONG Goodie Bone",,Each,"Main Warehouse",0,0,0,,0,035585131283,,0.00,0.00,6.60000000,0.000000,0.00,0,0.000000,N,N,N,N,0,0,0,0,0,N/A
,417,"Skip to the beginning of the images gallery Himalayan Dog Chew Happy Teeth - Cheese-Char",,Each,"Main Warehouse",0,0,0,,0,,,0.00,0.00,0.00000000,0.000000,0.00,0,0.000000,N,N,N,N,0,0,0,0,0,
,417694,"Acana Cat Chicken + Fish in Bone Broth Wet Food","Wet Cat Food",Each,"Main Warehouse",24,0,24,,0,064992719524,,2.49,0.00,1.65000000,0.000000,0.00,0,0.000000,N,N,N,N,0,0,0,0,0,Acana
,417964,"Acana Cat Chicken + Fish in Bone Broth Wet Food","Wet Cat Food",Each,"Main Warehouse",0,0,0,,0,,,2.49,2.49,1.65000000,0.000000,0.00,0,0.000000,N,N,N,N,0,0,0,0,0,Acana
,418012,"Orijen Puppy Grain Free High Protein Dry Food 11.4kg","Dry Dog Food",Each,"Main Warehouse",2,0,2,,0,064992180126,,114.99,0.00,73.99000000,0.000000,0.00,0,0.000000,N,N,N,N,0,0,0,0,0,Orijen
,418020,"ORIJEN Puppy - 2kg","Dry Dog Food",Each,"Main Warehouse",2,0,2,,0,064992180201,,34.99,34.99,20.93000000,0.000000,0.00,0,0.000000,N,N,N,N,0,0,0,0,0,Orijen
,418060,"ORIJEN Puppy - 6kg","Dry Dog Food",Each,"Main Warehouse",3,0,3,,0,064992180607,,69.99,0.00,0.00000000,0.000000,0.00,0,0.000000,N,N,N,Y,0,0,0,0,0,Orijen
,418112,"ORIJEN Puppy Large Breed - 11.4kg","Dry Dog Food",Each,"Main Warehouse",4,0,4,,0,64992181123,,80.495,80.49,73.99000000,0.000000,0.00,0,0.000000,N,N,N,Y,0,0,0,0,0,Orijen
,418160,"ORIJEN Puppy Large Breed - 6kg","Dry Dog Food",Each,"Main Warehouse",2,0,2,,0,064992181604,,74.99,74.99,0.00000000,0.000000,0.00,0,0.000000,N,N,N,N,0,0,0,0,0,Orijen
,418171,"Orijen Dog Fit+Trim Grain Free High Protein Dry Food 11.4kg","Dry Dog Food",Each,"Main Warehouse",2,0,2,,0,064992181710,,114.99,114.99,73.99000000,0.000000,0.00,0,0.000000,N,N,N,N,0,0,0,0,0,Orijen
,418212,"ORIJEN Original Dog - 11.4kg","Dry Dog Food",Each,"Main Warehouse",3,0,3,,0,064992182120,,104.49,109.99,78.65000000,0.000000,0.00,0,0.000000,N,N,N,Y,0,0,0,0,0,Orijen
,418220,"ORIJEN Original Dog - 2kg","Dry Dog Food",Each,"Main Warehouse",3,0,3,,0,064992182205,,34.99,0.00,20.93000000,0.000000,0.00,0,0.000000,N,N,N,N,0,0,0,0,0,Orijen
,418260,"ORIJEN Original Dog - 6kg","Dry Dog Food",Each,"Main Warehouse",1,0,1,,0,064992182601,,66.49,69.99,47.00000000,0.000000,0.00,0,0.000000,N,N,N,N,0,0,0,0,0,Orijen
,418360,"ORIJEN Six Fish - Dog 6Kg",,Each,"Main Warehouse",1,0,1,,0,,,79.99,79.99,54.79000000,0.000000,0.00,0,0.000000,N,N,N,N,0,0,0,0,0,Orijen
,418412,"ORIJEN Regional Red Dog - 11.4kg","Dry Dog Food",Each,"Main Warehouse",6,0,6,,0,064992184124,,124.99,87.49,88.35000000,0.000000,0.00,0,0.000000,N,N,N,N,0,0,0,0,0,Orijen
,418420,"ORIJEN Regional Red Dog - 2kg","Dry Dog Food",Each,"Main Warehouse",1,0,1,,0,064992184209,,39.99,39.99,23.93000000,0.000000,0.00,0,0.000000,N,N,N,N,0,0,0,0,0,Orijen
,418460,"ORIJEN Regional Red Dog - 6kg","Dry Dog Food",Each,"Main Warehouse",2,0,2,,0,064992184605,,79.99,79.99,49.32000000,0.000000,0.00,0,0.000000,N,N,N,N,0,0,0,0,0,Orijen
,418512,"Orijen Dog Tundra Grain Free High Protein Dry Food 11.4kg","Dry Dog Food",Each,"Main Warehouse",2,0,2,,0,64992185121,,164.99,0.00,0.00000000,0.000000,0.00,0,0.000000,N,N,N,N,0,0,0,0,0,Orijen
,418612,"Orijen Dog Senior Grain Free High Protein Dry Food 11.4kg","Dry Dog Food",Each,"Main Warehouse",4,0,4,,0,064992186128,,109.99,0.00,70.78000000,0.000000,0.00,0,0.000000,N,N,N,N,0,0,0,0,0,Orijen
,42069,"Doggy Doobie","Dog Toys",Each,"Main Warehouse",0,0,0,,0,,,14.99,14.99,0.00000000,0.000000,0.00,0,0.000000,N,N,N,N,0,0,0,0,0,
,421,"Crumps' Naturals Plaque Busters Dog Treats - Bacon - 30.7 oz 30 pack",,Each,"Main Warehouse",0,0,0,,0,,,0.00,0.00,0.00000000,0.000000,0.00,0,0.000000,N,N,N,N,0,0,0,0,0,Crumps'
,42169,"Cigar Shaped Squeaky Durable Chew Toy – Fun, Tough & Safe for All Dogs - Small","Dog Toys",Each,"Main Warehouse",5,0,5,,0,,,9.99,9.99,0.00000000,0.000000,0.00,0,0.000000,N,N,N,N,0,0,0,0,0,Cigar
,42269,"Cigar Shaped Squeaky Durable Chew Toy – Fun, Tough & Safe for All Dogs - Large","Dog Toys",Each,"Main Warehouse",4,0,4,,0,,,13.99,13.99,0.00000000,0.000000,0.00,0,0.000000,N,N,N,N,0,0,0,0,0,Cigar
,428012,"ORIJEN Original Cat - 1.8kg","Dry Cat Food",Each,"Main Warehouse",0,0,0,,0,,,39.99,39.99,23.94000000,0.000000,0.00,0,0.000000,N,N,N,N,0,0,0,0,0,Orijen
,428018,"Orijen Cat Original Dry Food 1.8kg","Dry Cat Food",Each,"Main Warehouse",27,0,27,,0,064992280185,,39.99,0.00,23.94000000,0.000000,0.00,0,0.000000,N,N,N,N,0,0,0,0,0,Orijen
,428054,"ORIJEN Original Cat - 5.4kg","Dry Cat Food",Each,"Main Warehouse",1,0,1,,0,064992280543,,75.99,79.99,57.52000000,0.000000,0.00,0,0.000000,N,N,N,Y,0,0,0,0,0,Orijen
,428118,"ORIJEN Six Fish Cat - 1.8kg","Dry Cat Food",Each,"Main Warehouse",3,0,3,,0,064992281182,,33.99,39.99,26.60000000,0.000000,0.00,0,0.000000,N,N,N,N,0,0,0,0,0,Orijen
,428154,"ORIJEN Six Fish Cat - 5.4kg","Dry Cat Food",Each,"Main Warehouse",2,0,2,,0,064992281540,,84.99,84.99,52.39000000,0.000000,0.00,0,0.000000,N,N,N,Y,0,0,0,0,0,Orijen
,428218,"ORIJEN Regional Red Cat - 1.8kg","Dry Cat Food",Each,"Main Warehouse",2,0,2,,0,064992282189,,44.99,44.99,29.92000000,0.000000,0.00,0,0.000000,N,N,N,N,0,0,0,0,0,Orijen
,428254,"ORIJEN Regional Red Cat - 5.4kg","Dry Cat Food",Each,"Main Warehouse",0,0,0,,0,064992282547,,80.74,84.99,61.63000000,0.000000,0.00,0,0.000000,N,N,N,N,0,0,0,0,0,Orijen
,428318,"ORIJEN Fit & Trim Cat - 1.8kg","Dry Cat Food",Each,"Main Warehouse",2,0,2,,0,064992284183,,23.99,39.99,23.93000000,0.000000,0.00,0,0.000000,N,N,N,N,0,0,0,0,0,Orijen
,428354,"ORIJEN Fit & Trim Cat - 5.4kg","Dry Cat Food",Each,"Main Warehouse",3,0,3,,0,064992284541,,79.99,79.99,49.31000000,0.000000,0.00,0,0.000000,N,N,N,Y,0,0,0,0,0,Orijen
,435600,"Goodie Bone - (Large)",,Each,"Main Warehouse",1,0,1,,0,035585356006,,18.99,18.99,14.50000000,0.000000,0.00,0,0.000000,N,N,N,N,0,0,0,0,0,Kong
,436320,"Kong ChewStix Bone - Bacon (Large)",,Each,"Main Warehouse",0,0,0,,0,,,0.00,0.00,12.50000000,0.000000,0.00,0,0.000000,N,N,N,N,0,0,0,0,0,Kong
,436321,"Kong ChewStix Stick Large",,Each,"Main Warehouse",0,0,0,,0,035585363219,,20.99,20.99,12.50000000,0.000000,0.00,0,0.000000,N,N,N,N,0,0,0,0,0,Kong
,436322,"Kong ChewStix Bone - Bacon (Medium)",,Each,"Main Warehouse",0,0,0,,0,,,0.00,0.00,10.00000000,0.000000,0.00,0,0.000000,N,N,N,N,0,0,0,0,0,Kong
,436323,"Kong ChewStix Stick - Real Wood (Medium)",,Each,"Main Warehouse",2,0,2,,0,035585363233,,22.99,22.99,10.00000000,0.000000,0.00,0,0.000000,N,N,N,N,0,0,0,0,0,Kong
,437,"Utility Classic Collar Black, Small",,Each,"Main Warehouse",2,0,2,,0,,,0.00,0.00,0.00000000,0.000000,0.00,0,0.000000,N,N,N,N,0,0,0,0,0,
,438877,"Jolly Pets Knot n Chew 3 Knot Medium",Accessories,Each,"Main Warehouse",0,0,0,,0,788169013436,,17.99,17.99,9.80000000,0.000000,0.00,0,0.000000,N,N,N,N,0,0,0,0,0,"Jolly Pets"
,438879,"Jolly Pets Knot n Chew 2 Knot Large",,Each,"Main Warehouse",0,0,0,,0,788169022438,,25.49,25.49,13.90000000,0.000000,0.00,0,0.000000,N,N,N,N,0,0,0,0,0,"Jolly Pets"
,438880,"Jolly Pets Knot n Chew 3 Knot Large",,Each,"Main Warehouse",0,0,0,,0,788169023435,,25.49,25.49,19.15000000,0.000000,0.00,0,0.000000,N,N,N,N,0,0,0,0,0,"Jolly Pets"
,438885,"Jolly Pets Knot n Chew 3 Knot with Squeaker",,Each,"Main Warehouse",2,0,2,,0,788169043433,,25.49,25.49,14.15000000,0.000000,0.00,0,0.000000,N,N,N,N,0,0,0,0,0,"Jolly Pets"
,438886,"Jolly Pets Knot n Chew Extra Large Loop Knot",,Each,"Main Warehouse",0,0,0,,0,788169051438,,21.99,21.99,13.50000000,0.000000,0.00,0,0.000000,N,N,N,N,0,0,0,0,0,"Jolly Pets"
,439761,"Kong Crunch Air 3 Pack - Small",Accessories,Each,"Main Warehouse",0,0,0,,0,035585483023,,8.99,7.99,4.85000000,0.000000,0.00,0,0.000000,N,N,N,N,0,0,0,0,0,"Jolly Pets"
,439762,"Kong Crunch Air 3 Pack - Medium",Accessories,Each,"Main Warehouse",1,1,0,,0,035585483009,,10.99,9.99,5.95000000,0.000000,0.00,0,0.000000,N,N,N,N,0,0,0,0,0,"Jolly Pets"
,439763,"Dog CrunchAir Ball Medium",,Each,"Main Warehouse",0,0,0,,0,,,0.00,0.00,1.80000000,0.000000,0.00,0,0.000000,N,N,N,N,0,0,0,0,0,"Jolly Pets"
,44423,"Royal Canin Digestive Care Cat Food",Cats,Each,"Main Warehouse",2,0,2,,0,030111444233,,69.99,69.99,0.00000000,0.000000,0.00,0,0.000000,N,N,N,N,0,0,0,0,0,"Royal Canin"
,44426,"Royal Canin Digestive Care Cat Food - 14lb","Cat Health &amp; Wellness &amp; hygiene",Each,"Main Warehouse",6,0,6,,0,030111444264,,116.99,116.99,0.00000000,0.000000,0.00,0,0.000000,N,N,N,N,0,0,0,0,0,
,445300,"Kong Kitten Kickeroo",,Each,"Main Warehouse",1,0,1,,0,035585453002,,8.99,8.99,4.65000000,0.000000,0.00,0,0.000000,N,N,N,N,0,0,0,0,0,Kong
,445948,"Kong Pull-A-Partz Sushi",,Each,"Main Warehouse",0,0,0,,0,035585459486,,20.99,20.99,12.55000000,0.000000,0.00,0,0.000000,N,N,N,N,0,0,0,0,0,Kong
,447708,"Squeezz Dental - Bone",,Each,"Main Warehouse",1,0,1,,0,035585477084,,17.99,15.99,7.45000000,0.000000,0.00,0,0.000000,N,N,N,N,0,0,0,0,0,N/A
,447709,"Kong Dental Squeezz Chew Stick",,Each,"Main Warehouse",0,0,0,,0,035585477091,,17.99,17.99,9.50000000,0.000000,0.00,0,0.000000,N,N,N,N,0,0,0,0,0,Kong
,450020,"ACANA Dog Puppy Recipe - 2kg","Dry Dog Food",Each,"Main Warehouse",2,0,2,,0,064992500207,,28.49,17.99,19.94000000,0.000000,0.00,0,0.000000,N,N,N,N,0,0,0,0,0,Acana
,450111,"Acana Puppy Recipe Large Breed Dry Food 11.4kg","Dry Dog Food",Each,"Main Warehouse",10,0,10,,0,064992501112,,89.99,89.99,57.92000000,0.000000,0.00,0,0.000000,N,N,N,Y,0,0,0,0,0,Acana
,450227,"Kong Blissy Ball",,Each,"Main Warehouse",0,0,0,,0,035585502274,,9.99,9.99,5.90000000,0.000000,0.00,0,0.000000,N,N,N,N,0,0,0,0,0,Kong
,45024,"Kong Scratcher Single | Catnip","Cat Accessories",Each,"Main Warehouse",0,0,0,,0,035585450247,,10.99,10.99,0.00000000,0.000000,0.00,0,0.000000,N,N,N,N,0,0,0,0,0,Kong
,45025,"Kong Scratcher Double | Catnip","Cat Accessories",Each,"Main Warehouse",0,0,0,,0,035585450254,,14.99,14.99,0.00000000,0.000000,0.00,0,0.000000,N,N,N,N,0,0,0,0,0,Kong
,450260,"Acana Puppy Recipe Small Breed Dry Food 6kg","Dry Dog Food",Each,"Main Warehouse",13,0,13,,0,064992502607,,57.99,0.00,35.76000000,0.000000,0.00,0,0.000000,N,N,N,N,0,0,0,0,0,Acana
,450287,"Kong Wubba Zoo - Cheetah",,Each,"Main Warehouse",0,0,0,,0,035585502878,,13.79,22.99,14.30000000,0.000000,0.00,0,0.000000,N,N,N,N,0,0,0,0,0,Kong
,450288,"Wubba Zoo - Zebra",,Each,"Main Warehouse",0,0,0,,0,,,0.00,0.00,14.30000000,0.000000,0.00,0,0.000000,N,N,N,N,0,0,0,0,0,Kong
,451011,"ACANA Dog Senior Recipe - 11.4kg","Dry Dog Food",Each,"Main Warehouse",3,0,3,,0,064992510114,,93.99,79.89,67.93000000,0.000000,0.00,0,0.000000,N,N,N,N,0,0,0,0,0,Acana
,451020,"ACANA Dog Senior Recipe - 2kg","Dry Dog Food",Each,"Main Warehouse",4,0,4,,0,064992510237,,29.99,29.99,17.95000000,0.000000,0.00,0,0.000000,N,N,N,N,0,0,0,0,0,Acana
,451060,"ACANA Dog Senior Recipe - 6kg","Dry Dog Food",Each,"Main Warehouse",3,0,3,,0,064992510688,,59.99,41.99,41.28000000,0.000000,0.00,0,0.000000,N,N,N,N,0,0,0,0,0,Acana
,451211,"ACANA Dog Light + Fit Recipe - 11.4kg","Dry Dog Food",Each,"Main Warehouse",0,0,0,,0,064992512118,,89.29,79.89,67.93000000,0.000000,0.00,0,0.000000,N,N,N,Y,0,0,0,0,0,Acana
,451220,"ACANA Dog Light + Fit Recipe - 2kg","Dry Dog Food",Each,"Main Warehouse",3,0,3,,0,064992512200,,29.99,29.99,17.95000000,0.000000,0.00,0,0.000000,N,N,N,N,0,0,0,0,0,Acana
,451260,"ACANA Dog Light + Fit Recipe - 6kg","Dry Dog Food",Each,"Main Warehouse",4,0,4,,0,064992512606,,60.99,60.99,41.79000000,0.000000,0.00,0,0.000000,N,N,N,Y,0,0,0,0,0,Acana
,452034,"Cat Ice Cream Kicker",Accessories,Each,"Main Warehouse",0,0,0,,0,780824164996,,0.00,0.00,7.60000000,0.000000,0.00,0,0.000000,N,N,N,N,0,0,0,0,0,Acana
,452111,"ACANA Dog Adult Large Breed Recipe - 11.4kg","Dry Dog Food",Each,"Main Warehouse",1,0,1,,0,064992521110,,94.99,93.32,57.92000000,0.000000,0.00,0,0.000000,N,N,N,Y,0,0,0,0,0,Acana
,452117,"ACANA Dog Adult Large Breed Recipe - 17kg","Dry Dog Food",Each,"Main Warehouse",3,0,3,,0,064992521172,,120.99,114.94,86.74000000,0.000000,0.00,0,0.000000,N,N,N,Y,0,0,0,0,0,Acana
,452320,"ACANA Dog Adult Small Breed Recipe - 2kg","Dry Dog Food",Each,"Main Warehouse",4,0,4,,0,064992523206,,29.99,29.99,17.95000000,0.000000,0.00,0,0.000000,N,N,N,N,0,0,0,0,0,Acana
,452360,"ACANA Dog Adult Small Breed Recipe - 6kg","Dry Dog Food",Each,"Main Warehouse",3,0,3,,0,064992523602,,60.99,54.99,35.76000000,0.000000,0.00,0,0.000000,N,N,N,Y,0,0,0,0,0,Acana
,452403,"Play Spaces - Zen Den",,Each,"Main Warehouse",2,0,2,,0,035585524030,,0.00,0.00,0.00000000,0.000000,0.00,0,0.000000,N,N,N,N,0,0,0,0,0,Acana
,452416,"Play Spaces Rave Cave",,Each,"Main Warehouse",3,0,3,,0,035585524160,,39.99,35.99,25.30000000,0.000000,0.00,0,0.000000,N,N,N,N,0,0,0,0,0,Acana
,452511,"ACANA Dog Adult Recipe - 11.4kg","Dry Dog Food",Each,"Main Warehouse",7,0,7,,0,064992525118,,92.99,76.49,57.92000000,0.000000,0.00,0,0.000000,N,N,N,N,0,0,0,0,0,Acana
,452520,"ACANA Dog Adult Recipe - 2kg","Dry Dog Food",Each,"Main Warehouse",7,0,7,,0,064992525200,,29.99,29.99,19.94000000,0.000000,0.00,0,0.000000,N,N,N,Y,0,0,0,0,0,Acana
,452560,"ACANA Dog Adult Recipe - 6kg","Dry Dog Food",Each,"Main Warehouse",3,0,3,,0,064992525606,,60.99,60.99,39.73000000,0.000000,0.00,0,0.000000,N,N,N,N,0,0,0,0,0,Acana
,453011,"Acana Dog Sport+Agility Recipe Dry Food 11.4kg","Dry Dog Food",Each,"Main Warehouse",0,0,0,,0,064992530112,,65.79,93.99,57.92000000,0.000000,0.00,0,0.000000,N,N,N,N,0,0,0,0,0,Acana
,45340,"Hill's Science Diet® Adult Wet Cat Food - Savory Chicken Recipe - Minced, 5.5 oz",Cats,Each,"Main Warehouse",23,0,23,,0,052742453408,,3.79,3.79,0.00000000,0.000000,0.00,0,0.000000,N,N,N,N,0,0,0,0,0,"Hill's Science"
,45360,"Hill's Science Diet® Adult Wet Cat Food - Savory Salmon Recipe - Minced, 5.5 oz",Cats,Each,"Main Warehouse",23,0,23,,0,052742453606,,3.79,3.79,0.00000000,0.000000,0.00,0,0.000000,N,N,N,N,0,0,0,0,0,"Hill's Science"
,454,"Crumps' Naturals Plaque Busters Advanced Whole Mouth Care Dog Treats 9.5oz",,Each,"Main Warehouse",0,0,0,,0,,,0.00,0.00,0.00000000,0.000000,0.00,0,0.000000,N,N,N,N,0,0,0,0,0,Crumps'
,454011,"ACANA Highest Protein Wild Prairie - 11.4kg","Dry Dog Food",Each,"Main Warehouse",5,0,5,,0,064992540111,,103.54,108.99,67.56000000,0.000000,0.00,0,0.000000,N,N,N,N,0,0,0,0,0,Acana
,454021,"ACANA Highest Protein Wild Prairie - 2kg","Dry Dog Food",Each,"Main Warehouse",2,0,2,,0,064992540210,,33.99,33.99,19.75000000,0.000000,0.00,0,0.000000,N,N,N,N,0,0,0,0,0,Acana
,454061,"ACANA Highest Protein Wild Prairie - 6kg","Dry Dog Food",Each,"Main Warehouse",7,0,7,,0,064992540616,,67.99,67.99,46.56000000,0.000000,0.00,0,0.000000,N,N,N,N,0,0,0,0,0,Acana
,454111,"ACANA Highest Protein Pacifica - 11.4kg","Dry Dog Food",Each,"Main Warehouse",0,0,0,,0,064992541118,,108.99,92.64,77.74000000,0.000000,0.00,0,0.000000,N,N,N,N,0,0,0,0,0,Acana
,454120,"ACANA Highest Protein Pacifica - 2kg","Dry Dog Food",Each,"Main Warehouse",2,0,2,,0,064992541200,,32.99,0.00,19.74000000,0.000000,0.00,0,0.000000,N,N,N,N,0,0,0,0,0,Acana
,454160,"ACANA Highest Protein Pacifica - 6kg","Dry Dog Food",Each,"Main Warehouse",1,0,1,,0,064992541606,,72.99,72.99,43.16000000,0.000000,0.00,0,0.000000,N,N,N,N,0,0,0,0,0,Acana
,454211,"ACANA Highest Protein Grasslands - 11.4kg","Dry Dog Food",Each,"Main Warehouse",2,0,2,,0,064992542115,,108.99,108.99,67.55000000,0.000000,0.00,0,0.000000,N,N,N,Y,0,0,0,0,0,Acana
,454220,"ACANA Highest Protein Grasslands - 2kg","Dry Dog Food",Each,"Main Warehouse",3,0,3,,0,064992542207,,32.99,0.00,19.74000000,0.000000,0.00,0,0.000000,N,N,N,N,0,0,0,0,0,Acana
,454260,"ACANA Highest Protein Grasslands - 6kg","Dry Dog Food",Each,"Main Warehouse",3,0,3,,0,064992542603,,69.99,0.00,43.16000000,0.000000,0.00,0,0.000000,N,N,N,N,0,0,0,0,0,Acana
,454311,"ACANA Highest Protein Ranchlands Dog - 11.4kg","Dry Dog Food",Each,"Main Warehouse",0,0,0,,0,064992543112,,108.99,99.99,78.63000000,0.000000,0.00,0,0.000000,N,N,N,N,0,0,0,0,0,Acana
,454320,"ACANA Highest Protein Ranchlands Dog - 2kg","Dry Dog Food",Each,"Main Warehouse",2,0,2,,0,064992543204,,33.99,33.99,22.88000000,0.000000,0.00,0,0.000000,N,N,N,N,0,0,0,0,0,Acana
,454360,"ACANA Highest Protein Ranchlands Dog - 6kg","Dry Dog Food",Each,"Main Warehouse",3,0,3,,0,064992543600,,39.00,72.99,49.39000000,0.000000,0.00,0,0.000000,N,N,N,N,0,0,0,0,0,Acana
,456011,"ACANA Classics Prairie Poultry Recipe - 9.7kg","Dry Dog Food",Each,"Main Warehouse",3,0,3,,0,064992560119,,69.99,69.99,53.03000000,0.000000,0.00,0,0.000000,N,N,N,N,0,0,0,0,0,Acana
,456017,"ACANA Classics Prairie Poultry Recipe - 14.5kg","Dry Dog Food",Each,"Main Warehouse",2,0,2,0,0,064992560171,,92.99,85.49,67.38000000,0.000000,0.00,0,1.000000,N,N,N,N,0,0,0,0,0,Acana
,456021,"ACANA Classics Prairie Poultry Recipe - 2kg","Dry Dog Food",Each,"Main Warehouse",1,0,1,,0,064992560218,,24.99,24.99,15.18000000,0.000000,0.00,0,0.000000,N,N,N,N,0,0,0,0,0,Acana
,456112,"ACANA Classics Wild Coast Recipe - 9.7kg","Dry Dog Food",Each,"Main Warehouse",3,0,3,,0,064992562120,,82.99,82.99,60.25000000,0.000000,0.00,0,0.000000,N,N,N,Y,0,0,0,0,0,Acana
,456117,"ACANA Classics Wild Coast Recipe - 14.5kg","Dry Dog Food",Each,"Main Warehouse",5,0,5,,0,064992562175,,109.99,109.99,82.43000000,0.000000,0.00,0,0.000000,N,N,N,Y,0,0,0,0,0,Acana
,456120,"ACANA Classics Wild Coast Recipe - 2kg","Dry Dog Food",Each,"Main Warehouse",1,0,1,,0,064992562205,,24.99,21.24,16.90000000,0.000000,0.00,0,0.000000,N,N,N,N,0,0,0,0,0,Acana
,456212,"ACANA Classics Red Meat Recipe - 9.7kg","Dry Dog Food",Each,"Main Warehouse",4,0,4,,0,064992561123,,82.99,70.54,60.18000000,0.000000,0.00,0,0.000000,N,N,N,N,0,0,0,0,0,Acana
,456217,"ACANA Classics Red Meat Recipe - 14.5kg","Dry Dog Food",Each,"Main Warehouse",4,0,4,0,0,064992561178,,103.99,94.99,75.26000000,0.000000,0.00,0,1.000000,N,N,N,Y,0,0,0,0,0,Acana
,456220,"ACANA Classics Red Meat Recipe - 2kg","Dry Dog Food",Each,"Main Warehouse",2,0,2,,0,064992561208,,24.99,23.74,16.95000000,0.000000,0.00,0,0.000000,N,N,N,N,0,0,0,0,0,Acana
,456508,"Hairball Solution Gel",Uncategorized,Each,"Main Warehouse",0,0,0,,0,020279991489,,16.99,16.99,9.90000000,0.000000,0.00,0,0.000000,N,N,N,N,0,0,0,0,0,"Pet AG"
,45698,"Canadian Naturals Lamb & Brown Rice Recipe - 5lbs",Dogs,Each,"Main Warehouse",2,0,2,,0,779369456987,,23.99,23.99,0.00000000,0.000000,0.00,0,0.000000,N,N,N,N,0,0,0,0,0,"Canadian Naturals"
,45699,"Canadian Naturals Chicken & Brown Rice Recipe - 5lbs",Dogs,Each,"Main Warehouse",3,0,3,,0,779369456994,,22.54,22.54,0.00000000,0.000000,0.00,0,0.000000,N,N,N,N,0,0,0,0,0,"Canadian Naturals"
,45718,"Canadian Naturals Chicken & Brown Rice Recipe - 30lbs",Dogs,Each,"Main Warehouse",3,0,3,,0,779369457182,,51.29,53.99,35.70000000,0.000000,0.00,0,0.000000,N,N,N,N,0,0,0,0,0,"Canadian Naturals"
,45719,"Canadian Naturals Lamb & Brown Rice Recipe - 25lbs",Dogs,Each,"Main Warehouse",3,0,3,,0,779369457199,,55.99,54.99,37.40000000,0.000000,0.00,0,0.000000,N,N,N,Y,0,0,0,0,0,"Canadian Naturals"
,45720,"Canadian Naturals Cat Food - Chicken & Brown Rice - 3lbs",Cats,Each,"Main Warehouse",2,0,2,,0,779369457205,,13.99,13.99,0.00000000,0.000000,0.00,0,0.000000,N,N,N,N,0,0,0,0,0,"Canadian Naturals"
,45721,"Canadian Naturals Cat Food - Chicken & Brown Rice - 6.5lbs",Cats,Each,"Main Warehouse",4,0,4,,0,779369457212,,22.54,22.54,0.00000000,0.000000,0.00,0,0.000000,N,N,N,N,0,0,0,0,0,"Canadian Naturals"
,45722,"Canadian Naturals Cat Food - Chicken & Brown Rice - 15lbs",Cats,Each,"Main Warehouse",7,0,7,,0,779369457229,,42.99,42.99,0.00000000,0.000000,0.00,0,0.000000,N,N,N,N,0,0,0,0,0,"Canadian Naturals"
,45723,"Canadian Naturals Cat Food - Turkey & Salmon - 3lbs",Cats,Each,"Main Warehouse",2,0,2,,0,779369457236,,17.99,17.99,0.00000000,0.000000,0.00,0,0.000000,N,N,N,N,0,0,0,0,0,"Canadian Naturals"
,45724,"Canadian Naturals Cat Food - Turkey & Salmon - 6.5lbs",Cats,Each,"Main Warehouse",1,0,1,,0,779369457243,,27.99,27.99,0.00000000,0.000000,0.00,0,0.000000,N,N,N,N,0,0,0,0,0,"Canadian Naturals"
,45725,"Canadian Naturals Cat Food - Turkey & Salmon - 15lbs",Cats,Each,"Main Warehouse",0,0,0,,0,779369457250,,55.99,55.99,0.00000000,0.000000,0.00,0,0.000000,N,N,N,N,0,0,0,0,0,"Canadian Naturals"
,45730,"Canadian Naturals LID Potato & Duck Recipe - 12lb",Dogs,Each,"Main Warehouse",2,0,2,,0,779369457304,,47.99,47.99,34.10000000,0.000000,0.00,0,0.000000,N,N,N,N,0,0,0,0,0,"Canadian Naturals"
,45731,"Canadian Naturals LID Potato & Duck Recipe - 25lb",Dogs,Each,"Main Warehouse",2,0,2,,0,779369457311,,88.99,88.99,63.60000000,0.000000,0.00,0,0.000000,N,N,N,N,0,0,0,0,0,"Canadian Naturals"
,45734,"Canadian Naturals LID Sweet Potato & Salmon Recipe 25lb",Dogs,Each,"Main Warehouse",4,0,4,,0,779369457342,,84.99,84.99,59.60000000,0.000000,0.00,0,0.000000,N,N,N,N,0,0,0,0,0,"Canadian Naturals"
,45738,"Canadian Naturals Grain Free Red Meat Recipe - 5lbs",Dogs,Each,"Main Warehouse",2,0,2,,0,779369457380,,22.54,22.54,0.00000000,0.000000,0.00,0,0.000000,N,N,N,N,0,0,0,0,0,"Canadian Naturals"
,45739,"Canadian Naturals Grain Free Red Meat Recipe - 25lbs",Dogs,Each,"Main Warehouse",3,0,3,,0,779369457397,,61.99,61.99,41.20000000,0.000000,0.00,0,0.000000,N,N,N,Y,0,0,0,0,0,"Canadian Naturals"
,45740,"Canadian Naturals Grain Free Whitefish Recipe - 5lbs",Dogs,Each,"Main Warehouse",2,0,2,,0,779369457403,,22.99,22.99,0.00000000,0.000000,0.00,0,0.000000,N,N,N,N,0,0,0,0,0,"Canadian Naturals"
,45742,"Canadian Naturals Grain Free Red Meat Large Breed 28LB","Dry Dog Food",Each,"Main Warehouse",4,0,4,,0,,,67.99,67.99,0.00000000,0.000000,0.00,0,0.000000,N,N,N,N,0,0,0,0,0,"Canadian Naturals"
,45743,"Canadian Naturals Pork and Brown Rice Recipe - 30lbs",Dogs,Each,"Main Warehouse",2,0,2,,0,779369457434,,52.24,54.99,36.20000000,0.000000,0.00,0,0.000000,N,N,N,N,0,0,0,0,0,"Canadian Naturals"
,45744,"Canadian Naturals Pork and Brown Rice Recipe - 5lbs",Dogs,Each,"Main Warehouse",2,0,2,,0,779369457441,,22.54,22.54,0.00000000,0.000000,0.00,0,0.000000,N,N,N,N,0,0,0,0,0,"Canadian Naturals"
,457557,"Oat Garden Grass Kit | Cat",,Each,"Main Warehouse",0,0,0,,0,079441422252,,0.00,0.00,4.15000000,0.000000,0.00,0,0.000000,N,N,N,N,0,0,0,0,0,N/A
,458032,"ORIJEN Ranch-Raised Beef Freeze-Dried Dog Treats","Dog Treats",Each,"Main Warehouse",2,0,2,,0,064992580322,,16.99,16.99,10.49000000,0.000000,0.00,0,0.000000,N,N,N,N,0,0,0,0,0,Orijen
,458232,"Orijen Dog Freeze Dried Treats Duck","Dog Treats",Each,"Main Warehouse",0,0,0,,0,06499258326,,0.00,0.00,9.17000000,0.000000,0.00,0,0.000000,N,N,N,N,0,0,0,0,0,Orijen
,458332,"ORIJEN Grass-Fed Lamb Freeze-Dried Dog Treats","Dog Treats",Each,"Main Warehouse",2,0,2,,0,064992583323,,16.99,16.99,10.49000000,0.000000,0.00,0,0.000000,N,N,N,N,0,0,0,0,0,Orijen
,458432,"ORIJEN Original  Freeze-Dried Dog Treats","Dog Treats",Each,"Main Warehouse",2,0,2,,0,064992584320,,16.99,16.99,9.29000000,0.000000,0.00,0,0.000000,N,N,N,N,0,0,0,0,0,Orijen
,458532,"ORIJEN Regional Red Freeze-Dried Dog Treats","Dog Treats",Each,"Main Warehouse",4,0,4,,0,064992585327,,15.29,16.99,10.49000000,0.000000,0.00,0,0.000000,N,N,N,N,0,0,0,0,0,Orijen
,458692,"ORIJEN Tundra Freeze-Dried Dog Treats","Dog Treats",Each,"Main Warehouse",4,0,4,,0,064992586928,,18.99,18.99,11.69000000,0.000000,0.00,0,0.000000,N,N,N,N,0,0,0,0,0,Orijen
,468012,"Orijen Cat Freeze Dried Treats Lamb","Cat Treats",Each,"Main Warehouse",0,0,0,,0,064992680121,,0.00,0.00,4.58000000,0.000000,0.00,0,0.000000,N,N,N,N,0,0,0,0,0,Orijen
,468212,"ORIJEN Original Freeze-Dried Cat Treats","Cat Treats",Each,"Main Warehouse",2,0,2,,0,064992682125,,8.99,8.99,5.27000000,0.000000,0.00,0,0.000000,N,N,N,N,0,0,0,0,0,Orijen
,468312,"ORIJEN Regional Red Freeze-Dried Cat Treats","Cat Treats",Each,"Main Warehouse",4,0,4,,0,064992683122,,8.99,8.99,4.58000000,0.000000,0.00,0,0.000000,N,N,N,N,0,0,0,0,0,Orijen
,468412,"ORIJEN Six Fish Freeze-Dried Cat Treats","Cat Treats",Each,"Main Warehouse",4,0,4,,0,064992684129,,8.99,8.99,4.58000000,0.000000,0.00,0,0.000000,N,N,N,N,0,0,0,0,0,Orijen
,468435,"ORIJEN Tundra Freeze-Dried Cat Treats","Cat Treats",Each,"Main Warehouse",0,0,0,,0,064992684358,,9.99,9.99,5.39000000,0.000000,0.00,0,0.000000,N,N,N,N,0,0,0,0,0,Orijen
,471411,"ACANA Singles Lamb & Apple Recipe - 1.8kg","Dry Dog Food",Each,"Main Warehouse",0,0,0,,0,064992714116,,34.99,34.99,20.94000000,0.000000,0.00,0,0.000000,N,N,N,N,0,0,0,0,0,Acana
,471412,"ACANA Singles Lamb & Apple Recipe - 5.4kg","Dry Dog Food",Each,"Main Warehouse",0,0,0,,0,064992714123,,74.99,74.99,51.36000000,0.000000,0.00,0,0.000000,N,N,N,N,0,0,0,0,0,Acana
,471413,"ACANA Singles Lamb & Apple Recipe - 10.8kg","Dry Dog Food",Each,"Main Warehouse",3,0,3,,0,064992714130,,124.99,124.99,89.38000000,0.000000,0.00,0,0.000000,N,N,N,N,0,0,0,0,0,Acana
,471415,"ACANA Singles Duck & Pear Recipe - 1.8kg","Dry Dog Food",Each,"Main Warehouse",2,0,2,,0,064992714154,,34.99,33.2415,23.27000000,0.000000,0.00,0,0.000000,N,N,N,N,0,0,0,0,0,Acana
,471416,"ACANA Singles Duck & Pear Recipe - 5.4kg","Dry Dog Food",Each,"Main Warehouse",1,0,1,,0,064992714161,,65.99,46.19,51.36000000,0.000000,0.00,0,0.000000,N,N,N,N,0,0,0,0,0,Acana
,471417,"ACANA Singles Duck & Pear Recipe - 10.8kg","Dry Dog Food",Each,"Main Warehouse",4,0,4,,0,064992714178,,117.79,123.99,89.38000000,0.000000,0.00,0,0.000000,N,N,N,N,0,0,0,0,0,Acana
,471419,"ACANA Singles Pork & Squash Recipe - 1.8kg","Dry Dog Food",Each,"Main Warehouse",2,0,2,,0,064992714192,,34.99,33.24,23.26000000,0.000000,0.00,0,0.000000,N,N,N,N,0,0,0,0,0,Acana
,471420,"ACANA Singles Pork & Squash Recipe - 5.4kg","Dry Dog Food",Each,"Main Warehouse",4,0,4,,0,064992714208,,65.99,65.99,44.68000000,0.000000,0.00,0,0.000000,N,N,N,N,0,0,0,0,0,Acana
,471421,"ACANA Singles Pork & Squash Recipe - 10.8kg","Dry Dog Food",Each,"Main Warehouse",3,0,3,,0,064992714215,,109.24,105.99,77.22000000,0.000000,0.00,0,0.000000,N,N,N,N,0,0,0,0,0,Acana
,471430,"Acana Cat First Feast Dry Food - 1.8kg","Dry Cat Food",Each,"Main Warehouse",5,0,5,,0,064992714307,,29.99,29.99,17.95000000,0.000000,0.00,0,0.000000,N,N,N,N,0,0,0,0,0,Acana
,471436,"ACANA Homestead Harvest Cat - 1.8kg","Dry Cat Food",Each,"Main Warehouse",2,0,2,,0,064992714369,,29.99,18.84,17.95000000,0.000000,0.00,0,0.000000,N,N,N,N,0,0,0,0,0,Acana
,471437,"ACANA Homestead Harvest Cat - 4.5kg","Dry Cat Food",Each,"Main Warehouse",3,0,3,,0,064992714376,,54.99,54.99,33.90000000,0.000000,0.00,0,0.000000,N,N,N,N,0,0,0,0,0,Acana
,471443,"ACANA Bountiful Catch Cat - 1.8kg","Dry Cat Food",Each,"Main Warehouse",7,0,7,,0,064992714437,,28.49,29.99,17.95000000,0.000000,0.00,0,0.000000,N,N,N,N,0,0,0,0,0,Acana
,471444,"ACANA Bountiful Catch Cat - 4.5kg","Dry Cat Food",Each,"Main Warehouse",2,0,2,,0,064992714444,,54.99,54.99,33.90000000,0.000000,0.00,0,0.000000,N,N,N,N,0,0,0,0,0,Acana
,471450,"ACANA Indoor Entrée Cat - 1.8kg","Dry Cat Food",Each,"Main Warehouse",3,0,3,,0,064992714505,,29.99,25.99,17.95000000,0.000000,0.00,0,0.000000,N,N,N,N,0,0,0,0,0,Acana
,471451,"ACANA Indoor Entrée Cat - 4.5kg","Dry Cat Food",Each,"Main Warehouse",2,0,2,0,0,064992714512,,52.24,52.24,37.77000000,0.000000,0.00,0,1.000000,N,N,N,Y,0,0,0,0,0,Acana
,471457,"ACANA Wild Prairie Cat - 1.8kg","Dry Cat Food",Each,"Main Warehouse",1,0,1,,0,064992714574,,8.98,29.74,20.93000000,0.000000,0.00,0,0.000000,N,N,N,N,0,0,0,0,0,Acana
,471458,"ACANA Wild Prairie Cat - 4.5kg","Dry Cat Food",Each,"Main Warehouse",1,1,0,,0,064992714581,,64.99,64.99,40.06000000,0.000000,0.00,0,0.000000,N,N,N,N,0,0,0,0,0,Acana
,471464,"ACANA Pacifica Cat - 1.8kg","Dry Cat Food",Each,"Main Warehouse",1,0,1,,0,064992714642,,34.99,21.89,20.93000000,0.000000,0.00,0,0.000000,N,N,N,N,0,0,0,0,0,Acana
,471465,"ACANA Pacifica Cat - 4.5kg","Dry Cat Food",Each,"Main Warehouse",2,0,2,,0,064992714659,,61.74,42.07,40.07000000,0.000000,0.00,0,0.000000,N,N,N,N,0,0,0,0,0,Acana
,471471,"ACANA Grasslands Cat - 1.8kg","Dry Cat Food",Each,"Main Warehouse",2,0,2,,0,064992714710,,34.99,27.72,23.54000000,0.000000,0.00,0,0.000000,N,N,N,N,0,0,0,0,0,Acana
,471472,"ACANA Grasslands Cat - 4.5kg","Dry Cat Food",Each,"Main Warehouse",3,0,3,,0,064992714727,,64.99,64.99,45.57000000,0.000000,0.00,0,0.000000,N,N,N,N,0,0,0,0,0,Acana
,471476,"ORIJEN Small Breed Dog - 1.8kg","Dry Dog Food",Each,"Main Warehouse",3,0,3,,0,064992714765,,33.24,24.49,20.93000000,0.000000,0.00,0,0.000000,N,N,N,N,0,0,0,0,0,Orijen
,471477,"ORIJEN Small Breed Dog - 4.5kg","Dry Dog Food",Each,"Main Warehouse",4,0,4,,0,064992714772,,66.49,62.99,47.94000000,0.000000,0.00,0,0.000000,N,N,N,N,0,0,0,0,0,Orijen
,471544,"ACANA Healthy Grains Free-Run Poultry - 1.8kg","Dry Dog Food",Each,"Main Warehouse",3,0,3,,0,064992715441,,26.99,26.99,16.16000000,0.000000,0.00,0,0.000000,N,N,N,N,0,0,0,0,0,Acana
,471545,"ACANA Healthy Grains Free-Run Poultry - 10.2kg","Dry Dog Food",Each,"Main Warehouse",3,0,3,,0,064992715458,,88.99,88.99,60.06000000,0.000000,0.00,0,0.000000,N,N,N,N,0,0,0,0,0,Acana
,471547,"Acana Healthy Grains Red Meat Recipe - 1.8kg","Dry Dog Food",Each,"Main Warehouse",5,0,5,,0,064992715472,,26.99,26.99,17.95000000,0.000000,0.00,0,0.000000,N,N,N,N,0,0,0,0,0,Acana
,471548,"Acana Healthy Grains Red Meat Recipe - 10.2kg","Dry Dog Food",Each,"Main Warehouse",2,0,2,,0,064992715489,,96.99,80.74,65.46000000,0.000000,0.00,0,0.000000,N,N,N,N,0,0,0,0,0,Acana
,471550,"Acana Healthy Grains Puppy - 1.8kg","Dry Dog Food",Each,"Main Warehouse",5,0,5,,0,064992715502,,26.99,22.945,17.75000000,0.000000,0.00,0,0.000000,N,N,N,N,0,0,0,0,0,Acana
,471551,"Acana Healthy Grains Puppy - 10.2kg","Dry Dog Food",Each,"Main Warehouse",0,0,0,,0,064992715519,,89.99,89.99,60.75000000,0.000000,0.00,0,0.000000,N,N,N,Y,0,0,0,0,0,Acana
,471553,"Acana Dog Healthy Grains Recipe Large Breed Dry Food 10.2kg","Dry Dog Food",Each,"Main Warehouse",2,0,2,,0,064992715533,,88.99,88.99,59.78000000,0.000000,0.00,0,0.000000,N,N,N,Y,0,0,0,0,0,Acana
,471554,"Acana Dog Freeze Dried Food Morsels Chicken 227g","Dog Freeze Dried Food",Each,"Main Warehouse",4,0,4,,0,064992715540,,29.99,29.99,17.68000000,0.000000,0.00,0,0.000000,N,N,N,N,0,0,0,0,0,Acana
,471555,"Acana Dog Freeze Dried Food Patties Chicken 397g","Dog Freeze Dried Food",Each,"Main Warehouse",0,0,0,,0,064992715557,,29.99,29.99,17.98000000,0.000000,0.00,0,0.000000,N,N,N,N,0,0,0,0,0,Acana
,471558,"Acana Dog Freeze Dried Food Morsels Turkey 227g","Dog Freeze Dried Food",Each,"Main Warehouse",5,0,5,,0,064992715588,,29.99,22.98,17.68000000,0.000000,0.00,0,0.000000,N,N,N,N,0,0,0,0,0,Acana
,471559,"Acana Dog Freeze Dried Food Patties Turkey 397g","Dog Freeze Dried Food",Each,"Main Warehouse",0,0,0,,0,064992715595,,0.00,0.00,25.34000000,0.000000,0.00,0,0.000000,N,N,N,N,0,0,0,0,0,Acana
,471562,"Acana Dog Freeze Dried Food Morsels Duck 227g","Dog Freeze Dried Food",Each,"Main Warehouse",3,0,3,,0,064992715625,,29.99,22.98,17.68000000,0.000000,0.00,0,0.000000,N,N,N,N,0,0,0,0,0,Acana
,471563,"Acana Dog Freeze Dried Food Patties Duck 397g","Dog Freeze Dried Food",Each,"Main Warehouse",0,0,0,,0,064992715632,,32.94,32.94,25.34000000,0.000000,0.00,0,0.000000,N,N,N,N,0,0,0,0,0,Acana
,471566,"Acana Dog Freeze Dried Food Morsels Beef 227g","Dog Freeze Dried Food",Each,"Main Warehouse",1,0,1,,0,064992715663,,22.98,22.98,17.68000000,0.000000,0.00,0,0.000000,N,N,N,N,0,0,0,0,0,Acana
,471567,"Acana Dog Freeze Dried Food Patties Beef 397g","Dog Freeze Dried Food",Each,"Main Warehouse",1,0,1,,0,064992715670,,32.94,32.94,25.34000000,0.000000,0.00,0,0.000000,N,N,N,N,0,0,0,0,0,Acana
,471596,"Acana Puppy Premium Pate Grain Free in Bone Broth Wet Food","Wet Dog Food",Each,"Main Warehouse",12,0,12,,0,064992715977,,5.99,0.00,3.69000000,0.000000,0.00,0,0.000000,N,N,N,N,0,0,0,0,0,Acana
,471601,"Acana Dog Premium Chunks Grain Free Lamb in Broth Wet Food","Wet Dog Food",Each,"Main Warehouse",11,0,11,,0,064992716004,,5.99,4.49,3.69000000,0.000000,0.00,0,0.000000,N,N,N,N,0,0,0,0,0,Acana
,471604,"Acana Dog Premium Chunks Grain Free Pork in Bone Broth Wet Food","Wet Dog Food",Each,"Main Warehouse",1,0,1,,0,064992716035,,5.99,5.085,3.69000000,0.000000,0.00,0,0.000000,N,N,N,N,0,0,0,0,0,Acana
,471607,"Acana Dog Premium Chunks Grain Free Duck in Bone Broth Wet Food","Wet Dog Food",Each,"Main Warehouse",17,0,17,,0,064992716066,,5.99,5.99,3.69000000,0.000000,0.00,0,0.000000,N,N,N,N,0,0,0,0,0,Acana
,471610,"Acana Dog Premium Chunks Grain Free Beef in Bone Broth Wet Food","Wet Dog Food",Each,"Main Warehouse",44,0,44,,0,064992716097,,5.99,4.49,4.33000000,0.000000,0.00,0,0.000000,N,N,N,N,0,0,0,0,0,Acana
,471613,"Acana Dog Premium Chunks Grain Free Poultry in Bone Broth Wet Food 12.8 OZ","Wet Dog Food",Each,"Main Warehouse",22,0,22,,0,064992716127,,5.99,5.99,3.69000000,0.000000,0.00,0,0.000000,N,N,N,N,0,0,0,0,0,Acana
,471616,"Orijen Puppy Poultry+Fish Pate Wet Food 12.8oz","Wet Dog Food",Each,"Main Warehouse",9,0,9,,0,064992716158,,7.29,7.29,4.50000000,0.000000,0.00,0,0.000000,N,N,N,N,0,0,0,0,0,Orijen
,471619,"Orijen Dog Real Meat Shreds Original Wet Food 12.8oz","Wet Dog Food",Each,"Main Warehouse",3,0,3,,0,064992716189,,7.29,7.29,4.50000000,0.000000,0.00,0,0.000000,N,N,N,N,0,0,0,0,0,Orijen
,471622,"Orijen Dog Real Meat Shreds Regional Red Wet Food 12.8oz","Wet Dog Food",Each,"Main Warehouse",11,0,11,,0,064992716219,,7.29,7.29,4.50000000,0.000000,0.00,0,0.000000,N,N,N,N,0,0,0,0,0,Orijen
,471625,"Orijen Tundra Stew Lamb, Duck and Beef 12.8 Oz","Wet Dog Food",Each,"Main Warehouse",9,0,9,,0,064992716240,,7.29,7.29,4.50000000,0.000000,0.00,0,0.000000,N,N,N,N,0,0,0,0,0,Orijen
,471631,"Orijen Dog Real Meat Shreds Chicken Stew Wet Food 12.8oz","Wet Dog Food",Each,"Main Warehouse",10,0,10,,0,064992716301,,7.29,0.00,4.50000000,0.000000,0.00,0,0.000000,N,N,N,N,0,0,0,0,0,Acana
,471886,"Orijen Kitten Dry Food 1.8kg","Dry Cat Food",Each,"Main Warehouse",3,0,3,,0,064992718862,,39.99,0.00,23.94000000,0.000000,0.00,0,0.000000,N,N,N,N,0,0,0,0,0,Orijen
,471957,"Acana Cat Salmon in Bone Broth Wet Food - 3oz","Wet Cat Food",Each,"Main Warehouse",0,0,0,,0,,,2.49,2.49,1.49000000,0.000000,0.00,0,0.000000,N,N,N,N,0,0,0,0,0,Acana
,471964,"Acana Chicken & Bone Broth","Wet Cat Food","Case of 24","Main Warehouse",0,0,0,,0,,,3.99,3.99,1.65000000,0.000000,0.00,0,0.000000,N,N,N,N,0,0,0,0,0,Acana
,471965,"Acana Cat Beef Recipe in Bone Broth Wet Food - 3oz","Wet Cat Food",Each,"Main Warehouse",38,0,38,,0,064992719531,,2.49,2.37,1.48000000,0.000000,0.00,0,0.000000,N,N,N,N,0,0,0,0,0,Acana
,471966,"Acana Cat Lamb + Lamb Liver in Bone Broth Wet Food - 3oz","Wet Cat Food",Each,"Main Warehouse",30,0,30,,0,064992719548,,2.49,2.49,1.48000000,0.000000,0.00,0,0.000000,N,N,N,N,0,0,0,0,0,Acana
,471967,"Acana Kitten Chicken + Tuna Wet Food 3oz","Wet Cat Food",Each,"Main Warehouse",121,0,121,,0,064992719555,,2.37,1.87,1.48000000,0.000000,0.00,0,0.000000,N,N,N,N,0,0,0,0,0,Acana
,471968,"Acana Cat Tuna in Bone Broth Wet Food - 3oz","Wet Cat Food",Each,"Main Warehouse",72,0,72,,0,064992719562,,2.49,1.87,1.48000000,0.000000,0.00,0,0.000000,N,N,N,N,0,0,0,0,0,Acana
,471970,"Orijen Cat Original entree in Bone Broth Wet Food","Wet Cat Food",Each,"Main Warehouse",51,0,51,,0,064992719586,,2.89,2.89,1.72000000,0.000000,0.00,0,0.000000,N,N,N,N,0,0,0,0,0,Orijen
,471971,"Orijen Cat Regional Red in Bone Broth Wet Food","Wet Cat Food",Each,"Main Warehouse",96,0,96,,0,064992719593,,2.89,2.46,1.72000000,0.000000,0.00,0,0.000000,N,N,N,N,0,0,0,0,0,Orijen
,471973,"Orijen Kitten Chicken+Salmon entree in Bone Broth Wet Food","Wet Cat Food",Each,"Main Warehouse",37,0,37,,0,064992719616,,2.49,2.89,1.72000000,0.000000,0.00,0,0.000000,N,N,N,N,0,0,0,0,0,Orijen
,471974,"Orijen Cat Duck+Chicken Entrée in Bone Broth Wet Food","Wet Cat Food",Each,"Main Warehouse",4,0,4,,0,064992719623,,2.89,0.00,1.72000000,0.000000,0.00,0,0.000000,N,N,N,N,0,0,0,0,0,Orijen
,471975,"Orijen Cat Tuna+Beef entree in Bone Broth Wet Food","Wet Cat Food",Each,"Main Warehouse",118,0,118,,0,064992719630,,2.89,2.89,1.72000000,0.000000,0.00,0,0.000000,N,N,N,N,0,0,0,0,0,Orijen
,472017,"Orijen Cat Guardian 8 Dry Food 1.8kg","Dry Cat Food",Each,"Main Warehouse",2,0,2,,0,064992720179,,39.99,39.99,26.61000000,0.000000,0.00,0,0.000000,N,N,N,N,0,0,0,0,0,Orijen
,472018,"Orijen Cat Guardian 8 Dry Food 4.5kg","Dry Cat Food",Each,"Main Warehouse",6,0,6,,0,064992720186,,74.99,0.00,50.65000000,0.000000,0.00,0,0.000000,N,N,N,N,0,0,0,0,0,Orijen
,472075,"Acana Chewy Strips Chicken","Dog Treats",Each,"Main Warehouse",3,0,3,,0,064992720759,,15.99,15.99,9.59000000,0.000000,0.00,0,0.000000,N,N,N,N,0,0,0,0,0,Acana
,472076,"Acana Chewy Strips Beef","Dog Treats",Each,"Main Warehouse",1,0,1,,0,064992720766,,15.99,15.99,9.59000000,0.000000,0.00,0,0.000000,N,N,N,N,0,0,0,0,0,Acana
,472077,"Acana Chewy Strips Salmon","Dog Treats",Each,"Main Warehouse",1,0,1,,0,064992720773,,15.99,15.99,9.59000000,0.000000,0.00,0,0.000000,N,N,N,N,0,0,0,0,0,Acana
,472213,"Acana Cat Chicken in Bone Broth Wet Food","Wet Cat Food",Each,"Main Warehouse",9,0,9,,0,064992722012,,3.99,3.391,2.42000000,0.000000,0.00,0,0.000000,N,N,N,N,0,0,0,0,0,Acana
,472214,"Acana Cat Beef Recipe in Bone Broth Wet Food - 5.5oz","Wet Cat Food",Each,"Main Warehouse",22,0,22,,0,064992722029,,3.79,3.99,2.42000000,0.000000,0.00,0,0.000000,N,N,N,N,0,0,0,0,0,Acana
,472215,"Acana Cat Lamb + Lamb Liver in Bone Broth Wet Food - 5.5oz","Wet Cat Food",Each,"Main Warehouse",6,0,6,,0,064992722036,,3.99,2.54,2.42000000,0.000000,0.00,0,0.000000,N,N,N,N,0,0,0,0,0,Acana
,472217,"Acana Cat Tuna in Bone Broth Wet Food - 5.5oz","Wet Cat Food",Each,"Main Warehouse",32,0,32,,0,064992722050,,3.79,3.99,2.42000000,0.000000,0.00,0,0.000000,N,N,N,N,0,0,0,0,0,Acana
,472218,"Acana Cat Salmon in Bone Broth Wet Food - 5.5oz","Wet Cat Food",Each,"Main Warehouse",0,0,0,,0,064992722067,,3.99,3.3925,2.42000000,0.000000,0.00,0,0.000000,N,N,N,N,0,0,0,0,0,Acana
,472219,"Orijen Cat Original entree in Bone Broth Wet Food","Wet Cat Food",Each,"Main Warehouse",30,0,30,,0,064992722074,,3.14,4.49,2.72000000,0.000000,0.00,0,0.000000,N,N,N,N,0,0,0,0,0,Orijen
,472220,"Orijen Cat Regional Red in Bone Broth Wet Food","Wet Cat Food",Each,"Main Warehouse",60,0,60,,0,064992722081,,4.49,4.49,2.72000000,0.000000,0.00,0,0.000000,N,N,N,N,0,0,0,0,0,Orijen
,472223,"Orijen Cat Duck+Chicken entree in Bone Broth Wet Food","Wet Cat Food",Each,"Main Warehouse",13,0,13,,0,064992722111,,4.49,4.49,2.72000000,0.000000,0.00,0,0.000000,N,N,N,N,0,0,0,0,0,Orijen
,472224,"Orijen Cat Tuna+Beef entree in Bone Broth Wet Food","Wet Cat Food",Each,"Main Warehouse",5,0,5,,0,064992722128,,4.49,4.49,2.72000000,0.000000,0.00,0,0.000000,N,N,N,N,0,0,0,0,0,Orijen
,472324,"Acana Cat Highest Protein Kitten Dry Food 1.8kg","Dry Cat Food",Each,"Main Warehouse",1,0,1,,0,064992723231,,34.99,34.99,20.93000000,0.000000,0.00,0,0.000000,N,N,N,N,0,0,0,0,0,Acana
,472397,"Acana Cat Highest Protein Indoor Dry Food 1.8kg","Dry Cat Food",Each,"Main Warehouse",2,0,2,,0,064992723972,,34.99,34.99,20.95000000,0.000000,0.00,0,0.000000,N,N,N,N,0,0,0,0,0,Acana
,472398,"Acana Cat Highest Protein Indoor Dry Food 4.5 kg","Dry Cat Food",Each,"Main Warehouse",0,0,0,,0,064992723989,,68.99,68.99,47.39000000,0.000000,0.00,0,0.000000,N,N,N,Y,0,0,0,0,0,Acana
,472400,"Orijen Cat Guardian 8 Senior Dry Food 1.8kg","Dry Cat Food",Each,"Main Warehouse",3,0,3,,0,064992724009,,23.99,39.99,26.95000000,0.000000,0.00,0,0.000000,N,N,N,N,0,0,0,0,0,Orijen
,478010,"Goodie Bone (Small)",,Each,"Main Warehouse",2,0,2,,0,035585780108,,16.99,16.99,7.00000000,0.000000,0.00,0,0.000000,N,N,N,N,0,0,0,0,0,N/A
,49388,"Royal Canin Medium Puppy Dry Dog Food",Dogs,Each,"Main Warehouse",1,0,1,,0,030111493880,,97.99,97.99,0.00000000,0.000000,0.00,0,0.000000,N,N,N,N,0,0,0,0,0,"Royal Canin"
,500007,"Primal Cat Freeze Dried Turkey","Cat Freeze Dried Food",Each,"Main Warehouse",1,0,1,,0,895135000076,,44.99,38.24,30.82000000,0.000000,0.00,0,0.000000,N,N,N,N,0,0,0,0,0,Primal
,500200,"Classic Collar Blue - Large 13-22""",,Each,"Main Warehouse",2,0,2,,0,649510002205,,13.99,0.00,7.45000000,0.000000,0.00,0,0.000000,N,N,N,N,0,0,0,0,0,N/A
,500219,"Classic Collar Black - Large 13-22""",,Each,"Main Warehouse",2,0,2,,0,649510002199,,13.99,0.00,7.45000000,0.000000,0.00,0,0.000000,N,N,N,N,0,0,0,0,0,N/A
,500232,"Classic Collar Black - Medium 10-16""",,Each,"Main Warehouse",2,0,2,,0,649510002328,,10.49,0.00,5.55000000,0.000000,0.00,0,0.000000,N,N,N,N,0,0,0,0,0,N/A
,500233,"Classic Collar Blue - Medium 10-16""",,Each,"Main Warehouse",0,0,0,,0,649510002335,,11.99,11.99,5.55000000,0.000000,0.00,0,0.000000,N,N,N,N,0,0,0,0,0,N/A
,500300,"Spunky Pup Fetch & Glow Ball Large",,Each,"Main Warehouse",0,0,0,,0,851613003007,,12.99,11.04,7.00000000,0.000000,0.00,0,0.000000,N,N,N,N,0,0,0,0,0,"Spunky Pup"
,500301,"Spunky Pup Fetch & Glow Ball Medium",,Each,"Main Warehouse",4,0,4,,0,851613003014,,11.99,11.99,6.22000000,0.000000,0.00,0,0.000000,N,N,N,N,0,0,0,0,0,"Spunky Pup"
,500317,"Himalayan Antler Bone Medium",,Each,"Main Warehouse",1,0,1,,0,859552003171,,14.99,14.99,7.77000000,0.000000,0.00,0,0.000000,N,N,N,N,0,0,0,0,0,Himalayan
,500318,"Himalayan Coconut Bone Medium","Chews + Bones",Each,"Main Warehouse",3,0,3,,0,859552003188,,14.99,14.99,7.77000000,0.000000,0.00,0,0.000000,N,N,N,N,0,0,0,0,0,Himalayan
,500322,"Himalayan YakyCharms Cheese with Peanut Butter",,Each,"Main Warehouse",20,0,20,,0,859552003225,,4.94,4.67,3.37000000,0.000000,0.00,0,0.000000,N,N,N,N,0,0,0,0,0,Himalayan
,500400,"Himalayan Yaky Original for 55lbs &Under","Chews + Bones",Each,"Main Warehouse",0,0,0,,0,853012004005,,12.49,12.49,6.90000000,0.000000,0.00,0,0.000000,N,N,N,N,0,0,0,0,0,Himalayan
,500401,"Himalayan Yaky Original for 35lbs &Under","Chews + Bones",Each,"Main Warehouse",0,0,0,,0,853012004012,,8.99,8.99,5.03000000,0.000000,0.00,0,0.000000,N,N,N,N,0,0,0,0,0,Himalayan
,500402,"Himalayan Yaky Original for 15lbs & Under","Chews + Bones",Each,"Main Warehouse",0,0,0,,0,853012004029,,12.49,10.61,6.90000000,0.000000,0.00,0,0.000000,N,N,N,N,0,0,0,0,0,Himalayan
,500407,"Himalayan Churro Chew Stix - Salmon","Chews + Bones",Each,"Main Warehouse",93,0,93,,0,853012004074,,6.99,8.49,0.00000000,0.000000,0.00,0,0.000000,N,N,N,N,0,0,0,0,0,Himalayan
,500427,"Primal Dog Freeze Dried Raw Nuggets - Pork, 5.5oz","Dog Freeze Dried",Each,"Main Warehouse",0,0,0,,0,,,18.99,18.99,0.00000000,0.000000,0.00,0,0.000000,N,N,N,N,0,0,0,0,0,Primal
,500429,"Primal Cat Freeze Dried Raw Nuggets - Pork, 5.5oz",,Each,"Main Warehouse",2,0,2,,0,850334004294,,11.39,18.99,12.90000000,0.000000,0.00,0,0.000000,N,N,N,N,0,0,0,0,0,Primal
,500431,"Primal Dog Freeze Dried Raw Nuggets - Beef, 5.5oz",,Each,"Main Warehouse",1,0,1,,0,850334004317,,18.99,18.04,12.90000000,0.000000,0.00,0,0.000000,N,N,N,N,0,0,0,0,0,Primal
,500432,"Primal Dog Freeze Dried Raw Nuggets - Chicken, 5.5oz",,Each,"Main Warehouse",1,0,1,,0,850334004324,,18.04,18.04,12.90000000,0.000000,0.00,0,0.000000,N,N,N,N,0,0,0,0,0,Primal
,500433,"Primal Dog Freeze Dried Raw Nuggets - Lamb, 5.5oz",,Each,"Main Warehouse",2,0,2,,0,850334004331,,18.99,18.99,12.90000000,0.000000,0.00,0,0.000000,N,N,N,N,0,0,0,0,0,Primal
,500434,"Primal Cat Freeze Dried Raw Nuggets - Beef + Salmon, 5.5oz",,Each,"Main Warehouse",2,0,2,,0,850334004348,,11.39,18.99,12.90000000,0.000000,0.00,0,0.000000,N,N,N,N,0,0,0,0,0,Primal
,500435,"Primal Cat Freeze Dried Raw Nuggets - Chicken + Salmon, 5.5oz",,Each,"Main Warehouse",1,0,1,,0,850334004355,,11.39,18.99,12.90000000,0.000000,0.00,0,0.000000,N,N,N,N,0,0,0,0,0,Primal
,500437,"Classic Collar Black - Small 8-12""","Dog Freeze Dried Food",Each,"Main Warehouse",2,0,2,,0,850334004379,,18.99,0.00,12.90000000,0.000000,0.00,0,0.000000,N,N,N,N,0,0,0,0,0,Primal
,500438,"Classic Collar Blue - Small 8-12""","Dog Harness, Lead &amp; Collar",Each,"Main Warehouse",2,0,2,,0,649510004384,,8.99,0.00,4.75000000,0.000000,0.00,0,0.000000,N,N,N,N,0,0,0,0,0,Primal
,500441,"Classic Collar Purple - Small 8-12""","Dog Harness, Lead &amp; Collar",Each,"Main Warehouse",2,0,2,,0,649510004414,,8.99,0.00,4.75000000,0.000000,0.00,0,0.000000,N,N,N,N,0,0,0,0,0,Primal
,500463,"Classic Collar Purple - Large 13-22""","Dog Harness, Lead &amp; Collars",Each,"Main Warehouse",0,0,0,,0,,,14.99,14.99,0.00000000,0.000000,0.00,0,0.000000,N,N,N,N,0,0,0,0,0,Primal
,500473,"Classic Collar Purple - Medium 10-16""","Dog Harness, Lead &amp; Collar",Each,"Main Warehouse",1,0,1,,0,649510004735,,11.99,11.99,5.55000000,0.000000,0.00,0,0.000000,N,N,N,N,0,0,0,0,0,Primal
,500495,"Primal Dog Freeze Dried Raw Nuggets - Venison, 5.5oz",,Each,"Main Warehouse",1,0,1,,0,850334004959,,14.39,23.99,16.30000000,0.000000,0.00,0,0.000000,N,N,N,N,0,0,0,0,0,Primal
,500496,"Primal Cat Freeze Dried Raw Nuggets - Venison, 5.5oz","Cat Freeze Dried",Each,"Main Warehouse",0,0,0,,0,,,23.99,23.99,0.00000000,0.000000,0.00,0,0.000000,N,N,N,N,0,0,0,0,0,Primal
,500574,"GO! Sensitivities Limited Ingredient Lamb - 12lb",Dogs,Each,"Main Warehouse",2,0,2,,0,815260005746,,74.99,74.99,0.00000000,0.000000,0.00,0,0.000000,N,N,N,N,0,0,0,0,0,
,500619,"Wildly Natural Cat Treats Free Range Chicken",,Each,"Main Warehouse",6,0,6,,0,852763006191,,7.49,7.49,3.48000000,0.000000,0.00,0,0.000000,N,N,N,N,0,0,0,0,0,Fruitables
,500620,"Wildly Natural Cat Treats Salmon",,Each,"Main Warehouse",14,0,14,,0,852763006207,,7.49,7.49,3.48000000,0.000000,0.00,0,0.000000,N,N,N,N,0,0,0,0,0,Fruitables
,500621,"Wildly Natural Cat Treats Tuna",,Each,"Main Warehouse",23,0,23,,0,852763006214,,6.36,6.36,3.48000000,0.000000,0.00,0,0.000000,N,N,N,N,0,0,0,0,0,Fruitables
,500625,"Primal Cat Freeze Dried Rabbit 14 oz",,Each,"Main Warehouse",0,0,0,,0,854496006257,,0.00,0.00,0.00000000,0.000000,0.00,0,0.000000,N,N,N,N,0,0,0,0,0,Primal
,500670,"Spunky Pup Lil' Bitty Squeakers Elephant",,Each,"Main Warehouse",0,0,0,,0,857874006702,,15.99,15.99,8.40000000,0.000000,0.00,0,0.000000,N,N,N,N,0,0,0,0,0,"Spunky Pup"
,500671,"Spunky Pup Lil' Bitty Squeakers Zebra",,Each,"Main Warehouse",9,0,9,,0,857874006719,,15.99,15.99,8.40000000,0.000000,0.00,0,0.000000,N,N,N,N,0,0,0,0,0,"Spunky Pup"
,500703,"Hill's Science Sensitive Stomach & Skin Small & Mini Adult Dog Dry Food - Chicken & Rice - 4lb","Dry Dog Food",Each,"Main Warehouse",1,0,1,,0,052742007038,,42.99,37.99,28.65000000,0.000000,0.00,0,0.000000,N,N,N,N,0,0,0,0,0,"Hill's Science"
,500835,"Wildly Natural Whole Jerky Strips Thick Cut Bacon","Dog Treats",Each,"Main Warehouse",8,0,8,,0,852978008355,,24.49,24.49,13.08000000,0.000000,0.00,0,0.000000,N,N,N,N,0,0,0,0,0,Fruitables
,500839,"Wildly Natural Whole Jerky Strips Grilled Bison","Dog Treats",Each,"Main Warehouse",9,0,9,,0,852978008393,,24.49,24.49,13.08000000,0.000000,0.00,0,0.000000,N,N,N,N,0,0,0,0,0,Fruitables
,500840,"Wildly Natural Whole Jerky Strips Alaskan Salmon","Dog Treats",Each,"Main Warehouse",8,0,8,,0,852978008409,,27.49,0.00,13.08000000,0.000000,0.00,0,0.000000,N,N,N,N,0,0,0,0,0,Fruitables
,500849,"Fruitables Cat Crunchy Treats Chicken & Blueberry","Cat Treats",Each,"Main Warehouse",3,0,3,,0,852978008492,,7.49,7.49,3.58000000,0.000000,0.00,0,0.000000,N,N,N,N,0,0,0,0,0,Fruitables
,500850,"Fruitables Cat Crunchy Treats Salmon & Cranberry",,Each,"Main Warehouse",5,0,5,,0,852978008508,,7.49,7.49,3.58000000,0.000000,0.00,0,0.000000,N,N,N,N,0,0,0,0,0,Fruitables
,500851,"Fruitables Cat Crunchy Treats Tuna & Pumpkin",,Each,"Main Warehouse",5,0,5,,0,852978008515,,7.49,7.49,3.58000000,0.000000,0.00,0,0.000000,N,N,N,N,0,0,0,0,0,Fruitables
,500862,"Stella&Chewys Dog Freeze Dried Solutions Immune Boost Lamb",,Each,"Main Warehouse",6,0,6,,0,852301008625,,44.99,0.00,30.81000000,0.000000,0.00,0,0.000000,N,N,N,N,0,0,0,0,0,Stella&Chewy
,500864,"Stella & Chewy Solutions Digestive Boost Grass- Fed Beef 13oz",,Each,"Main Warehouse",6,0,6,,0,852301008649,,44.99,0.00,30.81000000,0.000000,0.00,0,0.000000,N,N,N,N,0,0,0,0,0,Stella&Chewy
,500867,"Stella&Chewy Cat RawCoated Cagefree Chicken - 5lb",,Each,"Main Warehouse",1,0,1,,0,852301008670,,31.99,0.00,22.37000000,0.000000,0.00,0,0.000000,N,N,N,N,0,0,0,0,0,Stella&Chewy
,500868,"Stella&Chewy Cat RawCoated Cagefree Chicken - 10lb",,Each,"Main Warehouse",1,0,1,,0,852301008687,,31.79,52.99,37.05000000,0.000000,0.00,0,0.000000,N,N,N,N,0,0,0,0,0,Stella&Chewy
,500870,"Stella&Chewy Cat RawCoated Wild Caught Salmon - 5lb",,Each,"Main Warehouse",0,0,0,,0,852301008700,,31.99,0.00,22.37000000,0.000000,0.00,0,0.000000,N,N,N,N,0,0,0,0,0,Stella&Chewy
,500871,"Stella&Chewy Cat RawCoated Wild Caught Salmon - 10lb","Cat Freeze Dried Food",Each,"Main Warehouse",0,0,0,,0,852301008717,,55.99,0.00,39.17000000,0.000000,0.00,0,0.000000,N,N,N,N,0,0,0,0,0,Stella&Chewy
,500873,"Stella&Chewy Cat Raw Blend Poultry",,Each,"Main Warehouse",0,0,0,,0,852301008731,,44.99,32.90,31.33000000,0.000000,0.00,0,0.000000,N,N,N,N,0,0,0,0,0,Stella&Chewy
,50220,"Acana Puppy Small Breed Recipe Dry Dog Food",Dogs,Each,"Main Warehouse",15,0,15,,0,064992502201,,33.49,33.49,20.94000000,0.000000,0.00,0,0.000000,N,N,N,N,0,0,0,0,0,Acana
,504625,"Utility Explore Harness Black, Large",,Each,"Main Warehouse",0,0,0,,0,649510046254,,72.49,69.49,55.60000000,0.000000,0.00,0,0.000000,N,N,N,N,0,0,0,0,0,N/A
,504630,"Utility Explore Harness Black, X-Large",,Each,"Main Warehouse",1,0,1,,0,649510046308,,78.49,78.49,60.15000000,0.000000,0.00,0,0.000000,N,N,N,N,0,0,0,0,0,N/A
,505375,"Utility Control Harness Black, Small",,Each,"Main Warehouse",1,0,1,,0,649510053757,,20.99,20.99,14.85000000,0.000000,0.00,0,0.000000,N,N,N,N,0,0,0,0,0,N/A
,505395,"Utility Control Harness Black, Medium","Dog Harness, Lead &amp; Collar",Each,"Main Warehouse",0,0,0,,0,649510053955,,26.99,26.99,20.25000000,0.000000,0.00,0,0.000000,N,N,N,N,0,0,0,0,0,N/A
,505400,"Utility Control Harness Black, Large","Dog Harness, Lead &amp; Collar",Each,"Main Warehouse",1,0,1,,0,649510054006,,34.99,34.99,26.20000000,0.000000,0.00,0,0.000000,N,N,N,N,0,0,0,0,0,N/A
,505613,"Royal Canin Dental Care Small Adult Dog Food - 17lb","Dry Dog Food",Each,"Main Warehouse",4,0,4,,0,030111505613,,108.99,108.99,0.00000000,0.000000,0.00,0,0.000000,N,N,N,N,0,0,0,0,0,
,505674,"Urban Fast Fit Harness Pink - XS 12""-14""","Dog Harness, Lead &amp; Collars",Each,"Main Warehouse",0,0,0,,0,,,33.99,33.99,0.00000000,0.000000,0.00,0,0.000000,N,N,N,N,0,0,0,0,0,Rogz
,505675,"Urban Fast Fit Harness Grey - XS 12""-14""","Dog Harness, Lead &amp; Collars",Each,"Main Warehouse",2,0,2,,0,649510056758,,33.99,33.99,18.25000000,0.000000,0.00,0,0.000000,N,N,N,N,0,0,0,0,0,Rogz
,505676,"Urban Fast Fit Harness Turquoise - XS 12""-14""","Dog Harness, Lead &amp; Collars",Each,"Main Warehouse",0,0,0,,0,,,33.99,33.99,0.00000000,0.000000,0.00,0,0.000000,N,N,N,N,0,0,0,0,0,Rogz
,505689,"Urban Fast Fit Harness Pink - SM 13.5""-16""","Dog Harness, Lead &amp; Collars",Each,"Main Warehouse",0,0,0,,0,,,36.99,36.99,0.00000000,0.000000,0.00,0,0.000000,N,N,N,N,0,0,0,0,0,Rogz
,505690,"Urban Fast Fit Harness Grey - SM 13.5""-16""","Dog Harness, Lead &amp; Collars",Each,"Main Warehouse",2,0,2,,0,649510056901,,36.99,36.99,19.95000000,0.000000,0.00,0,0.000000,N,N,N,N,0,0,0,0,0,Rogz
,505691,"Urban Fast Fit Harness Turquoise - SM 13.5""-16""","Dog Harness, Lead &amp; Collars",Each,"Main Warehouse",0,0,0,,0,,,36.99,36.99,0.00000000,0.000000,0.00,0,0.000000,N,N,N,N,0,0,0,0,0,Rogz
,505695,"Urban Range - Fast-Fit Harness Grey, Sml-Med",,Each,"Main Warehouse",2,0,2,,0,,,30.49,30.49,23.35000000,0.000000,0.00,0,0.000000,N,N,N,N,0,0,0,0,0,Rogz
,505704,"Urban Range - Classic Lead Pink","Dog Harness, Lead &amp; Collars",Each,"Main Warehouse",0,0,0,,0,,,20.99,20.99,0.00000000,0.000000,0.00,0,0.000000,N,N,N,N,0,0,0,0,0,Rogz
,505705,"Urban Range - Classic Lead Grey","Dog Harness, Lead &amp; Collars",Each,"Main Warehouse",3,0,3,,0,649510057052,,20.99,20.99,11.05000000,0.000000,0.00,0,0.000000,N,N,N,N,0,0,0,0,0,Rogz
,505709,"Urban Fast Fit Harness Pink - MED 17""-20""","Dog Harness, Lead &amp; Collars",Each,"Main Warehouse",0,0,0,,0,,,41.99,41.99,0.00000000,0.000000,0.00,0,0.000000,N,N,N,N,0,0,0,0,0,Rogz
,505710,"Urban Fast Fit Harness Grey - MED 15""-17""","Dog Harness, Lead &amp; Collars",Each,"Main Warehouse",0,0,0,,0,649510056956,,41.99,41.99,0.00000000,0.000000,0.00,0,0.000000,N,N,N,N,0,0,0,0,0,Rogz
,505711,"Urban Fast Fit Harness Turquoise - MED 17""-20""","Dog Harness, Lead &amp; Collars",Each,"Main Warehouse",0,0,0,,0,,,41.99,41.99,0.00000000,0.000000,0.00,0,0.000000,N,N,N,N,0,0,0,0,0,Rogz
,505747,"Spunky Pup Clean Earth Recycled Plush Lobster Large",,Each,"Main Warehouse",10,0,10,,0,850010057477,,19.99,0.00,10.96000000,0.000000,0.00,0,0.000000,N,N,N,N,0,0,0,0,0,"Spunky Pup"
,505749,"Spunky Pup Clean Earth Recycled Plush Turtle Large",,Each,"Main Warehouse",7,0,7,,0,850010057491,,19.99,19.99,10.96000000,0.000000,0.00,0,0.000000,N,N,N,N,0,0,0,0,0,"Spunky Pup"
,505752,"Spunky Pup Clean Earth Recycled Plush Caribou Large",,Each,"Main Warehouse",7,0,7,,0,850010057521,,19.99,11.99,10.96000000,0.000000,0.00,0,0.000000,N,N,N,N,0,0,0,0,0,"Spunky Pup"
,505789,"Spunky Pup Clean Earth Recycled Plush Octopus Small",,Each,"Main Warehouse",7,0,7,,0,850010057897,,14.99,14.99,8.63000000,0.000000,0.00,0,0.000000,N,N,N,N,0,0,0,0,0,"Spunky Pup"
,505791,"Spunky Pup Clean Earth Recycled Plush Fox Small",,Each,"Main Warehouse",7,0,7,,0,850010057910,,14.99,14.99,9.00000000,0.000000,0.00,0,0.000000,N,N,N,N,0,0,0,0,0,"Spunky Pup"
,505792,"Spunky Pup Clean Earth Recycled Plush Raccoon Small",,Each,"Main Warehouse",6,0,6,,0,850010057927,,14.99,14.99,9.00000000,0.000000,0.00,0,0.000000,N,N,N,N,0,0,0,0,0,"Spunky Pup"
,506054,"Hills Adult Dog Perfect Weight Chicken 25LB","Dry Dog Food",Each,"Main Warehouse",0,0,0,,0,052742060545,,115.49,115.49,93.24000000,0.000000,0.00,0,0.000000,N,N,N,N,0,0,0,0,0,"Hill's Science"
,506072,"Rogz Urban Cat Harness & Lead - Pink",,Each,"Main Warehouse",2,0,2,,0,649510060724,,39.99,39.99,20.65000000,0.000000,0.00,0,0.000000,N,N,N,N,0,0,0,0,0,N/A
,506073,"Rogz Urban Cat Harness & Lead - Blue",,Each,"Main Warehouse",1,0,1,,0,649510060687,,35.99,35.99,20.65000000,0.000000,0.00,0,0.000000,N,N,N,N,0,0,0,0,0,N/A
,507373,"Hill's Science Diet Large Breed Adult 1-5 Dog Food - Chicken & Barley Recipe 35lbs","Dry Dog Food",Each,"Main Warehouse",2,0,2,,0,052742073736,,112.99,112.99,0.00000000,0.000000,0.00,0,0.000000,N,N,N,N,0,0,0,0,0,"Hill's Science"
,507629,"Hills Science Diet Adult Oral Care Chicken & Brown Rice Recipe Cat Food - 3.5lb","Cat Urinary Care",Each,"Main Warehouse",4,0,4,,0,052742076294,,40.99,40.99,28.31000000,0.000000,0.00,0,0.000000,N,N,N,N,0,0,0,0,0,
,508259,"Hill's Science Diet® Urinary Hairball Control Adult Dry Cat Food - Chicken and Rice - 3.5lb","Cat Health &amp; Wellness &amp; hygiene",Each,"Main Warehouse",11,0,11,,0,052742082592,,42.99,42.99,0.00000000,0.000000,0.00,0,0.000000,N,N,N,N,0,0,0,0,0,
,508266,"Hill's Science Diet® Urinary Hairball Control Adult Dry Cat Food - Chicken and Rice - 7lb","Cat Health &amp; Wellness &amp; hygiene",Each,"Main Warehouse",0,0,0,,0,052742082660,,74.99,74.99,0.00000000,0.000000,0.00,0,0.000000,N,N,N,N,0,0,0,0,0,
,512160,"Fromm Crunchy Os Grain-Free Dog Treats - Pumpkin KranPOW","Dog Treats",Each,"Main Warehouse",9,0,9,,0,072705121601,,9.99,9.99,5.77000000,0.000000,0.00,0,0.000000,N,N,N,N,0,0,0,0,0,Fromm
,512180,"Fromm Crunchy Os Multigrain Dog Treats - Pot Roast Punchers","Crunchy Treats",Each,"Main Warehouse",20,0,20,,0,072705121809,,9.99,9.99,2.77000000,0.000000,0.00,0,0.000000,N,N,N,N,0,0,0,0,0,Fromm
,520380,"Hiils Adult Dog Large Breed Lamb 33Lb",,Each,"Main Warehouse",0,0,0,,0,052742203805,,115.99,115.99,90.50000000,0.000000,0.00,0,0.000000,N,N,N,N,0,0,0,0,0,"Hill's Science"
,52403,"KONG for Cats Play Spaces Zen Den","Cat Accessories",Each,"Main Warehouse",0,0,0,,0,035585524030,,34.99,34.99,0.00000000,0.000000,0.00,0,0.000000,N,N,N,N,0,0,0,0,0,Kong
,52406,"Royal Canin Hair & Skin Care Cat Food",Cats,Each,"Main Warehouse",2,0,2,,0,030111524065,,69.99,69.99,0.00000000,0.000000,0.00,0,0.000000,N,N,N,N,0,0,0,0,0,"Royal Canin"
,52410,"KONG for Cats Catnip Kickeroo Crunch","Cat Accessories",Each,"Main Warehouse",0,0,0,,0,035585524108,,11.99,11.99,0.00000000,0.000000,0.00,0,0.000000,N,N,N,N,0,0,0,0,0,Kong
,53004,"Kong For Cats - Artz Dali / van Gogh 2 Pack","Cat Nip",Each,"Main Warehouse",0,0,0,,0,035585530048,,8.99,8.99,0.00000000,0.000000,0.00,0,0.000000,N,N,N,N,0,0,0,0,0,Kong
,531405,"Skout's Honor Stain & Odor Remover for Dog",,Each,"Main Warehouse",0,0,0,,0,850004314050,,18.99,17.32,10.35000000,0.000000,0.00,0,0.000000,N,N,N,N,0,0,0,0,0,"Skout's Honor"
,531407,"Skout's Honor Urine & Odor Destroyer for Cat",,Each,"Main Warehouse",0,0,0,,0,850004314074,,18.99,18.99,10.35000000,0.000000,0.00,0,0.000000,N,N,N,N,0,0,0,0,0,"Skout's Honor"
,531409,"Skouts Honor Litter Box Deodorizer",,Each,"Main Warehouse",0,0,0,,0,850004314098,,18.99,18.99,10.35000000,0.000000,0.00,0,0.000000,N,N,N,N,0,0,0,0,0,"Skout's Honor"
,537,"Go! Solutions Skin & Coat Care Tetra Packs for Dogs - Pollock Pâté with Grains Recipe",,Each,"Main Warehouse",0,0,0,,0,,,0.00,0.00,0.00000000,0.000000,0.00,0,0.000000,N,N,N,N,0,0,0,0,0,GO!
,54177,"Royal Canin Appetite Control Spayed/Neutered 12+ Dry Adult Cat Food - 7lb",Cats,Each,"Main Warehouse",2,0,2,,0,030111541772,,65.66,65.66,45.68000000,0.000000,0.00,0,0.000000,N,N,N,N,0,0,0,0,0,"Royal Canin"
,542526,"Guru Tennis Max Ball",,Each,"Main Warehouse",0,0,0,,0,850048425262,,5.99,5.99,4.05000000,0.000000,0.00,0,0.000000,N,N,N,N,0,0,0,0,0,Guru
,54626,"Royal Canin Weight Care Adult Dry Cat Food",Cats,Each,"Main Warehouse",3,0,3,,0,030111546265,,69.99,69.99,45.53000000,0.000000,0.00,0,0.000000,N,N,N,N,0,0,0,0,0,"Royal Canin"
,54755,"Royal Canin Indoor 7+ Adult Cat Food",Cats,Each,"Main Warehouse",3,0,3,,0,030111547552,,114.99,114.99,0.00000000,0.000000,0.00,0,0.000000,N,N,N,Y,0,0,0,0,0,"Royal Canin"
,55314,"Royal Canin Feline Care Nutrition Appetite Control Care Dry Cat Food 14Lb","Cat Health &amp; Wellness &amp; hygiene",Each,"Main Warehouse",2,0,2,,0,030111553140,,114.99,100.99,0.00000000,0.000000,0.00,0,0.000000,N,N,N,N,0,0,0,0,0,"Royal Canin"
,555554,"UFO Throwing Dog Ball - Green",,Each,"Main Warehouse",8,0,8,,0,,,25.50,25.50,3.70000000,0.000000,0.00,0,0.000000,N,N,N,N,0,0,0,0,0,N/A
,555555,"UFO Throwing Dog Ball - Blue",,Each,"Main Warehouse",8,0,8,,0,,,25.50,20.40,3.70000000,0.000000,0.00,0,0.000000,N,N,N,N,0,0,0,0,0,N/A
,567970,"Hills Adult Cat Chicken 4lb","Dry Cat Food",Each,"Main Warehouse",0,0,0,,0,052742679709,,36.99,38.99,27.73000000,0.000000,0.00,0,0.000000,N,N,N,N,0,0,0,0,0,"Hill's Science"
,590960,"Hills Adult Dog Mini/ Small Breed Chicken 4.5LB",,Each,"Main Warehouse",0,0,0,,0,052742909608,,35.99,35.99,22.99000000,0.000000,0.00,0,0.000000,N,N,N,N,0,0,0,0,0,"Hill's Science"
,590980,"Hills 7+ Adult Mini/ Small Breed Chicken 4.5lb",,Each,"Main Warehouse",0,0,0,,0,052742909806,,35.99,35.99,22.99000000,0.000000,0.00,0,0.000000,N,N,N,N,0,0,0,0,0,"Hill's Science"
,591608,"BetterBone Beef Dog Chew Hard - Large","Chews + Bones",Each,"Main Warehouse",0,0,0,,0,850028916087,,19.99,24.99,15.71000000,0.000000,0.00,0,0.000000,N,N,N,N,0,0,0,0,0,BetterBone
,591609,"BetterBone Beef Dog Chew Hard - Small","Chews + Bones",Each,"Main Warehouse",0,0,0,,0,850028916094,,17.99,14.99,10.02000000,0.000000,0.00,0,0.000000,N,N,N,N,0,0,0,0,0,BetterBone
,591646,"BetterBone Beef Soft Chew - Large",,Each,"Main Warehouse",8,0,8,,0,850028916469,,26.99,24.99,14.66000000,0.000000,0.00,0,0.000000,N,N,N,N,0,0,0,0,0,BetterBone
,591647,"BetterBone Beef Soft Chew - Small","Chews + Bones",Each,"Main Warehouse",0,0,0,,0,850028916476,,14.99,15.99,9.49000000,0.000000,0.00,0,0.000000,N,N,N,N,0,0,0,0,0,BetterBone
,591657,"BetterBone Beef Medium Chew - Large","Chews + Bones",Each,"Main Warehouse",4,0,4,,0,850028916575,,24.99,24.99,15.71000000,0.000000,0.00,0,0.000000,N,N,N,N,0,0,0,0,0,BetterBone
,594213,"Himalayan Churro Chew Stix - Bacon",,Each,"Main Warehouse",62,0,62,,0,850008942136,,6.99,5.99,4.38000000,0.000000,0.00,0,0.000000,N,N,N,N,0,0,0,0,0,Himalayan
,594214,"Himalayan Churro Chew Stix - Cheese",,Each,"Main Warehouse",21,0,21,,0,850008942143,,6.99,5.99,4.38000000,0.000000,0.00,0,0.000000,N,N,N,N,0,0,0,0,0,Himalayan
,594219,"Himalayan Dog Chew  Yogurt Sticks Plain 4.8 oz",,Each,"Main Warehouse",2,0,2,,0,850008942198,,6.59,10.99,5.81000000,0.000000,0.00,0,0.000000,N,N,N,N,0,0,0,0,0,Himalayan
,594228,"Himalayan Yum Chew Cheese",,Each,"Main Warehouse",57,0,57,,0,850008942280,,11.49,6.89,6.73000000,0.000000,0.00,0,0.000000,N,N,N,N,0,0,0,0,0,Himalayan
,594230,"Himalayan Yum Chew Peanut Butter",,Each,"Main Warehouse",66,0,66,,0,850008942303,,10.92,11.49,6.29000000,0.000000,0.00,0,0.000000,N,N,N,N,0,0,0,0,0,Himalayan
,594231,"Himalayan Yum Chew Bacon","Dog Treats",Each,"Main Warehouse",5,0,5,,0,850008942310,,11.49,11.49,6.29000000,0.000000,0.00,0,0.000000,N,N,N,N,0,0,0,0,0,Himalayan
,594232,"Himalayan Churro Cheese",,Each,"Main Warehouse",0,0,0,,0,850008942327,,9.99,9.99,5.27000000,0.000000,0.00,0,0.000000,N,N,N,N,0,0,0,0,0,Himalayan
,594235,"Himalayan Churro Bacon",,Each,"Main Warehouse",0,0,0,,0,850008942358,,9.99,9.99,5.27000000,0.000000,0.00,0,0.000000,N,N,N,N,0,0,0,0,0,Himalayan
,594264,"Himalayan Dog Chew Yogurt Sticks Peanut Butter",,Each,"Main Warehouse",0,0,0,,0,850008942648,,10.99,9.35,5.81000000,0.000000,0.00,0,0.000000,N,N,N,N,0,0,0,0,0,Himalayan
,594265,"Himalayan Dog Chew Yogurt Sticks Bacon",,Each,"Main Warehouse",1,0,1,,0,850008942655,,10.99,10.99,6.65000000,0.000000,0.00,0,0.000000,N,N,N,N,0,0,0,0,0,Himalayan
,6000048,"Go! Solutions | Digestion + Gut Health Dry Food for Dogs - Salmon w Ancient Grains Recipe - 22lb","Dry Dog Food",Each,"Main Warehouse",0,0,0,,0,,,96.99,96.99,0.00000000,0.000000,0.00,0,0.000000,N,N,N,N,0,0,0,0,0,
,600115,"ACANA Dog Puppy Recipe - 11.4kg","Dry Dog Food",Each,"Main Warehouse",2,0,2,,0,064992500115,,89.99,89.99,57.92000000,0.000000,0.00,0,0.000000,N,N,N,N,0,0,0,0,0,Acana
,600162,"Bullymake Tough Chew Dog Toy - Green T-Bone with Mint Flavour","Dog Toys",Each,"Main Warehouse",2,0,2,,0,669125001622,,24.99,24.99,14.41000000,0.000000,0.00,0,0.000000,N,N,N,N,0,0,0,0,0,"Bully Make"
,600163,"Bullymake Tough Chew Dog Toy - Paw Opener with Chicken Flavour","Dog Toys",Each,"Main Warehouse",2,0,2,,0,669125001639,,23.99,23.99,14.41000000,0.000000,0.00,0,0.000000,N,N,N,N,0,0,0,0,0,"Bully Make"
,600166,"Bullymake Tough Chew Dog Toy - Turkey Leg with Turkey Flavour","Dog Toys",Each,"Main Warehouse",2,0,2,,0,669125001660,,24.99,24.99,14.41000000,0.000000,0.00,0,0.000000,N,N,N,N,0,0,0,0,0,"Bully Make"
,600167,"Bullymake Tough Chew Dog Toy - Hammer with Beef Flavour","Dog Toys",Each,"Main Warehouse",2,0,2,,0,669125001677,,23.99,23.99,14.41000000,0.000000,0.00,0,0.000000,N,N,N,N,0,0,0,0,0,"Bully Make"
,600616,"Go! Solutions Skin + Coat Care Dry Food for Dogs - Chicken Recipe with Grains - 22lb","Dog Health &amp; Wellness",Each,"Main Warehouse",2,0,2,,0,815260006163,,87.99,87.99,0.00000000,0.000000,0.00,0,0.000000,N,N,N,N,0,0,0,0,0,
,600679,"GO! Skin & Coat Large Breed Adult Salmon - 12lb","Dog Health &amp; Wellness",Each,"Main Warehouse",2,0,2,,0,815260006798,,57.99,57.99,0.00000000,0.000000,0.00,0,0.000000,N,N,N,N,0,0,0,0,0,
,600699,"GO! Cat Sensitivities Grain Free Salmon - 3lb","Cat Grain Free",Each,"Main Warehouse",2,0,2,,0,815260006996,,29.99,29.99,0.00000000,0.000000,0.00,0,0.000000,N,N,N,N,0,0,0,0,0,
,601004,"Almo Nature Natural HQS - Chicken Breast In Broth","Wet Cat Food",Each,"Main Warehouse",20,0,20,,0,699184010044,,2.39,2.39,0.00000000,0.000000,0.00,0,0.000000,N,N,N,N,0,0,0,0,0,"Almo Nature"
,602896,"Wellmark Ph Balanced Ear Cleaning Solution","Dog Health &amp; Wellness",Each,"Main Warehouse",2,0,2,,0,623504028969,,19.99,19.99,0.00000000,0.000000,0.00,0,0.000000,N,N,N,N,0,0,0,0,0,Wellmark
,602899,"Wellmark Chlorhexidine Shampoo 473ml","Dog Health &amp; Wellness",Each,"Main Warehouse",1,0,1,,0,623504028990,,34.99,34.99,17.20000000,0.000000,0.00,0,0.000000,N,N,N,N,0,0,0,0,0,Wellmark
,606400,"Chuckit! Classic Ball Launcher",Uncategorized,Each,"Main Warehouse",1,0,1,,0,660048064008,,17.99,17.99,13.90000000,0.000000,0.00,0,0.000000,N,N,N,N,0,0,0,0,0,ChuckIT
,610230,"Nutram 3.0 Sound Dog S7 Small Breed Adult - 2kg",,Each,"Main Warehouse",4,0,4,,0,067714102307,,21.25,21.25,16.00000000,0.000000,0.00,0,0.000000,N,N,N,N,0,0,0,0,0,Nutram
,610232,"Nutram 3.0 Sound Dog S8 Large Breed Adult",,Each,"Main Warehouse",2,0,2,,0,067714102321,,79.99,79.99,53.55000000,0.000000,0.00,0,0.000000,N,N,N,N,0,0,0,0,0,Nutram
,610237,"Nutram 3.0 Sound Dog S10 For Senior - 2kg",,Each,"Main Warehouse",2,0,2,,0,067714102376,,23.99,0.00,15.40000000,0.000000,0.00,0,0.000000,N,N,N,N,0,0,0,0,0,Nutram
,610238,"Nutram 3.0 Sound Dog S10 For Senior - 11.4kg",,Each,"Main Warehouse",2,0,2,,0,067714102383,,71.99,71.99,50.93000000,0.000000,0.00,0,0.000000,N,N,N,N,0,0,0,0,0,Nutram
,610245,"Nutram 3.0 Ideal Dog I20 Skin Coat & Stomach - 2kg",,Each,"Main Warehouse",3,0,3,,0,067714102451,,30.99,0.00,20.35000000,0.000000,0.00,0,0.000000,N,N,N,N,0,0,0,0,0,Nutram
,610246,"Nutram 3.0 Ideal Dog I20 Skin Coat & Stomach - 11.4kg","Dry Dog Food",Each,"Main Warehouse",1,0,1,,0,067714102468,,90.99,77.34,61.15000000,0.000000,0.00,0,0.000000,N,N,N,Y,0,0,0,0,0,Nutram
,610269,"Nutram 3.0 Sound Cat S1 For Kitten - 5.4kg","CAT FOOD DRY",Each,"Main Warehouse",0,0,0,,0,067714102697,,69.99,0.00,44.65000000,0.000000,0.00,0,0.000000,N,N,N,N,0,0,0,0,0,Nutram
,610270,"Nutram 3.0 Sound Cat S1 For Kitten - 1.3kg",,Each,"Main Warehouse",2,0,2,,0,067714102703,,19.99,11.99,13.10000000,0.000000,0.00,0,0.000000,N,N,N,N,0,0,0,0,0,Nutram
,610272,"Nutram 3.0 Sound Cat S5 Adult for Senior - 5.4kg","CAT FOOD DRY",Each,"Main Warehouse",2,0,2,,0,067714102727,,58.99,58.99,38.68000000,0.000000,0.00,0,0.000000,N,N,N,N,0,0,0,0,0,Nutram
,610274,"Nutram 3.0 Ideal Cat I12 Weight Control - 5.4kg","Dry Cat Food",Each,"Main Warehouse",2,0,2,,0,067714102741,,58.64,68.99,44.18000000,0.000000,0.00,0,0.000000,N,N,N,N,0,0,0,0,0,Nutram
,610278,"Nutram 3.0 Ideal Cat I19 Skin Coat & Stomach - 5.4kg","Dry Cat Food",Each,"Main Warehouse",0,0,0,,0,067714102789,,48.29,58.64,44.18000000,0.000000,0.00,0,0.000000,N,N,N,N,0,0,0,0,0,Nutram
,61355,"Diamond Care Weight Management Formula Adult Dog Food 25lb","Dog Weight Management",Each,"Main Warehouse",2,0,2,,0,074198613557,,81.69,85.99,0.00000000,0.000000,0.00,0,0.000000,N,N,N,N,0,0,0,0,0,"Diamond Care"
,618312,"ORIJEN Six Fish Dog - 11.4kg","Dry Dog Food",Each,"Main Warehouse",6,0,6,,0,064992183127,,124.99,87.49,88.35000000,0.000000,0.00,0,0.000000,N,N,N,N,0,0,0,0,0,Orijen
,618320,"ORIJEN Six Fish Dog - 2kg","Dry Dog Food",Each,"Main Warehouse",3,0,3,,0,064992183202,,39.99,39.99,26.59000000,0.000000,0.00,0,0.000000,N,N,N,N,0,0,0,0,0,Orijen
,618360,"ORIJEN Six Fish Dog - 6kg","Dry Dog Food",Each,"Main Warehouse",6,0,6,,0,064992183608,,79.99,79.99,49.30000000,0.000000,0.00,0,0.000000,N,N,N,N,0,0,0,0,0,Orijen
,620312,"LitterLocker Box with Scoop",,Each,"Main Warehouse",0,0,0,,0,666594203120,,30.99,30.99,21.00000000,0.000000,0.00,0,0.000000,N,N,N,N,0,0,0,0,0,N/A
,620532,"LitterLocker Box Hood",,Each,"Main Warehouse",1,0,1,,0,666594205322,,32.99,32.99,23.09000000,0.000000,0.00,0,0.000000,N,N,N,N,0,0,0,0,0,N/A
,621016,"Oven-Baked Tradition Dog Treats Salmon","Dog Treats",Each,"Main Warehouse",5,0,5,,0,669066210169,,8.99,5.39,5.49000000,0.000000,0.00,0,0.000000,N,N,N,N,0,0,0,0,0,Oven-Baked
,621017,"Oven-Baked Tradition Dog Treats Bacon + Apple",,Each,"Main Warehouse",3,0,3,,0,669066210176,,8.09,8.99,5.49000000,0.000000,0.00,0,0.000000,N,N,N,N,0,0,0,0,0,Oven-Baked
,621018,"Oven-Baked Tradition Dog Treats Duck + Blueberry","Dog Treats",Each,"Main Warehouse",3,0,3,,0,669066210183,,8.99,5.39,5.49000000,0.000000,0.00,0,0.000000,N,N,N,N,0,0,0,0,0,Oven-Baked
,622013,"FirstMate Limited Ingredient Canned Cat Food - Cage-Free Turkey Formula 12.2oz","Wet Cat Food",Each,"Main Warehouse",18,0,18,,0,072318220135,,4.19,4.19,0.00000000,0.000000,0.00,0,0.000000,N,N,N,N,0,0,0,0,0,FirstMate
,622023,"FirstMate Limited Ingredient Canned Cat Food - Cage-Free Chicken Formula 12.2oz","Wet Cat Food",Each,"Main Warehouse",16,0,16,,0,072318220234,,4.19,4.19,0.00000000,0.000000,0.00,0,0.000000,N,N,N,N,0,0,0,0,0,FirstMate
,622068,"FirstMate Limited Ingredient Canned Cat Food - Cage-free Chicken & Rice Formula for Cats 12.2oz","Wet Cat Food",Each,"Main Warehouse",15,0,15,,0,072318220685,,4.19,4.19,0.00000000,0.000000,0.00,0,0.000000,N,N,N,N,0,0,0,0,0,FirstMate
,623504028983,"Wellmark Seborrhea Shampoo","Cat Health &amp; Wellness &amp; hygiene",Each,"Main Warehouse",0,0,0,,0,,,31.99,31.99,0.00000000,0.000000,0.00,0,0.000000,N,N,N,N,0,0,0,0,0,Wellmark
,624010,"Oven-Baked Tradition Dog Treats Liver","Dog Treats",Each,"Main Warehouse",0,0,0,,0,669066240104,,2.97,2.97,2.64000000,0.000000,0.00,0,0.000000,N,N,N,N,0,0,0,0,0,Oven-Baked
,624012,"Oven-Baked Tradition Dog Treats Dental",,Each,"Main Warehouse",5,0,5,,0,669066240128,,5.49,5.49,2.64000000,0.000000,0.00,0,0.000000,N,N,N,N,0,0,0,0,0,Oven-Baked
,624013,"Oven-Baked Tradition Dog Treat Chicken + Pumpkin","Dog Treats",Each,"Main Warehouse",8,0,8,,0,669066240135,,3.29,5.49,2.64000000,0.000000,0.00,0,0.000000,N,N,N,N,0,0,0,0,0,Oven-Baked
,624014,"Oven-Baked Tradition Dog Treats Duck","Dog Treats",Each,"Main Warehouse",2,0,2,,0,669066240142,,5.49,5.49,2.64000000,0.000000,0.00,0,0.000000,N,N,N,N,0,0,0,0,0,Oven-Baked
,64992,"Orijen Kitten Chicken+Salmon entree in Bone Broth Wet Food - 5.5oz",Cats,Each,"Main Warehouse",12,0,12,,0,064992721862,,4.59,4.59,0.00000000,0.000000,0.00,0,0.000000,N,N,N,N,0,0,0,0,0,Orijen
,650060,"ACANA Dog Puppy Recipe - 6kg","Dry Dog Food",Each,"Main Warehouse",0,0,0,,0,064992500603,,55.09,57.99,39.73000000,0.000000,0.00,0,0.000000,N,N,N,N,0,0,0,0,0,Acana
,66301,"SPLIT Elk Antler Chew - Small (Under 25Lbs)","Chews + Bones",Each,"Main Warehouse",2,0,2,,0,628678663015,,19.00,19.00,12.00000000,0.000000,0.00,0,0.000000,N,N,N,N,0,0,0,0,0,"SPLIT Elk"
,66302,"Elk WHOLE Antler Chews - Small (Under 25lbs)","Chews + Bones",Each,"Main Warehouse",3,0,3,,0,628678663022,,19.00,19.00,12.00000000,0.000000,0.00,0,0.000000,N,N,N,N,0,0,0,0,0,"Elk WHOLE"
,66303,"SPLIT Elk Antler Chew - Medium (Under 55Lbs)","Chews + Bones",Each,"Main Warehouse",6,0,6,,0,628678663039,,31.00,31.00,20.00000000,0.000000,0.00,0,0.000000,N,N,N,N,0,0,0,0,0,"SPLIT Elk"
,66304,"Elk WHOLE Antler Chews - Medium (Under 55Lbs)","Chews + Bones",Each,"Main Warehouse",4,0,4,,0,628678663046,,31.00,31.00,20.00000000,0.000000,0.00,0,0.000000,N,N,N,N,0,0,0,0,0,"Elk WHOLE"
,66305,"SPLIT Elk Antler Chew - Large (Under 80Lbs)","Chews + Bones",Each,"Main Warehouse",9,0,9,,0,628678663053,,43.00,43.00,28.00000000,0.000000,0.00,0,0.000000,N,N,N,N,0,0,0,0,0,"SPLIT Elk"
,66306,"Elk WHOLE Antler Chews - Large (Under 80Lbs)","Chews + Bones",Each,"Main Warehouse",3,0,3,,0,628678663060,,43.00,43.00,28.00000000,0.000000,0.00,0,0.000000,N,N,N,N,0,0,0,0,0,"Elk WHOLE"
,66307,"SPLIT Elk Antler Chew - Xlarge (Over 80Lbs)","Chews + Bones",Each,"Main Warehouse",5,0,5,,0,628678663077,,64.00,64.00,39.00000000,0.000000,0.00,0,0.000000,N,N,N,N,0,0,0,0,0,"SPLIT Elk"
,66308,"Elk WHOLE Antler Chews - Xlarge (over 85Lbs)","Chews + Bones",Each,"Main Warehouse",3,0,3,,0,628678663084,,64.00,64.00,39.00000000,0.000000,0.00,0,0.000000,N,N,N,N,0,0,0,0,0,"Elk WHOLE"
,66309,"Antler BonesPuppy Pack (Under 15lb)","Chews + Bones",Each,"Main Warehouse",2,0,2,,0,628678663091,,23.00,23.00,14.50000000,0.000000,0.00,0,0.000000,N,N,N,N,0,0,0,0,0,Antler
,66312,"Marrow Sticks (Under 15lb)","Chews + Bones",Each,"Main Warehouse",2,0,2,,0,28678663121,,23.00,23.00,12.50000000,0.000000,0.00,0,0.000000,N,N,N,N,0,0,0,0,0,
,671957,"Acana Cat Salmon in Bone Broth Wet Food - 3oz","Wet Cat Food",Each,"Main Warehouse",26,0,26,,0,064992719579,,2.49,1.87,1.49000000,0.000000,0.00,0,0.000000,N,N,N,N,0,0,0,0,0,Acana
,672827,"Orijen Amazing Grains Dry Dog Food - Regional Red 1.8kg","Dry Dog Food",Each,"Main Warehouse",2,0,2,,0,064992728274,,39.99,39.99,26.20000000,0.000000,0.00,0,0.000000,N,N,N,N,0,0,0,0,0,Orijen
,674211,"Tasty Bone Small Tasty Bone - Beef",,Each,"Main Warehouse",0,0,0,,0,5060006742118,,0.00,0.00,0.00000000,0.000000,0.00,0,0.000000,N,N,N,N,0,0,0,0,0,"Tasty Bone"
,676767,"Pongo's Fully Loaded Dog Christmas Stocking - Standard",,Each,"Main Warehouse",30,0,30,,0,,,54.99,54.99,0.00000000,0.000000,0.00,0,0.000000,N,N,N,N,0,0,0,0,0,
,68004,"Vital Essentials Freeze-Dried Soft Nibs for Dogs - Beef Entrée 25oz","Dog Dental Care",Each,"Main Warehouse",4,0,4,,0,840199680047,,67.99,67.99,49.35000000,0.000000,0.00,0,0.000000,N,N,N,N,0,0,0,0,0,
,69420,"Kennei - Chip Crinkle Bag For Dog's","Chews + Bones",Each,"Main Warehouse",0,0,0,,0,,,11.99,11.99,0.00000000,0.000000,0.00,0,0.000000,N,N,N,N,0,0,0,0,0,
,696969,"Pongo's Fully Loaded Dog Christmas Stocking - Deluxe",,Each,"Main Warehouse",33,0,33,,0,,,84.99,84.99,0.00000000,0.000000,0.00,0,0.000000,N,N,N,N,0,0,0,0,0,
,700000,"Dexypaws Enrichment Licking Mat Paw - Green",,Each,"Main Warehouse",3,0,3,,0,871789000006,,16.99,16.99,7.76000000,0.000000,0.00,0,0.000000,N,N,N,N,0,0,0,0,0,N/A
,700041,"B.F.F. Chicken & Tuna Seeya Sooner! Cat Food","Wet Cat Food",Each,"Main Warehouse",0,0,0,,0,,,2.49,2.49,0.00000000,0.000000,0.00,0,0.000000,N,N,N,N,0,0,0,0,0,
,700060,"Weruva Pumpkin Patch Up Pureed Pumpkin 1.05oz","Wet Cat Food",Each,"Main Warehouse",1,0,1,,0,878408000607,,1.29,1.29,0.00000000,0.000000,0.00,0,0.000000,N,N,N,N,0,0,0,0,0,Weruva
,700072,"Weruva Pumpkin Patch Up Pureed Pumpkin",Uncategorized,Each,"Main Warehouse",12,0,12,,0,878408000720,,2.19,2.69,1.28000000,0.000000,0.00,0,0.000000,N,N,N,N,0,0,0,0,0,Weruva
,700089,"Dexypaws Dog Licking Mat Square",,Each,"Main Warehouse",5,0,5,,0,871789000891,,18.99,18.99,8.72000000,0.000000,0.00,0,0.000000,N,N,N,N,0,0,0,0,0,Dexypaws
,700113,"Weruva Funky Chunky Chicken Soup Canned Cat Food",Cats,Each,"Main Warehouse",12,0,12,,0,878408001130,,3.59,3.59,0.00000000,0.000000,0.00,0,0.000000,N,N,N,N,0,0,0,0,0,Weruva
,700154,"Natural Balance Limited Ingredient Reserve Wet Dog Food - Duck & Potato Recipe 375g","Wet Dog Food",Each,"Main Warehouse",15,0,15,,0,723633001540,,5.99,5.99,3.91000000,0.000000,0.00,0,0.000000,N,N,N,N,0,0,0,0,0,"Natural Balance"
,700160,"Dexypaws Enrichment Licking Mat Paw - Pink",,Each,"Main Warehouse",1,0,1,,0,871789001607,,16.99,8.15,7.76000000,0.000000,0.00,0,0.000000,N,N,N,N,0,0,0,0,0,N/A
,700161,"Weruva Dogs in the Kitchen Variety Pack","Wet Dog Food",Each,"Main Warehouse",2,0,2,,0,878408001611,,30.99,0.00,19.36000000,0.000000,0.00,0,0.000000,N,N,N,N,0,0,0,0,0,Weruva
,700163,"Dexypaws Dog Licking Mat Avocado",,Each,"Main Warehouse",4,0,4,,0,871789001638,,16.99,16.99,7.76000000,0.000000,0.00,0,0.000000,N,N,N,N,0,0,0,0,0,Dexypaws
,700307,"FirstMate SKOKI Dog Food - Skoki, 40lb","Dry Dog Food",Each,"Main Warehouse",0,0,0,,0,072318100307,,73.99,73.99,53.28000000,0.000000,0.00,0,0.000000,N,N,N,N,0,0,0,0,0,Skoki
,700356,"BFF OMG Gravy Variety Pack 12 Pouches",,Each,"Main Warehouse",5,0,5,,0,878408003561,,24.99,16.68,15.89000000,0.000000,0.00,0,0.000000,N,N,N,N,0,0,0,0,0,Weruva
,700407,"Weruva BFF OMG Gravy 3oz Pouches - Chicken + Shrimp","Wet Cat Food",Each,"Main Warehouse",10,0,10,,0,878408000409,,2.29,2.29,1.55000000,0.000000,0.00,0,0.000000,N,N,N,N,0,0,0,0,0,Weruva
,700410,"Weruva BFF OMG Gravy 3oz Pouches - Duck + Salmon","Wet Cat Food",Each,"Main Warehouse",12,0,12,,0,878408000430,,2.29,1.38,1.55000000,0.000000,0.00,0,0.000000,N,N,N,N,0,0,0,0,0,Weruva
,700456,"Weruva Grandma's Chicken Soup with veggies Canned Dog Food",Dogs,Each,"Main Warehouse",15,1,14,,0,878408004568,,5.89,5.89,0.00000000,0.000000,0.00,0,0.000000,N,N,N,N,0,0,0,0,0,Weruva
,700458,"Weruva Grain and Gluten Free Peking Ducken - Chicken & Duck 14oz","Wet Dog Food",Each,"Main Warehouse",14,0,14,,0,878408004582,,5.3025,5.89,4.62000000,0.000000,0.00,0,0.000000,N,N,N,N,0,0,0,0,0,Weruva
,700703,"BFF Tuna & Salmon Soulmates Can","Wet Cat Food",Each,"Main Warehouse",9,0,9,,0,878408007033,,2.19,2.19,1.30000000,0.000000,0.00,0,0.000000,N,N,N,N,0,0,0,0,0,Weruva
,700707,"BFF Tuna & Chicken 4Eva Can","Wet Cat Food",Each,"Main Warehouse",24,0,24,,0,878408007071,,2.19,2.19,1.30000000,0.000000,0.00,0,0.000000,N,N,N,N,0,0,0,0,0,Weruva
,700800,"Weruva BFF OMG Gravy 3oz Pouches - Tuna + Lamb","Wet Cat Food",Each,"Main Warehouse",7,0,7,,0,878408008009,,1.95,2.19,1.32000000,0.000000,0.00,0,0.000000,N,N,N,N,0,0,0,0,0,Weruva
,700821,"Weruva Cats in the Kitchen Pumpkin Lickin Chicken","Wet Cat Food",Each,"Main Warehouse",4,0,4,,0,878408008214,,2.69,2.69,1.66000000,0.000000,0.00,0,0.000000,N,N,N,N,0,0,0,0,0,Weruva
,700824,"Weruva Cats in the Kitchen Pumpkin Jack Splash","Wet Cat Food",Each,"Main Warehouse",6,0,6,,0,878408008245,,2.69,2.69,1.66000000,0.000000,0.00,0,0.000000,N,N,N,N,0,0,0,0,0,Weruva
,700825,"Weruva Cats in the Kitchen 1 By Land, 2 By Sea","Wet Cat Food",Each,"Main Warehouse",5,0,5,,0,878408008252,,2.69,2.69,1.66000000,0.000000,0.00,0,0.000000,N,N,N,N,0,0,0,0,0,Weruva
,700826,"Weruva Cats in the Kitchen Mack, Jack and Sam","Wet Cat Food",Each,"Main Warehouse",38,0,38,,0,878408008269,,2.69,2.69,1.66000000,0.000000,0.00,0,0.000000,N,N,N,N,0,0,0,0,0,Weruva
,700893,"Weruva BFF OMG Gravy 3oz Pouches - Tuna + Turkey","Wet Cat Food",Each,"Main Warehouse",8,0,8,,0,878408008931,,1.95,2.19,1.32000000,0.000000,0.00,0,0.000000,N,N,N,N,0,0,0,0,0,Weruva
,700894,"Weruva BFF OMG Gravy 3oz Pouches - Tuna + Duck","Wet Cat Food",Each,"Main Warehouse",22,0,22,,0,878408008948,,1.95,2.19,1.32000000,0.000000,0.00,0,0.000000,N,N,N,N,0,0,0,0,0,Weruva
,700897,"Weruva BFF OMG Gravy 3oz Pouches - Tuna + Chicken","Wet Cat Food",Each,"Main Warehouse",0,0,0,,0,878408008979,,2.29,2.19,1.32000000,0.000000,0.00,0,0.000000,N,N,N,N,0,0,0,0,0,Weruva
,700898,"Weruva BFF OMG Gravy 3oz Pouches - Tuna + Beef","Wet Cat Food",Each,"Main Warehouse",4,0,4,,0,878408008986,,2.29,2.19,1.32000000,0.000000,0.00,0,0.000000,N,N,N,N,0,0,0,0,0,Weruva
,700899,"Weruva BFF OMG Gravy 3oz Pouches - Tuna + Salmon","Wet Cat Food",Each,"Main Warehouse",20,0,20,,0,878408008993,,2.29,2.19,1.32000000,0.000000,0.00,0,0.000000,N,N,N,N,0,0,0,0,0,Weruva
,701203,"FirstMate GF Chicken& Blueberry Cookies","Cat Treats",Each,"Main Warehouse",0,0,0,,0,,,5.99,5.99,0.00000000,0.000000,0.00,0,0.000000,N,N,N,N,0,0,0,0,0,FirstMate
,701243,"Knot-n-Chew Small/Medium 2 Knot",Uncategorized,Each,"Main Warehouse",2,0,2,,0,788169012439,,23.99,23.99,8.15000000,0.000000,0.00,0,0.000000,N,N,N,N,0,0,0,0,0,FirstMate
,703243,"Knot-n-Chew Large/Extra Large Tube Squeaker",,Each,"Main Warehouse",2,0,2,,0,788169032437,,23.99,22.99,13.90000000,0.000000,0.00,0,0.000000,N,N,N,N,0,0,0,0,0,FirstMate
,704262,"6 Pack Tennis Balls",,Each,"Main Warehouse",2,0,2,,0,077234042625,,14.99,14.99,10.55000000,0.000000,0.00,0,0.000000,N,N,N,N,0,0,0,0,0,FirstMate
,70560,"Hill's Science Diet Adult 7+ Wet Dog Food - Beef & Barley Entrée, 13oz",Dogs,Each,"Main Warehouse",5,0,5,,0,052742705606,,5.19,5.19,0.00000000,0.000000,0.00,0,0.000000,N,N,N,N,0,0,0,0,0,"Hill's Science"
,710001,"FirstMate Dog Grain Free New Zealand Beef - 5lb","Dry Dog Food",Each,"Main Warehouse",2,0,2,,0,072318100017,,23.79,33.99,23.79000000,0.000000,0.00,0,0.000000,N,N,N,N,0,0,0,0,0,FirstMate
,710003,"FirstMate Dog Grain Free New Zealand Beef - 25lb","Dry Dog Food",Each,"Main Warehouse",3,0,3,,0,072318100031,,94.99,80.74,70.29000000,0.000000,0.00,0,0.000000,N,N,N,Y,0,0,0,0,0,FirstMate
,710022,"FirstMate Dog Grain Free Pacific Ocean Fish Original - 5lb",,Each,"Main Warehouse",3,0,3,,0,072318100222,,31.99,31.99,21.69000000,0.000000,0.00,0,0.000000,N,N,N,N,0,0,0,0,0,FirstMate
,710026,"FirstMate Dog Grain Free Pacific Ocean Fish Original - 25lb",,Each,"Main Warehouse",2,0,2,,0,072318100260,,88.99,88.99,65.85000000,0.000000,0.00,0,0.000000,N,N,N,N,0,0,0,0,0,FirstMate
,710031,"FirstMate SKOKI Dog Food - Skoki Ranch, 40lb","Dry Dog Food",Each,"Main Warehouse",1,0,1,,0,072318100314,,44.39,73.99,55.12000000,0.000000,0.00,0,0.000000,N,N,N,N,0,0,0,0,0,Skoki
,710032,"FirstMate SKOKI Dog Food - Skoki Coastal (Large Breed), 40lb","Dry Dog Food",Each,"Main Warehouse",1,0,1,,0,072318100321,,70.29,73.99,55.12000000,0.000000,0.00,0,0.000000,N,N,N,N,0,0,0,0,0,Skoki
,710033,"FirstMate SKOKI Dog Food - Skoki, 6lb","Dry Dog Food",Each,"Main Warehouse",2,0,2,,0,072318100338,,16.99,16.99,11.02000000,0.000000,0.00,0,0.000000,N,N,N,N,0,0,0,0,0,Skoki
,710034,"FirstMate SKOKI Dog Food - Skoki Ranch, 6lb","Dry Dog Food",Each,"Main Warehouse",1,0,1,,0,072318100345,,16.99,16.99,12.49000000,0.000000,0.00,0,0.000000,N,N,N,N,0,0,0,0,0,Skoki
,710035,"FirstMate SKOKI Dog Food - Skoki Coastal (Large Breed), 6lb","Dry Dog Food",Each,"Main Warehouse",4,0,4,,0,072318100352,,16.14,16.99,12.49000000,0.000000,0.00,0,0.000000,N,N,N,N,0,0,0,0,0,Skoki
,710042,"FirstMate Dog Grain Free Australian Lamb - 5lb",,Each,"Main Warehouse",2,0,2,0,0,072318100420,,33.99,33.99,21.69000000,0.000000,0.00,0,1.000000,N,N,N,N,0,0,0,0,0,FirstMate
,710047,"FirstMate Dog Grain Free Australian Lamb - 25lb","Dry Dog Food",Each,"Main Warehouse",6,0,6,,0,072318100475,,94.99,94.99,65.85000000,0.000000,0.00,0,0.000000,N,N,N,N,0,0,0,0,0,FirstMate
,710068,"FirstMate Dog Grain Free Chicken with Blueberries - 5lb","Dry Dog Food",Each,"Main Warehouse",2,0,2,,0,072318100680,,18.59,18.59,21.69000000,0.000000,0.00,0,0.000000,N,N,N,N,0,0,0,0,0,FirstMate
,710073,"FirstMate Dog Grain Free Pacific Ocean Fish Puppy","Dry Dog Food",Each,"Main Warehouse",3,0,3,,0,072318100734,,88.99,0.00,65.85000000,0.000000,0.00,0,0.000000,N,N,N,N,0,0,0,0,0,FirstMate
,710075,"FirstMate Dog Grain Free Chicken with Blueberries - 25lb","Dry Dog Food",Each,"Main Warehouse",2,0,2,,0,072318100758,,88.99,88.99,65.85000000,0.000000,0.00,0,0.000000,N,N,N,N,0,0,0,0,0,FirstMate
,710080,"FirstMate Dog Grain Free Pacific Ocean Fish Senior / Weight Control - 5lb",,Each,"Main Warehouse",2,0,2,,0,072318100802,,18.59,18.59,21.69000000,0.000000,0.00,0,0.000000,N,N,N,N,0,0,0,0,0,FirstMate
,710083,"FirstMate Dog Grain Free Pacific Ocean Fish Senior / Weight Control - 25lb",,Each,"Main Warehouse",3,0,3,,0,072318100833,,88.99,75.64,65.85000000,0.000000,0.00,0,0.000000,N,N,N,N,0,0,0,0,0,FirstMate
,710088,"FirstMate Dog Pacific Ocean Fish Large Breed 25lb",,Each,"Main Warehouse",3,0,3,,0,072318100888,,88.99,88.99,65.85000000,0.000000,0.00,0,0.000000,N,N,N,N,0,0,0,0,0,FirstMate
,710090,"FirstMate Dog Grain Free Duck & Pumpkin - 5lb","Dry Dog Food",Each,"Main Warehouse",2,0,2,,0,072318100901,,33.99,28.89,23.79000000,0.000000,0.00,0,0.000000,N,N,N,N,0,0,0,0,0,FirstMate
,710092,"FirstMate Dog Grain Free Duck & Pumpkin - 25lb","Dry Dog Food",Each,"Main Warehouse",4,0,4,,0,072318100925,,90.24,94.99,70.29000000,0.000000,0.00,0,0.000000,N,N,N,Y,0,0,0,0,0,FirstMate
,710100,"FirstMate Dog Grain Friendly Chicken & Oats - 5lb","Dry Dog Food",Each,"Main Warehouse",3,0,3,,0,072318101007,,20.99,12.59,14.98000000,0.000000,0.00,0,0.000000,N,N,N,N,0,0,0,0,0,FirstMate
,710102,"FirstMate Dog Grain Friendly Chicken & Oats - 25lb","Dry Dog Food",Each,"Main Warehouse",3,0,3,,0,072318101021,,56.04,56.04,41.89000000,0.000000,0.00,0,0.000000,N,N,N,N,0,0,0,0,0,FirstMate
,710103,"FirstMate Dog Grain Friendly Wild Pacific Caught Fish & Oats - 25lb","Dry Dog Food",Each,"Main Warehouse",10,0,10,,0,072318101052,,56.04,58.99,41.89000000,0.000000,0.00,0,0.000000,N,N,N,N,0,0,0,0,0,FirstMate
,710105,"FirstMate Dog Grain Friendly Wild Pacific Caught Fish & Oats - 5lb",,Each,"Main Warehouse",3,0,3,,0,072318101038,,20.99,20.99,14.98000000,0.000000,0.00,0,0.000000,N,N,N,N,0,0,0,0,0,FirstMate
,710106,"FirstMate Dog Grain Friendly Free Range Lamb & Oats - 5lb","Dry Dog Food",Each,"Main Warehouse",3,0,3,,0,072318101069,,20.99,20.99,14.98000000,0.000000,0.00,0,0.000000,N,N,N,N,0,0,0,0,0,FirstMate
,710108,"FirstMate Dog Grain Friendly Free Range Lamb & Oats - 25lb","Dry Dog Food",Each,"Main Warehouse",5,0,5,0,0,072318101083,,56.04,56.04,41.89000000,0.000000,0.00,0,1.000000,N,N,N,Y,0,0,0,0,0,FirstMate
,710116,"FirstMate Dog GF High Performance 25lb","Dry Dog Food",Each,"Main Warehouse",2,0,2,,0,072318101168,,58.99,58.99,41.89000000,0.000000,0.00,0,0.000000,N,N,N,N,0,0,0,0,0,FirstMate
,710126,"FirstMate Dog Grain Friendly Duck & Oats - 5lb","Dry Dog Food",Each,"Main Warehouse",4,1,3,,0,072318101267,,21.99,13.19,15.62000000,0.000000,0.00,0,0.000000,N,N,N,N,0,0,0,0,0,FirstMate
,710128,"FirstMate Dog Grain Friendly Duck & Oats - 25lb","Dry Dog Food",Each,"Main Warehouse",4,0,4,,0,072318101281,,62.99,62.99,44.73000000,0.000000,0.00,0,0.000000,N,N,N,N,0,0,0,0,0,FirstMate
,710133,"FirstMate Dog GF Large Breed Puppy and Adult 25lb",,Each,"Main Warehouse",2,0,2,,0,072318101335,,58.99,58.99,41.89000000,0.000000,0.00,0,0.000000,N,N,N,N,0,0,0,0,0,FirstMate
,710134,"FirstMate Dog Grain Friendly Senior/Weight Control - 5lb","Dry Dog Food",Each,"Main Warehouse",8,0,8,,0,072318101342,,20.99,20.99,14.98000000,0.000000,0.00,0,0.000000,N,N,N,N,0,0,0,0,0,FirstMate
,710136,"FirstMate Dog Grain Friendly Senior/Weight Control - 25lb","Dry Dog Food",Each,"Main Warehouse",3,0,3,,0,072318101366,,58.99,35.39,41.89000000,0.000000,0.00,0,0.000000,N,N,N,N,0,0,0,0,0,FirstMate
,710137,"FirstMate Dog Grain Friendly New Zealand Beef & Oats - 5lb","Dry Dog Food",Each,"Main Warehouse",3,0,3,,0,072318101373,,21.99,0.00,15.62000000,0.000000,0.00,0,0.000000,N,N,N,N,0,0,0,0,0,FirstMate
,710139,"FirstMate Dog Grain Friendly New Zealand Beef & Oats - 25lb","Dry Dog Food",Each,"Main Warehouse",4,0,4,,0,072318101397,,59.84,62.99,44.73000000,0.000000,0.00,0,0.000000,N,N,N,Y,0,0,0,0,0,FirstMate
,710202,"FirstMate Dog LID GF Australian Lamb Small Bites 12lb",,Each,"Main Warehouse",1,0,1,,0,072318102028,,47.99,0.00,35.51000000,0.000000,0.00,0,0.000000,N,N,N,N,0,0,0,0,0,FirstMate
,710203,"FirstMate LID Chicken Small Bites 4lb",,Each,"Main Warehouse",3,0,3,,0,072318102035,,27.99,26.99,18.19000000,0.000000,0.00,0,0.000000,N,N,N,N,0,0,0,0,0,FirstMate
,710211,"Dog LID GF Beef Small Bites 12lb","Dry Dog Food",Each,"Main Warehouse",1,0,1,,0,072318102110,,49.99,0.00,37.00000000,0.000000,0.00,0,0.000000,N,N,N,N,0,0,0,0,0,Fromm
,710522,"Fromm Dog Classics Adult - 13.61kg","Dry Dog Food",Each,"Main Warehouse",1,0,1,,0,072705105229,,66.95,66.95,47.10000000,0.000000,0.00,0,0.000000,N,N,N,N,0,0,0,0,0,Fromm
,710527,"Fromm Dog Classics Adult - 2.25kg",,Each,"Main Warehouse",2,0,2,,0,072705105274,,14.34,20.49,14.41000000,0.000000,0.00,0,0.000000,N,N,N,N,0,0,0,0,0,Fromm
,710542,"Fromm Dog Classics Puppy - 13.61kg","Dry Dog Food",Each,"Main Warehouse",1,0,1,,0,072705105427,,55.96,69.95,49.21000000,0.000000,0.00,0,0.000000,N,N,N,N,0,0,0,0,0,Fromm
,710547,"Fromm Dog Classics Puppy - 2.25kg",,Each,"Main Warehouse",0,0,0,,0,072705105472,,22.49,22.49,15.82000000,0.000000,0.00,0,0.000000,N,N,N,N,0,0,0,0,0,Fromm
,710551,"Fromm Dog Gold Large Breed Puppy 13.61 kg","Dry Dog Food",Each,"Main Warehouse",2,0,2,,0,072705105519,,88.95,0.00,62.57000000,0.000000,0.00,0,0.000000,N,N,N,N,0,0,0,0,0,Fromm
,710563,"Fromm Dog Gold Small Breed Adult - 6.8kg","Dry Dog Food",Each,"Main Warehouse",2,0,2,,0,072705105632,,52.49,52.49,36.92000000,0.000000,0.00,0,0.000000,N,N,N,Y,0,0,0,0,0,Fromm
,710567,"Fromm Dog Gold Small Breed Adult - 2.3kg",,Each,"Main Warehouse",2,0,2,,0,072705105670,,25.95,25.95,18.25000000,0.000000,0.00,0,0.000000,N,N,N,N,0,0,0,0,0,Fromm
,710700,"Fromm Cat Gold Indoor - 1.8kg",,Each,"Main Warehouse",2,0,2,,0,072705107001,,16.77,16.77,19.66000000,0.000000,0.00,0,0.000000,N,N,N,N,0,0,0,0,0,Fromm
,710703,"Fromm Cat Gold Indoor - 4.54kg",,Each,"Main Warehouse",1,0,1,,0,072705107032,,58.95,56.00,41.47000000,0.000000,0.00,0,0.000000,N,N,N,N,0,0,0,0,0,Fromm
,711401,"Fromm Dog Four-Star Pork & Applesauce - 11.8kg",,Each,"Main Warehouse",1,0,1,,0,072705114016,,89.95,89.95,63.27000000,0.000000,0.00,0,0.000000,N,N,N,N,0,0,0,0,0,Fromm
,711406,"Fromm Dog Four-Star Pork & Applesauce - 1.8kg",,Each,"Main Warehouse",2,0,2,,0,072705114061,,13.77,13.77,16.14000000,0.000000,0.00,0,0.000000,N,N,N,N,0,0,0,0,0,Fromm
,711410,"Fromm Dog Four-Star Grain Free Beef Frittata Veg - 11.8kg","Dry Dog Food",Each,"Main Warehouse",2,0,2,,0,072705114108,,124.95,0.00,87.90000000,0.000000,0.00,0,0.000000,N,N,N,N,0,0,0,0,0,Fromm
,711414,"Fromm Dog Four-Star Grain Free Beef Frittata Veg - 1.8kg",,Each,"Main Warehouse",1,0,1,,0,072705114146,,26.95,26.95,18.95000000,0.000000,0.00,0,0.000000,N,N,N,N,0,0,0,0,0,Fromm
,711440,"Fromm Dog Four-Star Grain Free Game Bird - 11.8kg","Dry Dog Food",Each,"Main Warehouse",2,0,2,,0,072705114405,,124.95,124.95,87.90000000,0.000000,0.00,0,0.000000,N,N,N,N,0,0,0,0,0,Fromm
,711444,"Fromm Dog Four-Star Grain Free Game Bird - 1.8kg",,Each,"Main Warehouse",1,0,1,,0,072705114443,,16.17,16.17,18.95000000,0.000000,0.00,0,0.000000,N,N,N,N,0,0,0,0,0,Fromm
,711450,"Fromm Dog Four-Star Grain Free Lamb & Lentil - 11.8kg","Dry Dog Food",Each,"Main Warehouse",2,0,2,,0,072705114504,,124.95,0.00,87.90000000,0.000000,0.00,0,0.000000,N,N,N,N,0,0,0,0,0,Fromm
,711454,"Fromm Dog Four-Star Grain Free Lamb & Lentil - 1.8kg",,Each,"Main Warehouse",2,0,2,,0,072705114542,,0.44,0.44,18.95000000,0.000000,0.00,0,0.000000,N,N,N,N,0,0,0,0,0,Fromm
,711460,"Fromm Dog Four-Star Grain Free Hasen Duckenpfeffer - 11.8kg","Dry Dog Food",Each,"Main Warehouse",2,0,2,,0,072705114603,,124.95,0.00,87.90000000,0.000000,0.00,0,0.000000,N,N,N,N,0,0,0,0,0,Fromm
,711464,"Fromm Dog Four-Star Grain Free Hasen Duckenpfeffer - 1.8kg",,Each,"Main Warehouse",2,0,2,,0,072705114641,,16.17,16.17,18.95000000,0.000000,0.00,0,0.000000,N,N,N,N,0,0,0,0,0,Fromm
,711470,"Fromm Dog Four-Star Grain Free Chicken Au Frommage - 11.8kg","Dry Dog Food",Each,"Main Warehouse",1,0,1,,0,072705114702,,124.95,124.95,87.90000000,0.000000,0.00,0,0.000000,N,N,N,N,0,0,0,0,0,Fromm
,711474,"Fromm Dog Four-Star Grain Free Chicken Au Frommage - 1.8kg",,Each,"Main Warehouse",0,0,0,,0,072705114740,,26.95,16.17,18.95000000,0.000000,0.00,0,0.000000,N,N,N,N,0,0,0,0,0,Fromm
,711521,"Fromm Dog Gold Adult - 13.61kg",,Each,"Main Warehouse",3,0,3,0,0,072705115211,,77.85,77.85,57.65000000,0.000000,0.00,0,1.000000,N,N,N,N,0,0,0,0,0,Fromm
,711527,"Fromm Dog Gold Adult - 2.3kg",,Each,"Main Warehouse",1,0,1,,0,072705115273,,24.49,24.49,17.23000000,0.000000,0.00,0,0.000000,N,N,N,N,0,0,0,0,0,Fromm
,711531,"Fromm Gold Large Breed Adult 13.61KG","Dry Dog Food",Each,"Main Warehouse",6,0,6,,0,072705115310,,78.99,78.99,57.65000000,0.000000,0.00,0,0.000000,N,N,N,N,0,0,0,0,0,Fromm
,711551,"Fromm Dog Gold Puppy - 13.61kg","Dry Dog Food",Each,"Main Warehouse",3,0,3,,0,072705115518,,53.37,53.37,62.57000000,0.000000,0.00,0,0.000000,N,N,N,N,0,0,0,0,0,Fromm
,711557,"Fromm Dog Gold Puppy - 2.3kg",,Each,"Main Warehouse",0,0,0,,0,072705115570,,15.57,25.95,18.25000000,0.000000,0.00,0,0.000000,N,N,N,N,0,0,0,0,0,Fromm
,711560,"Fromm Cat Gold Adult - 1.8kg",,Each,"Main Warehouse",1,0,1,,0,072705115600,,10.89,15.57,18.25000000,0.000000,0.00,0,0.000000,N,N,N,N,0,0,0,0,0,Fromm
,711563,"Fromm Cat Gold Adult - 4.54kg",,Each,"Main Warehouse",2,0,2,,0,072705115631,,52.49,52.49,36.92000000,0.000000,0.00,0,0.000000,N,N,N,N,0,0,0,0,0,Fromm
,711580,"Fromm Cat Gold Kitten - 1.8kg",,Each,"Main Warehouse",1,0,1,,0,072705115808,,16.77,16.77,19.66000000,0.000000,0.00,0,0.000000,N,N,N,N,0,0,0,0,0,Fromm
,711583,"Fromm Cat Gold Kitten - 4.54kg",,Each,"Main Warehouse",1,0,1,,0,072705115839,,58.95,58.95,41.47000000,0.000000,0.00,0,0.000000,N,N,N,N,0,0,0,0,0,Fromm
,711590,"Fromm Cat Gold Healthy Weight - 1.8kg",,Each,"Main Warehouse",1,0,1,,0,072705115907,,27.95,27.95,19.66000000,0.000000,0.00,0,0.000000,N,N,N,N,0,0,0,0,0,Fromm
,711593,"Fromm Cat Gold Healthy Weight - 4.54kg",,Each,"Main Warehouse",0,0,0,,0,072705115938,,41.27,41.27,41.47000000,0.000000,0.00,0,0.000000,N,N,N,N,0,0,0,0,0,Fromm
,711611,"Fromm Dog Four-Star Chicken a la Veg - 11.8kg","Dry Dog Food",Each,"Main Warehouse",0,0,0,,0,072705116119,,62.97,89.95,63.27000000,0.000000,0.00,0,0.000000,N,N,N,N,0,0,0,0,0,Fromm
,711616,"Fromm Dog Four-Star Chicken a la Veg - 1.8kg",,Each,"Main Warehouse",1,0,1,,0,072705116164,,13.77,13.77,16.14000000,0.000000,0.00,0,0.000000,N,N,N,N,0,0,0,0,0,Fromm
,711621,"Fromm Dog Four-Star Duck a la Veg - 11.8kg","Dry Dog Food",Each,"Main Warehouse",2,0,2,,0,072705116218,,93.95,0.00,66.09000000,0.000000,0.00,0,0.000000,N,N,N,N,0,0,0,0,0,Fromm
,711626,"Fromm Dog Four-Star Duck a la Veg - 1.8kg",,Each,"Main Warehouse",2,0,2,,0,072705116263,,14.09,14.09,16.52000000,0.000000,0.00,0,0.000000,N,N,N,N,0,0,0,0,0,Fromm
,711690,"Fromm Cat Four-Star Grain Free Surf & Turf - 1.8kg",,Each,"Main Warehouse",1,0,1,,0,072705116904,,32.95,32.95,23.18000000,0.000000,0.00,0,0.000000,N,N,N,N,0,0,0,0,0,Fromm
,711693,"Fromm Cat Four-Star Grain Free Surf & Turf - 4.54kg","CAT FOOD DRY",Each,"Main Warehouse",2,0,2,,0,072705116935,,60.95,0.00,42.87000000,0.000000,0.00,0,0.000000,N,N,N,N,0,0,0,0,0,Fromm
,711700,"Fromm Cat Four-Star GF Game Bird - 1.8kg",,Each,"Main Warehouse",2,0,2,,0,072705117000,,32.95,19.77,23.18000000,0.000000,0.00,0,0.000000,N,N,N,N,0,0,0,0,0,Fromm
,711703,"Fromm Cat Four-Star GF Game Bird - 4.5kg","CAT FOOD DRY",Each,"Main Warehouse",1,0,1,,0,072705117031,,42.67,60.95,42.87000000,0.000000,0.00,0,0.000000,N,N,N,N,0,0,0,0,0,Fromm
,711710,"Fromm Cat Four-Star GF Salmon Tunachovy - 1.8kg",,Each,"Main Warehouse",1,0,1,,0,072705117109,,19.77,19.77,23.18000000,0.000000,0.00,0,0.000000,N,N,N,N,0,0,0,0,0,Fromm
,711713,"Fromm Cat Four-Star GF Salmon Tunachovy - 4.54kg","Dry Cat Food",Each,"Main Warehouse",2,0,2,,0,072705117130,,60.95,60.95,42.87000000,0.000000,0.00,0,0.000000,N,N,N,N,0,0,0,0,0,Fromm
,711730,"Fromm Cat Four-Star GF Hasen Duckenpfeffer - 1.8kg",,Each,"Main Warehouse",2,0,2,,0,072705117307,,19.77,19.77,23.18000000,0.000000,0.00,0,0.000000,N,N,N,N,0,0,0,0,0,Fromm
,711733,"Fromm Cat Four-Star GF Hasen Duckenpfeffer - 4.5kg",,Each,"Main Warehouse",3,0,3,,0,072705117338,,57.90,60.95,42.87000000,0.000000,0.00,0,0.000000,N,N,N,Y,0,0,0,0,0,Fromm
,711740,"Fromm Cat Four-Star GF Chicken Au Frommage - 1.8kg",,Each,"Main Warehouse",1,0,1,,0,072705117406,,19.77,19.77,23.18000000,0.000000,0.00,0,0.000000,N,N,N,N,0,0,0,0,0,Fromm
,711743,"Fromm Cat Four-Star GF Chicken Au Frommage - 4.54kg","Dry Cat Food",Each,"Main Warehouse",2,0,2,,0,072705117437,,60.95,60.95,42.87000000,0.000000,0.00,0,0.000000,N,N,N,N,0,0,0,0,0,Fromm
,712000,"FirstMate Dog LID GF Pork & Apple Pate 12.2oz","Wet Dog Food",Each,"Main Warehouse",18,0,18,,0,072318120008,,4.79,4.79,3.35000000,0.000000,0.00,0,0.000000,N,N,N,N,0,0,0,0,0,FirstMate
,712003,"FirstMate Dog LID GF Salmon 12.2oz","Wet Dog Food",Each,"Main Warehouse",23,0,23,,0,072318120039,,4.79,4.79,3.35000000,0.000000,0.00,0,0.000000,N,N,N,N,0,0,0,0,0,FirstMate
,712013,"FirstMate Dog LID GF Turkey 12.2oz","Wet Dog Food",Each,"Main Warehouse",5,0,5,,0,072318120138,,4.09,4.09,2.86000000,0.000000,0.00,0,0.000000,N,N,N,N,0,0,0,0,0,FirstMate
,712023,"FirstMate Dog LID GF Chicken 12.2oz","Wet Dog Food",Each,"Main Warehouse",7,0,7,,0,072318120237,,4.09,4.09,2.86000000,0.000000,0.00,0,0.000000,N,N,N,N,0,0,0,0,0,FirstMate
,712065,"FirstMate Dog Turkey and Rice wet food 12.2oz","Wet Dog Food",Each,"Main Warehouse",9,0,9,,0,072318120657,,4.09,0.00,2.86000000,0.000000,0.00,0,0.000000,N,N,N,N,0,0,0,0,0,FirstMate
,712069,"FirstMate Grain Friendly Pork w/ Rice 12.2oz","Wet Dog Food",Each,"Main Warehouse",11,0,11,,0,072318120695,,4.79,4.49,3.35000000,0.000000,0.00,0,0.000000,N,N,N,N,0,0,0,0,0,FirstMate
,712140,"Fromm Dog Crunchy Os Blueberry","Dog Treats",Each,"Main Warehouse",10,0,10,,0,072705121403,,9.99,9.99,5.77000000,0.000000,0.00,0,0.000000,N,N,N,N,0,0,0,0,0,Fromm
,712150,"Fromm Dog Crunchy Os CheesePlosion","Dog Treats",Each,"Main Warehouse",11,0,11,,0,072705121502,,9.99,9.99,5.77000000,0.000000,0.00,0,0.000000,N,N,N,N,0,0,0,0,0,Fromm
,712190,"Fromm Dog Crunchy O's Salmon","Dog Treats",Each,"Main Warehouse",23,0,23,,0,072705121908,,9.99,9.99,5.77000000,0.000000,0.00,0,0.000000,N,N,N,N,0,0,0,0,0,Fromm
,712200,"Fromm Dog Crunchy Os Peanut Butter","Dog Treats",Each,"Main Warehouse",28,0,28,,0,072705122004,,5.39,9.99,5.77000000,0.000000,0.00,0,0.000000,N,N,N,N,0,0,0,0,0,Fromm
,712210,"Fromm Dog Crunchy Os Bacon Blaster","Dog Treats",Each,"Main Warehouse",7,0,7,,0,072705122103,,9.99,9.99,5.77000000,0.000000,0.00,0,0.000000,N,N,N,N,0,0,0,0,0,Fromm
,71230,"Hill's Science Diet® Kitten Dry Cat Food - Chicken - 3.5lb",Cats,Each,"Main Warehouse",2,0,2,,0,052742712307,,40.99,40.99,0.00000000,0.000000,0.00,0,0.000000,N,N,N,N,0,0,0,0,0,"Hill's Science"
,712400,"Fromm Cat PurrSnacKitty Chicken",,Each,"Main Warehouse",0,0,0,,0,072705124008,,5.49,5.49,3.04000000,0.000000,0.00,0,0.000000,N,N,N,N,0,0,0,0,0,Fromm
,712410,"Fromm Cat PurrSnacKitty Salmon",,Each,"Main Warehouse",3,0,3,,0,072705124107,,5.49,4.66,3.04000000,0.000000,0.00,0,0.000000,N,N,N,N,0,0,0,0,0,Fromm
,712420,"Fromm Cat PurrSnacKitty Liver",,Each,"Main Warehouse",0,0,0,,0,072705124206,,4.94,5.49,3.04000000,0.000000,0.00,0,0.000000,N,N,N,N,0,0,0,0,0,Fromm
,712534,"Open Farm Harvest Chicken & Ancient Grains Dry Dog Food - 11LB",Dogs,Each,"Main Warehouse",2,0,2,,0,683547125346,,64.00,64.00,44.47000000,0.000000,0.00,0,0.000000,N,N,N,N,0,0,0,0,0,"Open Farm"
,712579,"Open Farm Grass-Fed Beef & Ancient Grains Dog Kibble - 11L",Dogs,Each,"Main Warehouse",0,0,0,,0,,,69.99,69.99,0.00000000,0.000000,0.00,0,0.000000,N,N,N,N,0,0,0,0,0,"Open Farm"
,713320,"Fromm Cat Chicken Duck & Salmon Pate",,Each,"Main Warehouse",2,0,2,,0,072705133208,,3.39,2.89,2.39000000,0.000000,0.00,0,0.000000,N,N,N,N,0,0,0,0,0,Fromm
,713322,"Fromm Cat Chicken & Duck Healthy Weight",,Each,"Main Warehouse",3,0,3,,0,072705133222,,3.39,3.39,2.60000000,0.000000,0.00,0,0.000000,N,N,N,N,0,0,0,0,0,Fromm
,713324,"Fromm Cat Gold Indoor Pate 5.5oz","Wet Cat Food",Each,"Main Warehouse",11,0,11,,0,072705133246,,2.58,2.58,2.60000000,0.000000,0.00,0,0.000000,N,N,N,N,0,0,0,0,0,Fromm
,713326,"Fromm Cat Chicken & Duck for Kitten",,Each,"Main Warehouse",7,0,7,,0,072705133260,,2.71,2.71,2.60000000,0.000000,0.00,0,0.000000,N,N,N,N,0,0,0,0,0,Fromm
,714126,"Intersand Odourlock Multi-Cat Clumping Cat Litter - Calming Breeze 12kg",,Each,"Main Warehouse",6,0,6,,0,,,0.00,0.00,27.00000000,0.000000,0.00,0,0.000000,N,N,N,N,0,0,0,0,0,Intersand
,719020,"Intersand Cat Litter Simple Unscented",,Each,"Main Warehouse",6,0,6,,0,777979190208,,19.49,19.49,14.69000000,0.000000,0.00,0,0.000000,N,N,N,N,0,0,0,0,0,Intersand
,720014,"FirstMate Cat & Kitten Grain Friendly Fish + Chicken - 5lb",,Each,"Main Warehouse",4,0,4,,0,072318200144,,20.99,17.85,14.91000000,0.000000,0.00,0,0.000000,N,N,N,N,0,0,0,0,0,FirstMate
,720016,"FirstMate Cat & Kitten Grain Friendly Fish + Chicken - 13.2lb","Dry Cat Food",Each,"Main Warehouse",3,0,3,,0,072318200168,,43.99,26.39,31.24000000,0.000000,0.00,0,0.000000,N,N,N,Y,0,0,0,0,0,FirstMate
,720017,"FirstMate Cat Indoor Grain Friendly - 5lb","Dry Cat Food",Each,"Main Warehouse",1,0,1,,0,072318200175,,16.99,20.99,14.91000000,0.000000,0.00,0,0.000000,N,N,N,N,0,0,0,0,0,FirstMate
,720019,"FirstMate Cat Indoor Grain Friendly - 13.2lb","Dry Cat Food",Each,"Main Warehouse",1,0,1,,0,072318200199,,43.99,41.24,31.24000000,0.000000,0.00,0,0.000000,N,N,N,N,0,0,0,0,0,FirstMate
,720050,"FirstMate Cat Grain Free Pacific Ocean Fish with Blueberries - 3.96lb","Dry Cat Food",Each,"Main Warehouse",2,0,2,,0,072318200502,,23.39,21.99,18.19000000,0.000000,0.00,0,0.000000,N,N,N,N,0,0,0,0,0,FirstMate
,720060,"FirstMate Cat Grain Free Pacific Ocean Fish with Blueberries - 10lb","Dry Cat Food",Each,"Main Warehouse",2,0,2,,0,072318200601,,37.99,42.99,30.09000000,0.000000,0.00,0,0.000000,N,N,N,N,0,0,0,0,0,FirstMate
,720061,"FirstMate Cat Grain Free Chicken with Blueberries - 3.96lb","Dry Cat Food",Each,"Main Warehouse",3,0,3,,0,072318200618,,25.99,25.99,18.19000000,0.000000,0.00,0,0.000000,N,N,N,Y,0,0,0,0,0,FirstMate
,720063,"FirstMate Cat Grain Free Chicken with Blueberries - 10lb","Dry Cat Food",Each,"Main Warehouse",1,0,1,,0,072318200632,,42.99,42.99,30.09000000,0.000000,0.00,0,0.000000,N,N,N,N,0,0,0,0,0,FirstMate
,720065,"FirstMate Cat Grain Free Cage Free Duck with Blueberries - 3.96lb","Dry Cat Food",Each,"Main Warehouse",3,0,3,,0,072318200656,,27.99,27.99,19.59000000,0.000000,0.00,0,0.000000,N,N,N,N,0,0,0,0,0,FirstMate
,720066,"FirstMate Cat Grain Free Cage Free Duck with Blueberries - 10lb","Dry Cat Food",Each,"Main Warehouse",1,0,1,0,0,072318200663,,28.97,39.09,32.19000000,0.000000,0.00,0,1.000000,N,N,N,N,0,0,0,0,0,FirstMate
,721006,"Intersand Cat Litter OdourLock Baby Powder - 6kg",,Each,"Main Warehouse",0,0,0,,0,777979210067,,15.99,15.99,10.93000000,0.000000,0.00,0,0.000000,N,N,N,N,0,0,0,0,0,Intersand
,721106,"Intersand OdourLock Unscented Original Litter - 6kg",,Each,"Main Warehouse",3,0,3,,0,777979211064,,15.99,15.99,10.93000000,0.000000,0.00,0,0.000000,N,N,N,N,0,0,0,0,0,Intersand
,721112,"Intersand OdourLock Unscented Original Litter - 12kg",,Each,"Main Warehouse",27,0,27,,0,777979211125,,19.94,28.49,19.07000000,0.000000,0.00,0,0.000000,N,N,N,N,0,0,0,0,0,Intersand
,721612,"Intersand Odourlock Max Care 12kg",,Each,"Main Warehouse",6,0,6,,0,777979216120,,31.99,27.19,23.35000000,0.000000,0.00,0,0.000000,N,N,N,N,0,0,0,0,0,Intersand
,722002,"FirstMate Cat Wild pacific GF Salmon 5.5oz","Wet Cat Food",Each,"Main Warehouse",19,0,19,,0,072318220029,,3.09,3.09,2.58000000,0.000000,0.00,0,0.000000,N,N,N,N,0,0,0,0,0,FirstMate
,722012,"Cat LID GF Turkey 5.5oz","Wet Cat Food",Each,"Main Warehouse",16,0,16,,0,072318220128,,3.09,3.09,2.16000000,0.000000,0.00,0,0.000000,N,N,N,N,0,0,0,0,0,FirstMate
,722032,"FirstMate Cat GF Wild Tuna 5.5oz","Wet Cat Food",Each,"Main Warehouse",31,0,31,,0,072318220326,,3.09,3.09,2.16000000,0.000000,0.00,0,0.000000,N,N,N,N,0,0,0,0,0,FirstMate
,722041,"FirstMate Cat LID Pork & Apple Wet Food 5.5oz",,Each,"Main Warehouse",35,0,35,,0,072318220418,,3.69,4.69,2.27000000,0.000000,0.00,0,0.000000,N,N,N,N,0,0,0,0,0,FirstMate
,722051,"Wild Salmon and Tuna Pate","Wet Cat Food",Each,"Main Warehouse",15,0,15,,0,072318220517,,3.69,3.69,2.58000000,0.000000,0.00,0,0.000000,N,N,N,N,0,0,0,0,0,FirstMate
,72375,"ORIJEN Original Chicken, Turkey & Cod Pate Dog Food 363g /12.8oz",Dogs,Each,"Main Warehouse",10,0,10,,0,064992723750,,6.99,6.99,0.00000000,0.000000,0.00,0,0.000000,N,N,N,N,0,0,0,0,0,Orijen
,72376,"ORIJEN Tundra with Liver Pate Dog Food 363g / 12.8oz",Dogs,Each,"Main Warehouse",12,0,12,,0,064992723767,,6.99,6.99,0.00000000,0.000000,0.00,0,0.000000,N,N,N,N,0,0,0,0,0,Orijen
,72377,"ORIJEN Regional Red with Liver Pate Dog Food 363g/12.8oz",Dogs,Each,"Main Warehouse",12,0,12,,0,064992723774,,6.99,6.99,0.00000000,0.000000,0.00,0,0.000000,N,N,N,N,0,0,0,0,0,Orijen
,72378,"ORIJEN Chicken Recipe with Liver Pate Dog Food 363g / 12.2oz",Dogs,Each,"Main Warehouse",11,0,11,,0,064992723781,,6.99,6.99,0.00000000,0.000000,0.00,0,0.000000,N,N,N,N,0,0,0,0,0,Orijen
,72379,"ACANA Premium Pate Poultry Recipe Dog Food 363g/12.8oz",Dogs,Each,"Main Warehouse",5,0,5,,0,064992723798,,5.69,5.69,0.00000000,0.000000,0.00,0,0.000000,N,N,N,N,0,0,0,0,0,Acana
,72380,"Acana Premium Pate Wet Dog Food - Beef Recipe 363g/12.8oz",Dogs,Each,"Main Warehouse",13,0,13,,0,064992723804,,5.69,5.69,0.00000000,0.000000,0.00,0,0.000000,N,N,N,N,0,0,0,0,0,Acana
,72381,"ACANA Premium Pate Duck Recipe Dog Food 362g/12.8 oz",Dogs,Each,"Main Warehouse",33,0,33,,0,064992723811,,5.69,5.69,0.00000000,0.000000,0.00,0,0.000000,N,N,N,N,0,0,0,0,0,Acana
,72382,"ACANA Premium Pate Lamb Recipe Dog Food 363g/12.8oz",Dogs,Each,"Main Warehouse",3,0,3,,0,064992723828,,5.69,5.69,0.00000000,0.000000,0.00,0,0.000000,N,N,N,N,0,0,0,0,0,Acana
,72401,"Orijen Cat Guardian 8 Senior Dry Food 1.8kg - 4.5KG","Dry Cat Food",Each,"Main Warehouse",1,0,1,,0,064992724016,,79.99,79.99,50.61000000,0.000000,0.00,0,0.000000,N,N,N,N,0,0,0,0,0,Orijen
,72405,"ORIJEN Dog Large Breed Adult - 11.4 kg","Dry Dog Food",Each,"Main Warehouse",5,0,5,,0,,,114.94,120.99,0.00000000,0.000000,0.00,0,0.000000,N,N,N,N,0,0,0,0,0,
,72440,"Acana Healthy Grains Sea to Farm Puppy Food 22.5lb",Dogs,Each,"Main Warehouse",2,1,1,,0,064992724405,,91.19,95.99,0.00000000,0.000000,0.00,0,0.000000,N,N,N,N,0,0,0,0,0,Acana
,72443,"Acana Healthy Grains Dry Dog Food - Sea to Stream Recipe 22LB",Dogs,Each,"Main Warehouse",0,0,0,,0,064992724436,,92.99,92.99,56.46000000,0.000000,0.00,0,0.000000,N,N,N,N,0,0,0,0,0,Acana
,72605,"ACANA Chicken & Tuna Recipe Chunks in Broth Adult Cat Food",Adult,Each,"Main Warehouse",9,0,9,,0,064992726058,,2.49,2.49,0.00000000,0.000000,0.00,0,0.000000,N,N,N,N,0,0,0,0,0,Acana
,72608,"ACANA Chicken & Salmon Recipe Chunks in Broth Kitten Cat Food 5.5oz",Cats,Each,"Main Warehouse",24,0,24,,0,064992726089,,4.59,4.59,3.06000000,0.000000,0.00,0,0.000000,N,N,N,N,0,0,0,0,0,Acana
,72616,"Orijen Wet Cat Chunks + Shreds Regional Red",Adult,Each,"Main Warehouse",12,0,12,,0,064992726164,,5.09,5.09,3.33000000,0.000000,0.00,0,0.000000,N,N,N,N,0,0,0,0,0,Orijen
,726455,"Intersand Cat Litter Ecolife 5.5 kg",,Each,"Main Warehouse",1,0,1,,0,777979264558,,26.99,26.99,19.64000000,0.000000,0.00,0,0.000000,N,N,N,N,0,0,0,0,0,Intersand
,72732,"Acana Cat First Feast Dry Food - 3.17kg",Cats,Each,"Main Warehouse",1,0,1,,0,064992727321,,43.99,43.99,0.00000000,0.000000,0.00,0,0.000000,N,N,N,N,0,0,0,0,0,Acana
,72824,"Orijen Amazing Grains Dry Dog Food - Original",Dogs,Each,"Main Warehouse",3,0,3,,0,064992728243,,114.99,114.99,81.28000000,0.000000,0.00,0,0.000000,N,N,N,Y,0,0,0,0,0,Orijen
,72829,"Orijen Amazing Grains Dry Dog Food - Regional Red - 9.7Kg","Dry Dog Food",Each,"Main Warehouse",1,0,1,,0,064992728298,,129.99,129.99,87.88000000,0.000000,0.00,0,0.000000,N,N,N,N,0,0,0,0,0,Orijen
,72834,"Orijen Amazing Grains Dry Dog Food - Puppy, 21.3lb",Dogs,Each,"Main Warehouse",1,0,1,,0,064992728342,,114.99,114.99,80.99000000,0.000000,0.00,0,0.000000,N,N,N,N,0,0,0,0,0,Orijen
,740001,"FirstMate Dog Treats Cookies Fish & Blueberries","Dog Treats",Each,"Main Warehouse",4,0,4,,0,072318400018,,3.59,5.09,3.00000000,0.000000,0.00,0,0.000000,N,N,N,N,0,0,0,0,0,FirstMate
,740003,"GF Chicken& Blueberry Cookies","Dog Treats",Each,"Main Warehouse",8,0,8,,0,072318400032,,5.99,5.99,3.00000000,0.000000,0.00,0,0.000000,N,N,N,N,0,0,0,0,0,FirstMate
,740005,"FirstMate Dog Lamb and Blueberry Treats","Dog Treats",Each,"Main Warehouse",10,0,10,,0,072318400056,,3.59,3.59,3.00000000,0.000000,0.00,0,0.000000,N,N,N,N,0,0,0,0,0,FirstMate
,740011,"FirstMate Dog Treats Cookies Duck & Blueberries","Dog Treats",Each,"Main Warehouse",2,0,2,,0,072318400094,,5.99,5.09,3.00000000,0.000000,0.00,0,0.000000,N,N,N,N,0,0,0,0,0,FirstMate
,740026,"FirstMate Dog Treats Cookies Beef & Blueberries","Dog Treats",Each,"Main Warehouse",3,0,3,,0,072318400261,,5.99,5.99,3.00000000,0.000000,0.00,0,0.000000,N,N,N,N,0,0,0,0,0,FirstMate
,740031,"FirstMate Cat Treats Yummy Chicken","Cat Treats",Each,"Main Warehouse",7,0,7,,0,072318400315,,4.99,4.99,2.50000000,0.000000,0.00,0,0.000000,N,N,N,N,0,0,0,0,0,FirstMate
,740033,"FirstMate Cat Treats Indulgent Duck","Cat Treats",Each,"Main Warehouse",0,0,0,,0,,,4.99,4.99,2.50000000,0.000000,0.00,0,0.000000,N,N,N,N,0,0,0,0,0,FirstMate
,740035,"FirstMate Cat Treats Tiny Fish","Cat Treats",Each,"Main Warehouse",13,0,13,,0,072318400353,,4.99,4.99,2.50000000,0.000000,0.00,0,0.000000,N,N,N,N,0,0,0,0,0,FirstMate
,740037,"FirstMate Cat Treats Savory Lamb","Cat Treats",Each,"Main Warehouse",0,0,0,,0,,,4.99,4.99,2.50000000,0.000000,0.00,0,0.000000,N,N,N,N,0,0,0,0,0,FirstMate
,746,"Now Fresh Grain-Free Recipe for Senior Cats - Turkey, Salmon & Duck - 3Lb",,Each,"Main Warehouse",0,0,0,,0,,,0.00,0.00,0.00000000,0.000000,0.00,0,0.000000,N,N,N,N,0,0,0,0,0,"Now Fresh"
,747,"Now Fresh Grain-Free Recipe for Senior Cats - Turkey, Salmon & Duck - 8LB",,Each,"Main Warehouse",0,0,0,,0,,,0.00,0.00,0.00000000,0.000000,0.00,0,0.000000,N,N,N,N,0,0,0,0,0,"Now Fresh"
,750998,"Collar - Single Leather - Blue",,Each,"Main Warehouse",1,0,1,,0,,,16.99,16.99,12.05000000,0.000000,0.00,0,0.000000,N,N,N,N,0,0,0,0,0,N/A
,750999,"Collar - Single Leather - Pink",,Each,"Main Warehouse",1,0,1,,0,,,16.99,16.99,12.05000000,0.000000,0.00,0,0.000000,N,N,N,N,0,0,0,0,0,N/A
,751111,"Collar - Double Leather Black 1 1/4 x 28""",,Each,"Main Warehouse",1,0,1,,0,,,23.49,23.49,17.90000000,0.000000,0.00,0,0.000000,N,N,N,N,0,0,0,0,0,N/A
,751241,"Lead - Leather BLACK 1/2 x 72""",,Each,"Main Warehouse",1,0,1,,0,,,16.99,16.99,12.55000000,0.000000,0.00,0,0.000000,N,N,N,N,0,0,0,0,0,N/A
,751331,"Lead - Leather BLACK 1 x 72""",,Each,"Main Warehouse",1,0,1,,0,,,20.99,20.99,15.90000000,0.000000,0.00,0,0.000000,N,N,N,N,0,0,0,0,0,N/A
,752151,"Collar - Double Leather Black 2x24""",,Each,"Main Warehouse",1,0,1,,0,,,27.99,27.99,21.50000000,0.000000,0.00,0,0.000000,N,N,N,N,0,0,0,0,0,N/A
,752198,"Spot Cat Mexican Take Out Toy",Accessories,Each,"Main Warehouse",3,0,3,,0,077234521984,,6.99,6.99,4.80000000,0.000000,0.00,0,0.000000,N,N,N,N,0,0,0,0,0,Spot
,754185,"Skinneeez Extreme Quilted Fox 23""",,Each,"Main Warehouse",0,0,0,,0,077234541852,,25.49,15.29,14.95000000,0.000000,0.00,0,0.000000,N,N,N,N,0,0,0,0,0,"Ethical Pet"
,754189,"Skinneeez Extreme Quilted Squirrel 23""",,Each,"Main Warehouse",0,0,0,,0,077234541890,,25.49,25.49,14.95000000,0.000000,0.00,0,0.000000,N,N,N,N,0,0,0,0,0,"Ethical Pet"
,754216,"Skinneeez Extreme Quilted Fox Mini 14""",,Each,"Main Warehouse",0,0,0,,0,077234542163,,16.99,16.99,9.35000000,0.000000,0.00,0,0.000000,N,N,N,N,0,0,0,0,0,"Ethical Pet"
,754217,"Skinneeez Extreme Quilted Raccoon Mini 14""",,Each,"Main Warehouse",0,0,0,,0,077234542170,,16.99,16.99,9.35000000,0.000000,0.00,0,0.000000,N,N,N,N,0,0,0,0,0,"Ethical Pet"
,754602,"Spot Mini Launch & Fetch",,Each,"Main Warehouse",2,0,2,,0,077234546024,,39.99,39.99,22.70000000,0.000000,0.00,0,0.000000,N,N,N,N,0,0,0,0,0,N/A
,754820,"Spot Hide n Seek Puzzle Toy - Wash Day Puzzle",,Each,"Main Warehouse",4,0,4,,0,077234548202,,17.99,17.99,15.50000000,0.000000,0.00,0,0.000000,N,N,N,N,0,0,0,0,0,N/A
,754821,"Spot Hide n Seek Puzzle Toy - Tailgate Party Puzzle",,Each,"Main Warehouse",5,0,5,,0,077234548219,,18.49,14.79,11.95000000,0.000000,0.00,0,0.000000,N,N,N,N,0,0,0,0,0,N/A
,762017,"Baxter&Bella Dog Pin & Bristle Brush Small/Medium Breed",,Each,"Main Warehouse",0,0,0,,0,777374620171,,9.99,9.99,6.25000000,0.000000,0.00,0,0.000000,N,N,N,N,0,0,0,0,0,Baxter&Bella
,762018,"Baxter&Bella Dog Bristle Brush Large Breed",,Each,"Main Warehouse",2,0,2,,0,777374620188,,10.99,0.00,5.35000000,0.000000,0.00,0,0.000000,N,N,N,N,0,0,0,0,0,Baxter&Bella
,762019,"Baxter&Bella Dog Bristle Brush Small Breed",,Each,"Main Warehouse",1,0,1,,0,777374620195,,9.99,9.99,4.85000000,0.000000,0.00,0,0.000000,N,N,N,N,0,0,0,0,0,Baxter&Bella
,762023,"Baxter&Bella Dog Double Sided De-Shedder",,Each,"Main Warehouse",0,0,0,,0,777374620232,,25.49,25.49,12.75000000,0.000000,0.00,0,0.000000,N,N,N,N,0,0,0,0,0,Baxter&Bella
,762024,"BB Pin Massage Brush Small",,Each,"Main Warehouse",1,0,1,,0,,,0.00,0.00,5.50000000,0.000000,0.00,0,0.000000,N,N,N,N,0,0,0,0,0,Baxter&Bella
,762025,"BB Pin Massage Brush Fine",,Each,"Main Warehouse",1,0,1,,0,,,0.00,0.00,5.70000000,0.000000,0.00,0,0.000000,N,N,N,N,0,0,0,0,0,Baxter&Bella
,762026,"Baxter&Bella Cat Shedding Comb",,Each,"Main Warehouse",1,0,1,,0,777374620263,,6.79,7.99,3.95000000,0.000000,0.00,0,0.000000,N,N,N,N,0,0,0,0,0,Baxter&Bella
,762027,"Baxter&Bella Dog Comb",,Each,"Main Warehouse",0,0,0,,0,777374620270,,7.99,7.99,3.95000000,0.000000,0.00,0,0.000000,N,N,N,N,0,0,0,0,0,Baxter&Bella
,762028,"Baxter&Bella Dog Double Sided Comb Large Breed",,Each,"Main Warehouse",0,0,0,,0,777374620287,,6.83,6.83,4.25000000,0.000000,0.00,0,0.000000,N,N,N,N,0,0,0,0,0,Baxter&Bella
,762031,"Baxter&Bella Dog 9 Blade De-Matter",,Each,"Main Warehouse",2,0,2,,0,777374620317,,14.99,0.00,7.25000000,0.000000,0.00,0,0.000000,N,N,N,N,0,0,0,0,0,Baxter&Bella
,762034,"Baxter&Bella Nail Clippers for Large Breed",,Each,"Main Warehouse",2,0,2,,0,777374620348,,14.99,0.00,7.05000000,0.000000,0.00,0,0.000000,N,N,N,N,0,0,0,0,0,Baxter&Bella
,762035,"Baxter&Bella Nail Clippers for Small/Medium Breed",,Each,"Main Warehouse",2,0,2,,0,777374620355,,12.49,0.00,6.10000000,0.000000,0.00,0,0.000000,N,N,N,N,0,0,0,0,0,Baxter&Bella
,762036,"Baxter&Bella Guillotine Nail Clippers",,Each,"Main Warehouse",1,0,1,,0,777374620362,,13.49,0.00,6.65000000,0.000000,0.00,0,0.000000,N,N,N,N,0,0,0,0,0,Baxter&Bella
,762038,"Baxter&Bella Cat Curved De-Shedder","Cat Grooming",Each,"Main Warehouse",0,0,0,,0,,,38.49,38.49,19.20000000,0.000000,0.00,0,0.000000,N,N,N,N,0,0,0,0,0,Baxter&Bella
,762042,"Baxter&Bella Cat Pin Comb","Cat Grooming",Each,"Main Warehouse",0,0,0,,0,,,7.99,7.99,3.80000000,0.000000,0.00,0,0.000000,N,N,N,N,0,0,0,0,0,Baxter&Bella
,779369402304,"Canadian Naturals Grain Free Whitefish Recipe - 11lbs",Dogs,Each,"Main Warehouse",3,0,3,,0,,,44.99,44.99,28.70000000,0.000000,0.00,0,0.000000,N,N,N,N,0,0,0,0,0,"Canadian Naturals"
,779369457410,"Canadian Naturals Grain Free Whitefish Recipe - 25lbs",Dogs,Each,"Main Warehouse",4,0,4,,0,,,65.99,64.99,43.90000000,0.000000,0.00,0,0.000000,N,N,N,N,0,0,0,0,0,"Canadian Naturals"
,800075,"Fruitables Dog Biggies Peanut Butter & Banana","Dog Treats",Each,"Main Warehouse",16,0,16,,0,686960000757,,18.49,18.49,9.67000000,0.000000,0.00,0,0.000000,N,N,N,N,0,0,0,0,0,Fruitables
,800076,"Fruitables Dog Biggies Almond Butter & Coconut","Dog Treats",Each,"Main Warehouse",15,0,15,,0,686960000764,,18.49,18.49,9.67000000,0.000000,0.00,0,0.000000,N,N,N,N,0,0,0,0,0,Fruitables
,800077,"Fruitables Dog Biggies Crispy Bacon & Apple","Dog Treats",Each,"Main Warehouse",14,0,14,,0,686960000771,,18.49,18.49,9.67000000,0.000000,0.00,0,0.000000,N,N,N,N,0,0,0,0,0,Fruitables
,800078,"Fruitables Dog Biggies Pumpkin & Blueberry","Dog Treats",Each,"Main Warehouse",13,0,13,,0,686960000788,,18.49,18.49,9.67000000,0.000000,0.00,0,0.000000,N,N,N,N,0,0,0,0,0,Fruitables
,800086,"Fruitables Dog Skinny Minis Pumpkin Berry Treats","Dog Treats",Each,"Main Warehouse",2,0,2,,0,686960000863,,18.49,18.49,9.71000000,0.000000,0.00,0,0.000000,N,N,N,N,0,0,0,0,0,Fruitables
,800087,"Fruitables Dog Skinny Minis Grilled Bison Chewy Treats","Dog Treats",Each,"Main Warehouse",3,0,3,,0,686960000870,,18.49,18.49,9.71000000,0.000000,0.00,0,0.000000,N,N,N,N,0,0,0,0,0,Fruitables
,800104,"Weruva Cat Mack & Jack","Wet Cat Food",Each,"Main Warehouse",26,0,26,,0,878408001048,,2.69,2.69,1.65000000,0.000000,0.00,0,0.000000,N,N,N,N,0,0,0,0,0,Weruva
,800107,"Weruva Cat Mideast Feast","Wet Cat Food",Each,"Main Warehouse",42,0,42,,0,878408001079,,2.69,2.69,1.65000000,0.000000,0.00,0,0.000000,N,N,N,N,0,0,0,0,0,Weruva
,800108,"Weruva Cat Polynesian BBQ","Wet Cat Food",Each,"Main Warehouse",13,0,13,,0,878408001086,,2.69,2.28,1.65000000,0.000000,0.00,0,0.000000,N,N,N,N,0,0,0,0,0,Weruva
,800111,"Weruva Cat Paw Licking Chicken","Wet Cat Food",Each,"Main Warehouse",37,0,37,,0,878408001116,,2.69,2.29,1.65000000,0.000000,0.00,0,0.000000,N,N,N,N,0,0,0,0,0,Weruva
,800114,"Weruva Cat Amazon Living chicken and liver","Wet Cat Food",Each,"Main Warehouse",40,0,40,,0,878408001147,,2.69,2.69,1.65000000,0.000000,0.00,0,0.000000,N,N,N,N,0,0,0,0,0,Weruva
,800117,"Stella and Chewys Cat FD Chick Chick Chicken Morsels 8 OZ","Cat Freeze Dried Food",Each,"Main Warehouse",6,0,6,,0,186011001172,,28.99,0.00,20.28000000,0.000000,0.00,0,0.000000,N,N,N,N,0,0,0,0,0,Stella&Chewy
,800118,"Cat FD Duck Duck Goose Morsels 8oz",,Each,"Main Warehouse",5,0,5,,0,186011001189,,20.29,20.29,20.28000000,0.000000,0.00,0,0.000000,N,N,N,N,0,0,0,0,0,Stella&Chewy
,800119,"Stella&Chewy Cat Freeze Dried Sea-Licious Salmon and Cod Morsels","Cat Freeze Dried Food",Each,"Main Warehouse",6,0,6,,0,186011001196,,28.99,0.00,20.28000000,0.000000,0.00,0,0.000000,N,N,N,N,0,0,0,0,0,Stella&Chewy
,800120,"Stella&Chewy Cat Freeze Dried Tummy Ticklin Turkey Morsels","Cat Freeze Dried Food",Each,"Main Warehouse",6,0,6,,0,186011001202,,28.99,0.00,20.28000000,0.000000,0.00,0,0.000000,N,N,N,N,0,0,0,0,0,Stella&Chewy
,800123,"Cat FD Chick Chick Chicken Morsels 18oz",,Each,"Main Warehouse",4,0,4,,0,186011001233,,59.99,0.00,40.86000000,0.000000,0.00,0,0.000000,N,N,N,N,0,0,0,0,0,Stella&Chewy
,800124,"Stella&Chewy Cat Freeze Dried Duck Duck Goose Morsels","Cat Freeze Dried Food",Each,"Main Warehouse",1,0,1,,0,186011001240,,35.99,35.99,40.86000000,0.000000,0.00,0,0.000000,N,N,N,N,0,0,0,0,0,Stella&Chewy
,800127,"Stella&Chewy Cat Freeze Dried Yummy Lickin' Salmon & Chicken","Cat Freeze Dried Food",Each,"Main Warehouse",0,0,0,,0,186011001271,,59.99,59.99,40.86000000,0.000000,0.00,0,0.000000,N,N,N,N,0,0,0,0,0,Stella&Chewy
,800137,"Dog Raw Stella's Super Beef Morsels",,Each,"Main Warehouse",0,0,0,,0,186011001370,,0.00,0.00,0.00000000,0.000000,0.00,0,0.000000,N,N,N,N,0,0,0,0,0,Stella&Chewy
,800138,"Dog Raw Chewy's Chicken Morsels",,Each,"Main Warehouse",0,0,0,,0,186011001387,,0.00,0.00,0.00000000,0.000000,0.00,0,0.000000,N,N,N,N,0,0,0,0,0,Stella&Chewy
,800140,"Dog Raw Dandy Lamb Morsels",,Each,"Main Warehouse",0,0,0,,0,186011001400,,0.00,0.00,0.00000000,0.000000,0.00,0,0.000000,N,N,N,N,0,0,0,0,0,Stella&Chewy
,800161,"Stella&Chewys Dog Raw Coated Kibble Chicken","Dog Freeze Dried Food",Each,"Main Warehouse",0,0,0,,0,186011001615,,56.52,59.49,41.30000000,0.000000,0.00,0,0.000000,N,N,N,N,0,0,0,0,0,Stella&Chewy
,800163,"Stella&Chewys Dog Raw Coated Kibble Beef","Dog Freeze Dried Food",Each,"Main Warehouse",0,0,0,,0,186011001639,,35.69,50.57,41.30000000,0.000000,0.00,0,0.000000,N,N,N,N,0,0,0,0,0,Stella&Chewy
,800211,"Go! Solutions Weight Management + Joint Care Grain-Free Dry Food for Adult Dogs - Chicken Recipe - 22lb","Dry Dog Food",Each,"Main Warehouse",4,0,4,,0,815260002110,,94.99,94.99,0.00000000,0.000000,0.00,0,0.000000,N,N,N,N,0,0,0,0,0,
,800247,"Fruitables Skinny Minis Dog Treats - Grilled Bison Flavour",Uncategorized,Each,"Main Warehouse",6,0,6,,0,895352002471,,11.99,11.99,5.96000000,0.000000,0.00,0,0.000000,N,N,N,N,0,0,0,0,0,Fruitables
,800469,"Dogs in the Kitchen Funk in Trunk",,Each,"Main Warehouse",12,0,12,,0,878408004698,,2.69,0.00,1.61000000,0.000000,0.00,0,0.000000,N,N,N,N,0,0,0,0,0,Stella&Chewy
,800471,"Dogs in the Kitchen Lamburgini",,Each,"Main Warehouse",11,0,11,,0,878408004711,,2.69,0.00,1.61000000,0.000000,0.00,0,0.000000,N,N,N,N,0,0,0,0,0,Stella&Chewy
,800472,"Dogs in the Kitchen Double Dip",,Each,"Main Warehouse",12,0,12,,0,878408004728,,2.69,0.00,1.61000000,0.000000,0.00,0,0.000000,N,N,N,N,0,0,0,0,0,Stella&Chewy
,800511,"Weruva Grain & Gluten Free Paw Lickin Chicken in Gravy 14oz","Wet Dog Food",Each,"Main Warehouse",19,0,19,,0,878408005114,,5.89,5.89,4.09000000,0.000000,0.00,0,0.000000,N,N,N,N,0,0,0,0,0,Weruva
,800513,"Weruva Funky Chunky Chicken Soup With Pumpkin","Wet Dog Food",Each,"Main Warehouse",10,2,8,,0,878408005138,,5.89,5.89,4.09000000,0.000000,0.00,0,0.000000,N,N,N,N,0,0,0,0,0,Weruva
,800517,"Weruva Grain & Gluten Free Wok the Dog - Chicken, Beef & Pumpkin 14oz","Wet Dog Food",Each,"Main Warehouse",10,1,9,,0,878408005176,,5.89,5.89,4.62000000,0.000000,0.00,0,0.000000,N,N,N,N,0,0,0,0,0,Weruva
,800822,"Weruva Cats in the Kitchen - Chick Magnet","Wet Cat Food",Each,"Main Warehouse",11,0,11,,0,878408008221,,2.69,2.69,1.79000000,0.000000,0.00,0,0.000000,N,N,N,N,0,0,0,0,0,
,800823,"Weruva Cats in the Kitchen Love Me Tender","Wet Cat Food",Each,"Main Warehouse",11,0,11,,0,878408008238,,2.69,2.69,1.79000000,0.000000,0.00,0,0.000000,N,N,N,N,0,0,0,0,0,
,801238,"ZippyPaws Jigglerz Chipmunk",,Each,"Main Warehouse",8,0,8,,0,818786012380,,22.49,22.49,10.77000000,0.000000,0.00,0,0.000000,N,N,N,N,0,0,0,0,0,ZippyPaws
,801239,"ZippyPaws Jigglerz Duck",,Each,"Main Warehouse",9,0,9,,0,818786012397,,22.49,0.00,10.77000000,0.000000,0.00,0,0.000000,N,N,N,N,0,0,0,0,0,ZippyPaws
,801415,"Urine Off Zorb-it-up Super Absorbent Powder, 8-oz","Cat Litter &amp; Litter Supplies",Each,"Main Warehouse",6,0,6,,0,811665014154,,15.99,15.99,10.91000000,0.000000,0.00,0,0.000000,N,N,N,N,0,0,0,0,0,
,8028821,"Go! Solutions Skin + Coat Care Dry Food for Dogs - Chicken Recipe with Grains 12lb",Dogs,Each,"Main Warehouse",4,0,4,,0,815260002882,,54.99,54.99,0.00000000,0.000000,0.00,0,0.000000,N,N,N,N,0,0,0,0,0,GO!
,80743,"Meowijuana Garden Pawty Catnip","Cat Nip",Each,"Main Warehouse",6,0,6,,0,,,14.99,14.99,0.00000000,0.000000,0.00,0,0.000000,N,N,N,N,0,0,0,0,0,
,810069,"Go! Solutions Benefit Chews Sensitivities Limited Ingredient Salmon Recipe","Dog Treats",Each,"Main Warehouse",0,0,0,,0,,,13.99,13.99,0.00000000,0.000000,0.00,0,0.000000,N,N,N,N,0,0,0,0,0,GO!
,810079,"Stella&Chewys Dog Raw Coated Kibble Chicken Puppy","Dog Freeze Dried Food",Each,"Main Warehouse",2,0,2,,0,186011001790,,59.49,59.49,41.80000000,0.000000,0.00,0,0.000000,N,N,N,N,0,0,0,0,0,Stella&Chewy
,810770,"Now Fresh Good Gravy Recipe for Senior Dogs - Beef Coated in Bone Broth - 3.5lb","Dry Dog Food",Each,"Main Warehouse",2,0,2,,0,815260007702,,29.99,29.99,0.00000000,0.000000,0.00,0,0.000000,N,N,N,N,0,0,0,0,0,
,810771,"Now Fresh Good Gravy Recipe for Senior Dogs - Beef Coated in Bone Broth - 22lb","Dry Dog Food",Each,"Main Warehouse",1,0,1,,0,815260007719,,109.99,109.99,0.00000000,0.000000,0.00,0,0.000000,N,N,N,N,0,0,0,0,0,
,811112,"Royal Canin Feline Aging 12+ 6lb","Dry Cat Food",Each,"Main Warehouse",0,0,0,,0,030111111128,,58.99,65.99,41.36000000,0.000000,0.00,0,0.000000,N,N,N,N,0,0,0,0,0,"Royal Canin"
,812642,"Open Farm Dog Meal Topper Salmon",,Each,"Main Warehouse",17,0,17,,0,683547126428,,3.49,3.49,2.44000000,0.000000,0.00,0,0.000000,N,N,N,N,0,0,0,0,0,"Open Farm"
,812644,"Open Farm Dog Meal Topper Arctic Char",,Each,"Main Warehouse",4,0,4,,0,683547126442,,3.49,3.49,2.44000000,0.000000,0.00,0,0.000000,N,N,N,N,0,0,0,0,0,"Open Farm"
,812645,"Open Farm Dog Meal Topper Salmon & Cod",,Each,"Main Warehouse",24,0,24,,0,683547126459,,3.49,3.49,2.44000000,0.000000,0.00,0,0.000000,N,N,N,N,0,0,0,0,0,"Open Farm"
,812646,"Open Farm Cat Meal Topper Salmon",,Each,"Main Warehouse",5,0,5,,0,683547126466,,3.29,2.42,2.31000000,0.000000,0.00,0,0.000000,N,N,N,N,0,0,0,0,0,"Open Farm"
,812648,"Open Farm Cat Meal Topper Arctic Char",,Each,"Main Warehouse",5,0,5,,0,683547126480,,2.80,2.42,2.31000000,0.000000,0.00,0,0.000000,N,N,N,N,0,0,0,0,0,"Open Farm"
,812649,"Open Farm Cat Meal Topper Salmon & Cod",,Each,"Main Warehouse",5,0,5,,0,683547126497,,2.79,2.42,2.31000000,0.000000,0.00,0,0.000000,N,N,N,N,0,0,0,0,0,"Open Farm"
,813108,"Zignature Dog Limited Ingredient Turkey - 4lb",,Each,"Main Warehouse",2,0,2,,0,888641131082,,11.99,7.00,13.22000000,0.000000,0.00,0,0.000000,N,N,N,N,0,0,0,0,0,Zignature
,813109,"Zignature Dog Limited Ingredient Turkey - 12.5lb","Dry Dog Food",Each,"Main Warehouse",3,0,3,,0,888641131099,,33.89,33.89,35.93000000,0.000000,0.00,0,0.000000,N,N,N,N,0,0,0,0,0,Zignature
,813110,"Zignature Dog Limited Ingredient Turkey - 25lb","Dry Dog Food",Each,"Main Warehouse",1,0,1,,0,888641131105,,95.99,95.99,68.08000000,0.000000,0.00,0,0.000000,N,N,N,N,0,0,0,0,0,Zignature
,813116,"Zignature Dog Zssentials - 4lb",,Each,"Main Warehouse",2,0,2,,0,888641131167,,15.74,7.87,15.11000000,0.000000,0.00,0,0.000000,N,N,N,N,0,0,0,0,0,Zignature
,813117,"Zignature Dog Zssentials - 12.5lb","Dry Dog Food",Each,"Main Warehouse",2,0,2,,0,888641131174,,35.69,20.82,40.63000000,0.000000,0.00,0,0.000000,N,N,N,Y,0,0,0,0,0,Zignature
,813118,"Zignature Dog Zssentials - 25lb",`,Each,"Main Warehouse",3,0,3,,0,888641131181,,103.54,108.99,77.82000000,0.000000,0.00,0,0.000000,N,N,N,Y,0,0,0,0,0,Zignature
,813121,"Zignature Dog Limited Ingredient Lamb Wet Food",,Each,"Main Warehouse",12,0,12,,0,888641131211,,2.45,2.45,3.82000000,0.000000,0.00,0,0.000000,N,N,N,N,0,0,0,0,0,Zignature
,813122,"Zignature Dog Limited Ingredient Turkey Wet Food",,Each,"Main Warehouse",8,0,8,,0,888641131228,,5.49,1.92,3.33000000,0.000000,0.00,0,0.000000,N,N,N,N,0,0,0,0,0,Zignature
,813124,"Zignature Dog Zssential Wet Food",,Each,"Main Warehouse",5,0,5,,0,888641131242,,4.99,4.99,3.24000000,0.000000,0.00,0,0.000000,N,N,N,N,0,0,0,0,0,Zignature
,813130,"Zignature Dog Limited Ingredient Kangaroo - 4lb",,Each,"Main Warehouse",3,0,3,,0,888641131303,,28.49,28.49,17.95000000,0.000000,0.00,0,0.000000,N,N,N,N,0,0,0,0,0,Zignature
,813131,"Zignature Dog Limited Ingredient Kangaroo - 12.5lb","Dry Dog Food",Each,"Main Warehouse",0,0,0,,0,888641131310,,71.24,74.99,51.87000000,0.000000,0.00,0,0.000000,N,N,N,N,0,0,0,0,0,Zignature
,813132,"Zignature Dog Limited Ingredient Kangaroo - 25lb","Dry Dog Food",Each,"Main Warehouse",2,0,2,,0,888641131327,,132.99,139.99,93.35000000,0.000000,0.00,0,0.000000,N,N,N,N,0,0,0,0,0,Zignature
,813134,"Zignature Kangaroo Wet Food","Wet Dog Food",Each,"Main Warehouse",6,0,6,,0,888641131341,,6.99,6.09,4.30000000,0.000000,0.00,0,0.000000,N,N,N,N,0,0,0,0,0,Zignature
,813160,"Zignature Dog Limited Ingredient Pork - 4lb",,Each,"Main Warehouse",2,0,2,,0,888641131600,,11.69,11.69,12.27000000,0.000000,0.00,0,0.000000,N,N,N,N,0,0,0,0,0,Zignature
,813161,"Zignature Dog Limited Ingredient Pork - 12.5lb","Dry Dog Food",Each,"Main Warehouse",3,0,3,,0,888641131617,,30.89,30.89,33.08000000,0.000000,0.00,0,0.000000,N,N,N,N,0,0,0,0,0,Zignature
,813162,"Zignature Dog Limited Ingredient Pork - 25lb",,Each,"Main Warehouse",3,0,3,,0,888641131624,,90.72,92.90,63.22000000,0.000000,0.00,0,0.000000,N,N,N,N,0,0,0,0,0,Zignature
,813164,"Zignature Dog Limited Ingredient Pork Wet Food",,Each,"Main Warehouse",12,0,12,,0,888641131648,,5.49,0.00,3.81000000,0.000000,0.00,0,0.000000,N,N,N,N,0,0,0,0,0,Zignature
,813188,"Zignature Limited Ingredient Small Bites Zssential Formula - Multi-Protein - 12.5lb",Dogs,Each,"Main Warehouse",1,0,1,,0,,,59.49,59.49,0.00000000,0.000000,0.00,0,0.000000,N,N,N,N,0,0,0,0,0,
,813191,"Zignature Limited Ingredient Kangaroo Formula Small Bites Dog Food",,Each,"Main Warehouse",3,0,3,,0,888641131914,,0.00,0.00,77.00000000,0.000000,0.00,0,0.000000,N,N,N,N,0,0,0,0,0,Zignature
,816905,"Royal Canin Breed Health Golden Retriever 30lb","Dry Dog Food",Each,"Main Warehouse",0,0,0,,0,030111169051,,129.99,124.99,83.58000000,0.000000,0.00,0,0.000000,N,N,N,N,0,0,0,0,0,"Royal Canin"
,841673,"Royal Canin Breed Health Labrador 30lb","Dry Dog Food",Each,"Main Warehouse",0,0,0,,0,030111416735,,114.99,124.99,84.60000000,0.000000,0.00,0,0.000000,N,N,N,Y,0,0,0,0,0,"Royal Canin"
,845141,"Royal Canin Yorkshire Terrier Dry Food","Dry Dog Food",Each,"Main Warehouse",1,0,1,,0,030111451415,,86.99,86.99,55.70000000,0.000000,0.00,0,0.000000,N,N,N,N,0,0,0,0,0,"Royal Canin"
,845303,"Royal Canin Medium Weight Care 30lb","Dry Dog Food",Each,"Main Warehouse",4,0,4,,0,030111453037,,139.99,139.99,90.39000000,0.000000,0.00,0,0.000000,N,N,N,N,0,0,0,0,0,"Royal Canin"
,846454,"Royal Canin Large Weight Care 30lb","Dry Dog Food",Each,"Main Warehouse",2,0,2,,0,030111464545,,139.99,139.99,90.39000000,0.000000,0.00,0,0.000000,N,N,N,N,0,0,0,0,0,"Royal Canin"
,846491,"Royal Canin Medium Digestive Care 30lb","Dry Dog Food",Each,"Main Warehouse",1,0,1,,0,030111464910,,139.99,139.99,90.39000000,0.000000,0.00,0,0.000000,N,N,N,N,0,0,0,0,0,"Royal Canin"
,849387,"Royal Canin Dog Medium Puppy - 6lb","Dry Dog Food",Each,"Main Warehouse",1,0,1,,0,030111493873,,42.99,42.99,26.73000000,0.000000,0.00,0,0.000000,N,N,N,N,0,0,0,0,0,"Royal Canin"
,849389,"Royal Canin Dog Medium Puppy - 30lb","Dry Dog Food",Each,"Main Warehouse",0,0,0,,0,030111493897,,127.99,127.99,81.88000000,0.000000,0.00,0,0.000000,N,N,N,N,0,0,0,0,0,"Royal Canin"
,851251,"Size Health Small Adult 14lb","Dry Dog Food",Each,"Main Warehouse",2,0,2,,0,030111512512,,79.99,79.99,51.65000000,0.000000,0.00,0,0.000000,N,N,N,N,0,0,0,0,0,"Royal Canin"
,851392,"Royal Canin Chihuahua Dry Food 2.5lb",,Each,"Main Warehouse",1,0,1,,0,030111513922,,36.99,36.99,22.58000000,0.000000,0.00,0,0.000000,N,N,N,N,0,0,0,0,0,"Royal Canin"
,85173,"Go! Solutions Carnivore Grain-Free Dry Food for Dogs - Lamb & Wild Boar Recipe - 3.5lb","Dry Dog Food",Each,"Main Warehouse",0,0,0,,0,815260005173,,29.99,29.99,21.30000000,0.000000,0.00,0,0.000000,N,N,N,N,0,0,0,0,0,
,851743,"Royal Canin Dog Medium Adult - 30lb","Dry Dog Food",Each,"Main Warehouse",2,1,1,,0,030111517432,,118.99,118.99,77.49000000,0.000000,0.00,0,0.000000,N,N,N,Y,0,0,0,0,0,"Royal Canin"
,851746,"Royal Canin Dog Medium Adult - 6lb","Dry Dog Food",Each,"Main Warehouse",0,0,0,,0,030111517463,,31.44,36.99,21.94000000,0.000000,0.00,0,0.000000,N,N,N,N,0,0,0,0,0,"Royal Canin"
,851797,"Royal Canin Dog Large Adult - 17lb","Dry Dog Food",Each,"Main Warehouse",2,0,2,,0,030111517975,,78.99,78.99,50.20000000,0.000000,0.00,0,0.000000,N,N,N,N,0,0,0,0,0,"Royal Canin"
,85180,"Go! Solutions Carnivore Grain-Free Dry Food for Dogs - Lamb & Wild Boar Recipe - 12lb","Dry Dog Food",Each,"Main Warehouse",4,0,4,,0,815260005180,,77.99,77.99,55.35000000,0.000000,0.00,0,0.000000,N,N,N,N,0,0,0,0,0,
,85197,"Go! Solutions Carnivore Grain-Free Dry Food for Dogs - Lamb & Wild Boar Recipe - 22lb","Dry Dog Food",Each,"Main Warehouse",9,0,9,,0,815260005197,,117.99,117.99,83.75000000,0.000000,0.00,0,0.000000,N,N,N,N,0,0,0,0,0,
,852080,"Royal Canin Adult German Shepherd 30Lb","Dry Dog Food",Each,"Main Warehouse",0,0,0,,0,030111520807,,124.99,124.99,83.58000000,0.000000,0.00,0,0.000000,N,N,N,N,0,0,0,0,0,"Royal Canin"
,85230,"Hill's Science Diet® Sensitive Stomach & Skin Adult Dry Cat Food - Chicken - 3.5lb",Cats,Each,"Main Warehouse",6,0,6,,0,052742852300,,42.99,42.99,0.00000000,0.000000,0.00,0,0.000000,N,N,N,N,0,0,0,0,0,"Hill's Science"
,854257,"Royal Canin Kitten Dry Food - 7lb","Dry Cat Food",Each,"Main Warehouse",0,0,0,,0,030111542571,,67.99,74.99,47.13000000,0.000000,0.00,0,0.000000,N,N,N,N,0,0,0,0,0,"Royal Canin"
,862808,"Royal Canin Cat Indoor Adult  - 7lb","Dry Cat Food",Each,"Main Warehouse",2,0,2,,0,030111628084,,65.99,65.99,42.05000000,0.000000,0.00,0,0.000000,N,N,N,N,0,0,0,0,0,"Royal Canin"
,862816,"Royal Canin Cat Indoor Adult 15lb","Dry Cat Food",Each,"Main Warehouse",3,0,3,,0,030111628169,,104.99,104.99,67.61000000,0.000000,0.00,0,0.000000,N,N,N,N,0,0,0,0,0,"Royal Canin"
,871018,"Royal Canin Kitten Loaf 85g","Wet Cat Food",Each,"Main Warehouse",19,0,19,,0,030111710185,,3.39,3.39,2.24000000,0.000000,0.00,0,0.000000,N,N,N,N,0,0,0,0,0,"Royal Canin"
,871028,"Royal Canin Adult Instinctive Loaf 85g","Wet Cat Food",Each,"Main Warehouse",60,0,60,,0,030111710284,,3.39,3.04,2.24000000,0.000000,0.00,0,0.000000,N,N,N,N,0,0,0,0,0,"Royal Canin"
,872065,"Adult All Dogs 385g","Wet Dog Food",Each,"Main Warehouse",6,0,6,,0,030111720658,,5.29,5.29,3.34000000,0.000000,0.00,0,0.000000,N,N,N,N,0,0,0,0,0,"Royal Canin"
,874211,"Tasty Bone Small Tasty Bone - Beef","Chews + Bones",Each,"Main Warehouse",0,0,0,,0,5060006742118,,16.99,16.99,6.55000000,0.000000,0.00,0,0.000000,N,N,N,N,0,0,0,0,0,"Tasty Bone"
,874212,"Large Tasty Bone - Beef",,Each,"Main Warehouse",0,0,0,,0,5060006742125,,18.99,18.99,10.50000000,0.000000,0.00,0,0.000000,N,N,N,N,0,0,0,0,0,N/A
,874215,"Tasty Bone Small Tasty Bone - Lamb",,Each,"Main Warehouse",0,0,0,,0,5060006742156,,16.99,16.99,6.55000000,0.000000,0.00,0,0.000000,N,N,N,N,0,0,0,0,0,"Tasty Bone"
,874216,"Large Tasty Bone - Lamb",,Each,"Main Warehouse",0,0,0,,0,5060006742163,,18.99,18.99,10.50000000,0.000000,0.00,0,0.000000,N,N,N,N,0,0,0,0,0,N/A
,88390,"Hill's Science Diet Sensitive Stomach & Skin Adult Dry Dog Food - Chicken & Barley - 30lb",Dogs,Each,"Main Warehouse",1,0,1,,0,052742883908,,106.24,124.99,0.00000000,0.000000,0.00,0,0.000000,N,N,N,N,0,0,0,0,0,"Hill's Science"
,88780,"Hill's Science Diet® Sensitive Stomach & Skin Adult Dry Cat Food - Chicken - 3.5lb - 15.5lb","Cat Health &amp; Wellness &amp; hygiene",Each,"Main Warehouse",1,0,1,,0,,,119.99,119.99,0.00000000,0.000000,0.00,0,0.000000,N,N,N,N,0,0,0,0,0,"Hill's Science"
,88840,"Hill's Science Diet® Sensitive Stomach & Skin Adult Dry Cat Food - Chicken - 7lb",Cats,Each,"Main Warehouse",3,0,3,,0,052742888408,,70.29,73.99,0.00000000,0.000000,0.00,0,0.000000,N,N,N,N,0,0,0,0,0,"Hill's Science"
,900002,"Primal Dog Freeze Dried Raw Nuggets - Venison, 14oz","Dog Freeze Dried",Each,"Main Warehouse",0,0,0,,0,,,57.99,57.99,0.00000000,0.000000,0.00,0,0.000000,N,N,N,N,0,0,0,0,0,Primal
,900059,"Primal Dog Freeze Dried Raw Nuggets - Pork, 14oz","Dog Freeze Dried Food",Each,"Main Warehouse",1,0,1,,0,895135000595,,26.39,26.39,30.82000000,0.000000,0.00,0,0.000000,N,N,N,N,0,0,0,0,0,Primal
,900060,"Primal Cat Freeze Dried Raw Nuggets - Venison, 14oz",,Each,"Main Warehouse",3,0,3,,0,895135000601,,64.99,51.99,44.19000000,0.000000,0.00,0,0.000000,N,N,N,N,0,0,0,0,0,Primal
,900080,"Primal Dog Freeze Dried Raw Nuggets - Beef, 14oz","Dog Freeze Dried Food",Each,"Main Warehouse",2,0,2,,0,895135000809,,36.99,36.99,30.82000000,0.000000,0.00,0,0.000000,N,N,N,N,0,0,0,0,0,Primal
,900082,"Primal Dog Freeze Dried Raw Nuggets - Chicken, 14oz","Dog Freeze Dried Food",Each,"Main Warehouse",2,0,2,,0,895135000823,,26.39,26.39,30.82000000,0.000000,0.00,0,0.000000,N,N,N,N,0,0,0,0,0,Primal
,900093,"Primal Cat Freeze Dried Raw Nuggets - Pork, 14oz","Cat Freeze Dried Food",Each,"Main Warehouse",3,0,3,,0,895135000939,,26.39,26.39,30.82000000,0.000000,0.00,0,0.000000,N,N,N,N,0,0,0,0,0,Primal
,900095,"Primal Cat Freeze Beef & Salmon 14oz","Cat Freeze Dried Food",Each,"Main Warehouse",2,0,2,,0,895135000953,,44.99,0.00,30.82000000,0.000000,0.00,0,0.000000,N,N,N,N,0,0,0,0,0,Primal
,900096,"Primal Cat Freeze Dried Raw Nuggets - Chicken + Salmon, 14oz","Cat Freeze Dried",Each,"Main Warehouse",0,0,0,,0,,,43.99,43.99,0.00000000,0.000000,0.00,0,0.000000,N,N,N,N,0,0,0,0,0,Primal
,900098,"Primal Dog Freeze Dried Raw Nuggets - Turkey + Sardine, 14oz","Dog Freeze Dried",Each,"Main Warehouse",0,0,0,,0,,,26.39,43.99,0.00000000,0.000000,0.00,0,0.000000,N,N,N,N,0,0,0,0,0,Primal
,900099,"Primal Dog Freeze Dried Raw Nuggets - Lamb, 14oz","Dog Freeze Dried Food",Each,"Main Warehouse",2,0,2,,0,895135000991,,44.99,0.00,30.82000000,0.000000,0.00,0,0.000000,N,N,N,N,0,0,0,0,0,Primal
,900213,"Fruitables Dog Crunchy Treats Pumpkin & Apple","Dog Treats",Each,"Main Warehouse",4,0,4,,0,895352002136,,8.99,8.99,4.40000000,0.000000,0.00,0,0.000000,N,N,N,N,0,0,0,0,0,Fruitables
,900214,"Fruitables Dog Crunchy Treats Pumpkin & Banana","Dog Treats",Each,"Main Warehouse",4,0,4,,0,895352002143,,8.99,8.99,4.40000000,0.000000,0.00,0,0.000000,N,N,N,N,0,0,0,0,0,Fruitables
,900215,"Fruitables Dog Crunchy Treats Pumpkin & Blueberry","Dog Treats",Each,"Main Warehouse",1,0,1,,0,895352002150,,8.99,8.99,4.40000000,0.000000,0.00,0,0.000000,N,N,N,N,0,0,0,0,0,Fruitables
,900216,"Fruitables Dog Crunchy Treats Pumpkin & Cranberry","Dog Treats",Each,"Main Warehouse",1,0,1,,0,895352002167,,8.99,8.99,4.40000000,0.000000,0.00,0,0.000000,N,N,N,N,0,0,0,0,0,Fruitables
,900259,"Fruitables Dog Skinny Minis Apple Bacon Chewy Treats","Dog Treats",Each,"Main Warehouse",1,0,1,,0,895352002594,,18.49,18.49,9.71000000,0.000000,0.00,0,0.000000,N,N,N,N,0,0,0,0,0,Fruitables
,903580,"NuturVet Hip & Joint Soft Chews for Dog or Cat",,Each,"Main Warehouse",0,0,0,,0,797801035804,,25.99,25.99,16.95000000,0.000000,0.00,0,0.000000,N,N,N,N,0,0,0,0,0,NaturVet
,903648,"Naturvet Cat Cranberry Relief 60ct",,Each,"Main Warehouse",2,0,2,,0,797801036481,,16.99,0.00,10.00000000,0.000000,0.00,0,0.000000,N,N,N,N,0,0,0,0,0,NaturVet
,903671,"NaturVet Bladder Support Soft Chews",,Each,"Main Warehouse",0,0,0,,0,797801036719,,0.26,24.49,18.10000000,0.000000,0.00,0,0.000000,N,N,N,N,0,0,0,0,0,NaturVet
,903687,"Naturvet Dog Daily Breath Aid 60ct",,Each,"Main Warehouse",2,0,2,,0,797801036870,,17.49,0.00,10.70000000,0.000000,0.00,0,0.000000,N,N,N,N,0,0,0,0,0,NaturVet
,903690,"NaturVet Aller-911 Allergy Aid Soft Chews",,Each,"Main Warehouse",0,0,0,,0,797801036900,,0.26,19.59,13.05000000,0.000000,0.00,0,0.000000,N,N,N,N,0,0,0,0,0,NaturVet
,905923,"Naturvet Cat Hemp Joint Health 60ct",,Each,"Main Warehouse",0,0,0,,0,797801059237,,16.99,0.00,10.15000000,0.000000,0.00,0,0.000000,N,N,N,N,0,0,0,0,0,NaturVet
,905971,"Naturvet Cat Hemp Hairball Aid 60ct",,Each,"Main Warehouse",2,0,2,,0,797801059718,,14.99,0.00,7.55000000,0.000000,0.00,0,0.000000,N,N,N,N,0,0,0,0,0,NaturVet
,910085,"Tiki Cat Kitten Soft and Chewy Treats",Kitten,Each,"Main Warehouse",1,0,1,,0,693804990310,,6.99,6.99,4.26000000,0.000000,0.00,0,0.000000,N,N,N,N,0,0,0,0,0,"Tiki Cat"
,910086,"Tiki Cat Treats Soft & Chewy Chicken",,Each,"Main Warehouse",3,0,3,,0,693804100863,,13.49,13.49,3.55000000,0.000000,0.00,0,0.000000,N,N,N,N,0,0,0,0,0,"Tiki Cat"
,910088,"Soft & Chewy GF Tuna Treats",,Each,"Main Warehouse",0,0,0,,0,693804100887,,13.49,0.00,8.55000000,0.000000,0.00,0,0.000000,N,N,N,N,0,0,0,0,0,"Tiki Cat"
,910860,"Tiki Cat Stix Wet Treats Chicken Mousse",,Each,"Main Warehouse",1,0,1,,0,693804108609,,4.49,7.49,4.69000000,0.000000,0.00,0,0.000000,N,N,N,N,0,0,0,0,0,"Tiki Cat"
,910861,"Tiki Cat Stix Wet Treats Tuna Mousse",,Each,"Main Warehouse",22,0,22,,0,693804108616,,7.49,7.49,4.69000000,0.000000,0.00,0,0.000000,N,N,N,N,0,0,0,0,0,"Tiki Cat"
,910909,"Tiki Cat GF Seabass","Wet Cat Food",Each,"Main Warehouse",3,0,3,,0,693804109095,,3.49,3.49,2.28000000,0.000000,0.00,0,0.000000,N,N,N,N,0,0,0,0,0,"Tiki Cat"
,910910,"Tiki Cat Luau Kapi'Olani Tilapia",,Each,"Main Warehouse",29,0,29,,0,693804109101,,3.32,3.49,2.28000000,0.000000,0.00,0,0.000000,N,N,N,N,0,0,0,0,0,"Tiki Cat"
,910980,"Tiki Cat GF Wild Salmon","Wet Cat Food",Each,"Main Warehouse",18,0,18,,0,693804109804,,3.49,3.49,2.28000000,0.000000,0.00,0,0.000000,N,N,N,N,0,0,0,0,0,"Tiki Cat"
,910981,"Tiki Cat  GF Ahi Tuna and Chicken","Wet Cat Food",Each,"Main Warehouse",27,0,27,,0,693804109811,,3.49,3.49,2.28000000,0.000000,0.00,0,0.000000,N,N,N,N,0,0,0,0,0,"Tiki Cat"
,910982,"Tiki Cat Luau GF Koolina Chicken","Wet Cat Food",Each,"Main Warehouse",26,0,26,,0,693804109828,,3.49,3.49,2.28000000,0.000000,0.00,0,0.000000,N,N,N,N,0,0,0,0,0,"Tiki Cat"
,910984,"Tiki Cat Luau Napili Salmon Chicken",,Each,"Main Warehouse",34,0,34,,0,693804109842,,3.49,3.49,2.28000000,0.000000,0.00,0,0.000000,N,N,N,N,0,0,0,0,0,"Tiki Cat"
,910985,"Tiki Cat Luau GF Ahi Tuna and Mackerel","Wet Cat Food",Each,"Main Warehouse",23,0,23,,0,693804109859,,3.49,3.49,2.28000000,0.000000,0.00,0,0.000000,N,N,N,N,0,0,0,0,0,"Tiki Cat"
,910986,"Tiki Cat GF Succulent Chicken","Wet Cat Food",Each,"Main Warehouse",7,0,7,,0,693804109866,,3.49,3.49,2.28000000,0.000000,0.00,0,0.000000,N,N,N,N,0,0,0,0,0,"Tiki Cat"
,911075,"Tiki Cat Baby Variety Pack Kitten Cat Food -- 2.4oz / 12 pack",Kitten,Each,"Main Warehouse",5,0,5,,0,693804110756,,29.99,29.99,21.12000000,0.000000,0.00,0,0.000000,N,N,N,N,0,0,0,0,0,"Tiki Cat"
,911123,"Tiki Cat Stix Variety Pack","Cat Treats",Each,"Main Warehouse",3,0,3,,0,693804111234,,7.49,7.49,4.69000000,0.000000,0.00,0,0.000000,N,N,N,N,0,0,0,0,0,"Tiki Cat"
,911263,"Tiki Cat Crunchers Tuna & Pumpkin",,Each,"Main Warehouse",9,0,9,,0,693804108685,,5.49,5.49,3.69000000,0.000000,0.00,0,0.000000,N,N,N,N,0,0,0,0,0,"Tiki Cat"
,911264,"Tiki Cat Crunchers Chicken & Pumpkin",,Each,"Main Warehouse",23,0,23,,0,693804108678,,5.49,5.49,3.69000000,0.000000,0.00,0,0.000000,N,N,N,N,0,0,0,0,0,"Tiki Cat"
,911332,"Tiki Cat Stix Wet Treats Duck in Gravy",,Each,"Main Warehouse",22,0,22,,0,693804110046,,7.49,7.49,4.69000000,0.000000,0.00,0,0.000000,N,N,N,N,0,0,0,0,0,"Tiki Cat"
,911333,"Tiki Cat Stix Wet Treats Salmon in Gravy",,Each,"Main Warehouse",22,0,22,,0,693804110053,,7.49,7.49,4.69000000,0.000000,0.00,0,0.000000,N,N,N,N,0,0,0,0,0,"Tiki Cat"
,911335,"Tiki Cat Stix Wet Treats Tuna & Scallops",,Each,"Main Warehouse",9,0,9,,0,693804110077,,7.49,7.49,4.69000000,0.000000,0.00,0,0.000000,N,N,N,N,0,0,0,0,0,"Tiki Cat"
,91600,"BetterBone Classic Soft Chew - Large","Chews + Bones",Each,"Main Warehouse",2,0,2,,0,850028916001,,24.99,24.99,0.00000000,0.000000,0.00,0,0.000000,N,N,N,N,0,0,0,0,0,BetterBone
,91601,"BetterBone Classic Soft Chew - Small","Chews + Bones",Each,"Main Warehouse",1,0,1,,0,850028916018,,19.99,19.99,0.00000000,0.000000,0.00,0,0.000000,N,N,N,N,0,0,0,0,0,BetterBone
,91602,"BetterBone Classic Dog Chew Hard - Small","Chews + Bones",Each,"Main Warehouse",2,0,2,,0,850028916025,,23.99,23.99,0.00000000,0.000000,0.00,0,0.000000,N,N,N,N,0,0,0,0,0,BetterBone
,91603,"BetterBone Classic Dog Chew Hard - Large","Chews + Bones",Each,"Main Warehouse",4,0,4,,0,850028916032,,27.99,27.99,14.66000000,0.000000,0.00,0,0.000000,N,N,N,N,0,0,0,0,0,BetterBone
,91656,"BetterBone Classic Medium Chew - Large","Chews + Bones",Each,"Main Warehouse",4,0,4,,0,850028916568,,27.99,27.99,14.66000000,0.000000,0.00,0,0.000000,N,N,N,N,0,0,0,0,0,BetterBone
,91659,"BetterBone Classic Medium Chew - Small","Chews + Bones",Each,"Main Warehouse",4,0,4,,0,850028916599,,19.99,19.99,8.44000000,0.000000,0.00,0,0.000000,N,N,N,N,0,0,0,0,0,BetterBone
,92805,"Adult Oral Care Chicken & Brown Rice Recipe Cat Food 15.5LB","Cat Urinary Care",Each,"Main Warehouse",2,0,2,,0,052742928050,,120.99,120.99,86.50000000,0.000000,0.00,0,0.000000,N,N,N,N,0,0,0,0,0,
,92810,"Hill's Science Diet Oral Care Adult Dry Dog Food - Chicken, Brown Rice & Barley - 4lb",Dogs,Each,"Main Warehouse",1,0,1,,0,,,41.99,41.99,0.00000000,0.000000,0.00,0,0.000000,N,N,N,N,0,0,0,0,0,"Hill's Science"
,92880,"Hill's Science Diet Adult Oral Care Cat Food - Chicken Recipe - 3.5lb",Cats,Each,"Main Warehouse",0,0,0,,0,052742928807,,42.99,42.99,0.00000000,0.000000,0.00,0,0.000000,N,N,N,N,0,0,0,0,0,"Hill's Science"
,931406,"Skouts Urine Destroyer",,Each,"Main Warehouse",0,0,0,,0,850004314067,,18.49,0.00,10.35000000,0.000000,0.00,0,0.000000,N,N,N,N,0,0,0,0,0,"Skout's Honor"
,931412,"Skouts Honor Puppy Probiotic Daily Use Deodorizer",,Each,"Main Warehouse",1,0,1,,0,850004314128,,16.99,16.99,9.20000000,0.000000,0.00,0,0.000000,N,N,N,N,0,0,0,0,0,"Skout's Honor"
,931413,"Skouts Honor Probiotic Shampoo & Conditioner - Honeysuckle","Dog Grooming",Each,"Main Warehouse",1,0,1,,0,850004314135,,25.99,25.99,14.95000000,0.000000,0.00,0,0.000000,N,N,N,N,0,0,0,0,0,"Skout's Honor"
,931415,"Skouts Honor Puppy Probiotic Shampoo+Conditioner",,Each,"Main Warehouse",2,0,2,,0,850004314159,,26.99,26.99,14.95000000,0.000000,0.00,0,0.000000,N,N,N,N,0,0,0,0,0,"Skout's Honor"
,931419,"Skouts Honor Probiotic Shampoo & Conditioner - Dog of the Woods","Dog Grooming",Each,"Main Warehouse",2,0,2,,0,850004314142,,25.99,25.99,14.95000000,0.000000,0.00,0,0.000000,N,N,N,N,0,0,0,0,0,"Skout's Honor"
,931461,"Skout's Honor Prebiotic Pet Balm",,Each,"Main Warehouse",0,0,0,,0,850004314616,,21.99,21.99,12.45000000,0.000000,0.00,0,0.000000,N,N,N,N,0,0,0,0,0,"Skout's Honor"
,94229,"Himalayan YakySNACKS - YakyYUM Chicken Flavour Dog Treats","Chews + Bones",Each,"Main Warehouse",64,0,64,,0,850008942297,,11.99,11.99,0.00000000,0.000000,0.00,0,0.000000,N,N,N,N,0,0,0,0,0,Himalayan
,94233,"Himalayan Churro Soft Dog Chew - Chicken","Chews + Bones",Each,"Main Warehouse",0,0,0,,0,,,9.99,9.99,0.00000000,0.000000,0.00,0,0.000000,N,N,N,N,0,0,0,0,0,Himalayan
,94234,"Himalayan Churro Soft Dog Chew - Peanut Butter Pack","Chews + Bones",Each,"Main Warehouse",0,0,0,,0,850008942341,,11.99,11.99,0.00000000,0.000000,0.00,0,0.000000,N,N,N,N,0,0,0,0,0,Himalayan
,94258,"Primal Dog Kibble in the Raw - Beef, 5.4lb","Dog Freeze Dried",Each,"Main Warehouse",2,0,2,,0,810076942582,,104.99,104.99,0.00000000,0.000000,0.00,0,0.000000,N,N,N,N,0,0,0,0,0,Primal
,942901,"Training Pads - 30",,Each,"Main Warehouse",0,0,0,,0,,,0.00,0.00,0.00000000,0.000000,0.00,0,0.000000,N,N,N,N,0,0,0,0,0,N/A
,942903,"Training Pads - 50",,Each,"Main Warehouse",0,0,0,,0,656402429033,,25.99,25.99,17.45000000,0.000000,0.00,0,0.000000,N,N,N,N,0,0,0,0,0,N/A
,94352,"Primal Canine Freeze-Dried Raw Nuggets - Duck Recipe","Crunchy Treats",Each,"Main Warehouse",2,0,2,,0,,,25.49,25.49,16.31000000,0.000000,0.00,0,0.000000,N,N,N,N,0,0,0,0,0,Primal
,947013,"Tiki Cat Born Carnivore Chicken & Egg non-GMO - 2.8lb",,Each,"Main Warehouse",2,0,2,,0,693804470133,,37.99,0.00,25.19000000,0.000000,0.00,0,0.000000,N,N,N,N,0,0,0,0,0,"Tiki Cat"
,947014,"Tiki Cat Born Carnivore Chicken & Egg non-GMO - 5.6lb","Dry Cat Food",Each,"Main Warehouse",5,0,5,,0,693804470140,,60.49,60.49,40.95000000,0.000000,0.00,0,0.000000,N,N,N,N,0,0,0,0,0,"Tiki Cat"
,947017,"Tiki Cat Born Carnivore Herring & Salmon non-GMO - 2.8lb",,Each,"Main Warehouse",2,0,2,,0,693804470171,,37.99,26.59,25.19000000,0.000000,0.00,0,0.000000,N,N,N,N,0,0,0,0,0,"Tiki Cat"
,947018,"Tiki Cat Born Carnivore Herring & Salmon non-GMO - 5.6lb","Dry Cat Food",Each,"Main Warehouse",0,0,0,,0,693804470188,,60.49,0.00,40.95000000,0.000000,0.00,0,0.000000,N,N,N,N,0,0,0,0,0,"Tiki Cat"
,947021,"Tiki Cat Born Carnivore Chicken & Herring non-GMO - 2.8lb",,Each,"Main Warehouse",1,0,1,,0,693804470218,,37.99,37.99,25.19000000,0.000000,0.00,0,0.000000,N,N,N,N,0,0,0,0,0,"Tiki Cat"
,947022,"Tiki Cat Born Carnivore Chicken & Herring non-GMO - 5.6lb","Dry Cat Food",Each,"Main Warehouse",2,0,2,,0,693804470225,,42.34,42.34,40.95000000,0.000000,0.00,0,0.000000,N,N,N,N,0,0,0,0,0,"Tiki Cat"
,947025,"Tiki Cat Born Carnivore Optimal Weight non-GMO - 2.8lb",,Each,"Main Warehouse",0,0,0,,0,693804470256,,37.99,37.99,25.19000000,0.000000,0.00,0,0.000000,N,N,N,N,0,0,0,0,0,"Tiki Cat"
,947026,"Tiki Cat Born Carnivore Chicken & Egg Kitten non-GMO - 2.8lb",,Each,"Main Warehouse",3,0,3,,0,693804470263,,37.99,0.00,25.19000000,0.000000,0.00,0,0.000000,N,N,N,N,0,0,0,0,0,"Tiki Cat"
,948041,"Tiki Cat Grill Tuna with Prawn Pate","Wet Cat Food",Each,"Main Warehouse",50,0,50,,0,693804480606,,2.79,2.79,1.85000000,0.000000,0.00,0,0.000000,N,N,N,N,0,0,0,0,0,"Tiki Cat"
,948042,"Tiki Cat Grill Sardines in Sardine Broth Pate","Wet Cat Food",Each,"Main Warehouse",30,0,30,,0,693804480613,,2.79,2.79,1.85000000,0.000000,0.00,0,0.000000,N,N,N,N,0,0,0,0,0,"Tiki Cat"
,948043,"Tiki Cat Grill Mackerel & Sardine Pate","Wet Cat Food",Each,"Main Warehouse",10,0,10,,0,693804480620,,2.79,2.38,1.85000000,0.000000,0.00,0,0.000000,N,N,N,N,0,0,0,0,0,"Tiki Cat"
,948044,"Tiki Cat Grill Sardine and Lobster Pate","Wet Cat Food",Each,"Main Warehouse",24,0,24,,0,693804480637,,2.79,2.38,1.85000000,0.000000,0.00,0,0.000000,N,N,N,N,0,0,0,0,0,"Tiki Cat"
,948046,"Tiki Cat Grill Tuna & Crab Pate","Wet Cat Food",Each,"Main Warehouse",15,0,15,,0,693804480651,,2.79,2.365,1.85000000,0.000000,0.00,0,0.000000,N,N,N,N,0,0,0,0,0,"Tiki Cat"
,948085,"Tiki Cat Born Carnivore Indoor Health Chicken & Turkey - 6lb","Dry Cat Food",Each,"Main Warehouse",1,0,1,,0,693804480859,,46.99,32.89,31.51000000,0.000000,0.00,0,0.000000,N,N,N,N,0,0,0,0,0,"Tiki Cat"
,96234,"Red Barn Dog Chew - Bully Wrapped Collagen Stick Large","Chews + Bones",Each,"Main Warehouse",47,0,47,,0,785184262344,,9.99,9.99,0.00000000,0.000000,0.00,0,0.000000,N,N,N,N,0,0,0,0,0,RedBarn
,975516,"Beco Pets Bamboo Bowl Waves - Small 27oz",,Each,"Main Warehouse",2,0,2,,0,5060189755165,,9.99,0.00,4.80000000,0.000000,0.00,0,0.000000,N,N,N,N,0,0,0,0,0,N/A
,975517,"Beco Pets Bamboo Bowl Waves - Large 55oz",,Each,"Main Warehouse",0,0,0,,0,5060189755172,,13.99,13.99,7.30000000,0.000000,0.00,0,0.000000,N,N,N,N,0,0,0,0,0,N/A
,975518,"Beco Pets Bamboo Bowl HoneyBee - Small 27oz",,Each,"Main Warehouse",2,0,2,,0,5060189755189,,9.99,0.00,4.80000000,0.000000,0.00,0,0.000000,N,N,N,N,0,0,0,0,0,N/A
,975519,"Beco Pets Bamboo Bowl HoneyBee - Large 55 oz",,Each,"Main Warehouse",2,0,2,,0,5060189755196,,13.99,0.00,7.30000000,0.000000,0.00,0,0.000000,N,N,N,N,0,0,0,0,0,N/A
,975591,"Beco Poop Bag Dispenser",,Each,"Main Warehouse",0,0,0,,0,5060189755912,,5.99,0.00,2.70000000,0.000000,0.00,0,0.000000,N,N,N,N,0,0,0,0,0,Baxter&Bella
,980580,"Tiki Cat Born Carnivore Chicken & Egg Kitten non-GMO - 5.6lb","Dry Cat Food",Each,"Main Warehouse",4,0,4,,0,693804805805,,42.69,42.69,40.94000000,0.000000,0.00,0,0.000000,N,N,N,N,0,0,0,0,0,"Tiki Cat"
,980581,"Tiki Cat Born Carnivore Silver Senior Health non-GMO",,Each,"Main Warehouse",2,0,2,,0,693804805812,,22.49,26.24,25.19000000,0.000000,0.00,0,0.000000,N,N,N,N,0,0,0,0,0,"Tiki Cat"
,980584,"Tiki Cat Born Carnivore Optimal Weight non-GMO - 5.6lb","Dry Cat Food",Each,"Main Warehouse",0,0,0,,0,693804805843,,60.99,60.99,40.94000000,0.000000,0.00,0,0.000000,N,N,N,N,0,0,0,0,0,"Tiki Cat"
,980586,"Tiki Cat Born Carnivore Indoor Health Chicken & Turkey - 3lb","Dry Cat Food",Each,"Main Warehouse",2,0,2,,0,693804805867,,28.49,28.49,18.90000000,0.000000,0.00,0,0.000000,N,N,N,N,0,0,0,0,0,"Tiki Cat"
,980587,"Tiki Cat Born Carnivore Indoor Health Trout & Menhaden",,Each,"Main Warehouse",1,0,1,,0,693804805874,,20.64,29.49,19.46000000,0.000000,0.00,0,0.000000,N,N,N,N,0,0,0,0,0,"Tiki Cat"
,98946,"Huxley & Kent Plush Kitty Klaw","Cat Accessories",Each,"Main Warehouse",18,0,18,,0,665635989467,,10.99,10.99,0.00000000,0.000000,0.00,0,0.000000,N,N,N,N,0,0,0,0,0,Nutram
,99010,"Oven Baked Tradition - Adult Dog Semi-Moist Dog Food - Chicken - 20lb",Dogs,Each,"Main Warehouse",1,0,1,,0,669066990108,,113.49,113.49,0.00000000,0.000000,0.00,0,0.000000,N,N,N,N,0,0,0,0,0,"Oven Baked"
,99011,"Oven Baked Tradition - Adult Dog Semi-Moist Dog Food - Chicken - 5lb",Dogs,Each,"Main Warehouse",3,0,3,,0,669066990115,,35.14,36.99,27.30000000,0.000000,0.00,0,0.000000,N,N,N,N,0,0,0,0,0,"Oven Baked"
,99030,"Oven Baked Tradition - Adult Dog Semi-Moist Dog Food - Fish - 20lb",Dogs,Each,"Main Warehouse",3,0,3,,0,669066990306,,113.49,113.49,0.00000000,0.000000,0.00,0,0.000000,N,N,N,N,0,0,0,0,0,"Oven Baked"
,99031,"Oven Baked Tradition - Adult Dog Semi-Moist Dog Food - Fish - 5lb",Dogs,Each,"Main Warehouse",8,0,8,,0,669066990313,,36.99,36.99,27.30000000,0.000000,0.00,0,0.000000,N,N,N,N,0,0,0,0,0,"Oven Baked"
,99040,"Oven-Baked Tradition Semi-Moist Food for Adult Cats - Turkey, 3lb",Cats,Each,"Main Warehouse",4,0,4,,0,669066991006,,36.99,36.99,0.00000000,0.000000,0.00,0,0.000000,N,N,N,N,0,0,0,0,0,"Oven Baked"
,99093,"Oven-Baked Tradition Dog Puppy, Lamb - 23 lb",Dogs,Each,"Main Warehouse",2,0,2,,0,669066990931,,104.99,104.99,0.00000000,0.000000,0.00,0,0.000000,N,N,N,N,0,0,0,0,0,"Oven Baked"
,99100,"Oven-Baked Tradition Semi-Moist Food for Adult Cats - Fish, 3lb",Cats,Each,"Main Warehouse",2,0,2,,0,669066991006,,36.99,36.99,0.00000000,0.000000,0.00,0,0.000000,N,N,N,N,0,0,0,0,0,"Oven Baked"
,998877,"Go! Solutions Weight Management + Joint Care Grain-Free Salmon Recipe Adult Cat Food 3lb","Dry Cat Food",Each,"Main Warehouse",8,0,8,,0,,,23.39,25.99,0.00000000,0.000000,0.00,0,0.000000,N,N,N,N,0,0,0,0,0,GO!
,99991,"Lazy - Chip Crinkle Bag For Dog's","Chews + Bones",Each,"Main Warehouse",18,0,18,,0,,,11.99,11.99,0.00000000,0.000000,0.00,0,0.000000,N,N,N,N,0,0,0,0,0,
,99992,"Ruffles - Chip Crinkle Bag For Dog's","Chews + Bones",Each,"Main Warehouse",20,0,20,,0,,,11.99,11.99,0.00000000,0.000000,0.00,0,0.000000,N,N,N,N,0,0,0,0,0,
,99993,"Doritos - Chip Crinkle Bag For Dog's","Chews + Bones",Each,"Main Warehouse",17,0,17,,0,,,11.99,11.99,0.00000000,0.000000,0.00,0,0.000000,N,N,N,N,0,0,0,0,0,
,99997,"Furitos - Chip Crinkle Bag For Dog's","Chews + Bones",Each,"Main Warehouse",21,0,21,,0,,,11.99,11.99,0.00000000,0.000000,0.00,0,0.000000,N,N,N,N,0,0,0,0,0,"Fussie Cat"
,"Original"",Cat Treats,Each,Main Warehouse",,,Each,"Main Warehouse",0,0,0,,0,,,0.00,0.00,0.00000000,0.000000,0.00,0,0.000000,N,N,N,N,0,0,0,0,0,
