Receipt,SKU,Category,Description,Quantity,UOM,"Unit Cost Total","Quantity (Base UOM)","Lot Number","Expiration Date","PKG #","Item #","Pallet #","Unit Cost","Sales Price",Weight,Brand,Client,"Received Date",Warehouse,"PO# / Receipt#",Name
39828,700060,"Wet Cat Food","Weruva Pumpkin Patch Up Pureed Pumpkin 1.05oz",42,,0.00,42,,"0000-00-00 00:00:00",,,,0,1.290000,0.000000,Weruva,,"12/01/2025 11:56:13 am","Main Warehouse",,"WooCommerce Import"
39828,124111,"Wet Dog Food","Weruva Pumpkin Patch Up Ginger & Tumeric 1.05oz",7,,0.00,7,,"0000-00-00 00:00:00",,,,0,1.290000,0.000000,Weruva,,"12/01/2025 11:56:13 am","Main Warehouse",,"WooCommerce Import"
39828,124117,"Wet Dog Food","Weruva Pumpkin Patch Up Coconut Oil & Flaxseed 1.05oz",4,,0.00,4,,"0000-00-00 00:00:00",,,,0,1.290000,0.000000,Weruva,,"12/01/2025 11:56:13 am","Main Warehouse",,"WooCommerce Import"
39829,594232,,"Himalayan Churro Cheese",20,Each,105.40,20,,"0000-00-00 00:00:00",,,,5.27,9.990000,0.000000,Himalayan,,"12/01/2025 12:19:20 pm","Main Warehouse",,"Default Supplier"
39829,700060,"Wet Cat Food","Weruva Pumpkin Patch Up Pureed Pumpkin 1.05oz",36,Each,0.00,36,,"0000-00-00 00:00:00",,,,0,1.290000,0.000000,Weruva,,"12/01/2025 12:19:20 pm","Main Warehouse",,"Default Supplier"
39829,124111,"Wet Dog Food","Weruva Pumpkin Patch Up Ginger & Tumeric 1.05oz",36,Each,0.00,36,,"0000-00-00 00:00:00",,,,0,1.290000,0.000000,Weruva,,"12/01/2025 12:19:20 pm","Main Warehouse",,"Default Supplier"
39829,124117,"Wet Dog Food","Weruva Pumpkin Patch Up Coconut Oil & Flaxseed 1.05oz",132,Each,0.00,132,,"0000-00-00 00:00:00",,,,0,1.290000,0.000000,Weruva,,"12/01/2025 12:19:20 pm","Main Warehouse",,"Default Supplier"
39830,99993,"Chews + Bones","Doritos - Chip Crinkle Bag For Dog's",1,,0.00,1,,"0000-00-00 00:00:00",,,,0,11.990000,0.000000,,,"12/01/2025 12:48:27 pm","Main Warehouse",,"WooCommerce Import"
39830,99992,"Chews + Bones","Ruffles - Chip Crinkle Bag For Dog's",1,,0.00,1,,"0000-00-00 00:00:00",,,,0,11.990000,0.000000,,,"12/01/2025 12:48:27 pm","Main Warehouse",,"WooCommerce Import"
39830,99991,"Chews + Bones","Lazy - Chip Crinkle Bag For Dog's",1,,0.00,1,,"0000-00-00 00:00:00",,,,0,11.990000,0.000000,,,"12/01/2025 12:48:27 pm","Main Warehouse",,"WooCommerce Import"
39830,99997,"Chews + Bones","Furitos - Chip Crinkle Bag For Dog's",1,,0.00,1,,"0000-00-00 00:00:00",,,,0,11.990000,0.000000,"Fussie Cat",,"12/01/2025 12:48:27 pm","Main Warehouse",,"WooCommerce Import"
39831,99993,"Chews + Bones","Doritos - Chip Crinkle Bag For Dog's",20,Each,0.00,20,,"0000-00-00 00:00:00",,,,0,11.990000,0.000000,,,"12/01/2025 12:54:40 pm","Main Warehouse",,"Default Supplier"
39831,99992,"Chews + Bones","Ruffles - Chip Crinkle Bag For Dog's",20,Each,0.00,20,,"0000-00-00 00:00:00",,,,0,11.990000,0.000000,,,"12/01/2025 12:54:40 pm","Main Warehouse",,"Default Supplier"
39831,99991,"Chews + Bones","Lazy - Chip Crinkle Bag For Dog's",20,Each,0.00,20,,"0000-00-00 00:00:00",,,,0,11.990000,0.000000,,,"12/01/2025 12:54:40 pm","Main Warehouse",,"Default Supplier"
39831,99997,"Chews + Bones","Furitos - Chip Crinkle Bag For Dog's",20,Each,0.00,20,,"0000-00-00 00:00:00",,,,0,11.990000,0.000000,"Fussie Cat",,"12/01/2025 12:54:40 pm","Main Warehouse",,"Default Supplier"
39835,29039,Cats,"Nulo Finely Minced Wet Cat Food - Chicken, Crab & Prawn, Whole Protein, 6 Oz",16,Each,51.04,16,,"0000-00-00 00:00:00",,,,3.19,4.690000,0.000000,Nulo,,"12/01/2025 1:46:31 pm","Main Warehouse",,"Default Supplier"
39835,29040,Adult,"Nulo Finely Minced Chicken & Quail Egg Cat & Kitten Wet Food, Grain Free, 2.8 Oz",12,Each,0.00,12,,"0000-00-00 00:00:00",,,,0,2.690000,0.000000,Nulo,,"12/01/2025 1:46:31 pm","Main Warehouse",,"Default Supplier"
39836,45722,Cats,"Canadian Naturals Cat Food - Chicken & Brown Rice - 15lbs",2,Each,0.00,2,,"0000-00-00 00:00:00",,,,0,42.990000,0.000000,"Canadian Naturals",,"12/01/2025 2:01:09 pm","Main Warehouse",,"Default Supplier"
39836,45721,Cats,"Canadian Naturals Cat Food - Chicken & Brown Rice - 6.5lbs",1,Each,0.00,1,,"0000-00-00 00:00:00",,,,0,22.540000,0.000000,"Canadian Naturals",,"12/01/2025 2:01:09 pm","Main Warehouse",,"Default Supplier"
39836,45720,Cats,"Canadian Naturals Cat Food - Chicken & Brown Rice - 3lbs",2,Each,0.00,2,,"0000-00-00 00:00:00",,,,0,13.990000,0.000000,"Canadian Naturals",,"12/01/2025 2:01:09 pm","Main Warehouse",,"Default Supplier"
39836,45725,Cats,"Canadian Naturals Cat Food - Turkey & Salmon - 15lbs",2,Each,0.00,2,,"0000-00-00 00:00:00",,,,0,55.990000,0.000000,"Canadian Naturals",,"12/01/2025 2:01:09 pm","Main Warehouse",,"Default Supplier"
39836,45724,Cats,"Canadian Naturals Cat Food - Turkey & Salmon - 6.5lbs",1,Each,0.00,1,,"0000-00-00 00:00:00",,,,0,27.990000,0.000000,"Canadian Naturals",,"12/01/2025 2:01:09 pm","Main Warehouse",,"Default Supplier"
39836,45723,Cats,"Canadian Naturals Cat Food - Turkey & Salmon - 3lbs",2,Each,0.00,2,,"0000-00-00 00:00:00",,,,0,17.990000,0.000000,"Canadian Naturals",,"12/01/2025 2:01:09 pm","Main Warehouse",,"Default Supplier"
39848,676767,,"Pongo's Fully Loaded Dog Christmas Stocking - Standard",40,Each,0.00,40,,"0000-00-00 00:00:00",,,,0,54.990000,0.000000,,,"12/03/2025 12:00:17 pm","Main Warehouse",,"Default Supplier"
39848,696969,,"Pongo's Fully Loaded Dog Christmas Stocking - Deluxe",40,Each,0.00,40,,"0000-00-00 00:00:00",,,,0,84.990000,0.000000,,,"12/03/2025 12:00:17 pm","Main Warehouse",,"Default Supplier"
39848,131313,Cats,"Pongo's Fully Loaded Cat Christmas Stocking - Deluxe",40,Each,0.00,40,,"0000-00-00 00:00:00",,,,0,140.000000,0.000000,,,"12/03/2025 12:00:17 pm","Main Warehouse",,"Default Supplier"
39850,711521,,"Fromm Dog Gold Adult - 13.61kg",2,Each,115.30,2,,"0000-00-00 00:00:00",,,,57.65,77.850000,0.000000,Fromm,,"12/03/2025 12:39:26 pm","Main Warehouse",,"Default Supplier"
39850,813118,`,"Zignature Dog Zssentials - 25lb",2,Each,155.64,2,,"0000-00-00 00:00:00",,,,77.82,108.990000,0.000000,Zignature,,"12/03/2025 12:39:26 pm","Main Warehouse",,"Default Supplier"
39850,813132,"Dry Dog Food","Zignature Dog Limited Ingredient Kangaroo - 25lb",1,Each,93.35,1,,"0000-00-00 00:00:00",,,,93.35,139.990000,0.000000,Zignature,,"12/03/2025 12:39:26 pm","Main Warehouse",,"Default Supplier"
39850,456017,"Dry Dog Food","ACANA Classics Prairie Poultry Recipe - 14.5kg",2,Each,134.76,2,,"0000-00-00 00:00:00",,,,67.38,85.490000,0.000000,Acana,,"12/03/2025 12:39:26 pm","Main Warehouse",,"Default Supplier"
39850,451211,"Dry Dog Food","ACANA Dog Light + Fit Recipe - 11.4kg",4,Each,271.72,4,,"0000-00-00 00:00:00",,,,67.93,79.890000,0.000000,Acana,,"12/03/2025 12:39:26 pm","Main Warehouse",,"Default Supplier"
39850,456217,"Dry Dog Food","ACANA Classics Red Meat Recipe - 14.5kg",2,Each,150.52,2,,"0000-00-00 00:00:00",,,,75.26,94.990000,0.000000,Acana,,"12/03/2025 12:39:26 pm","Main Warehouse",,"Default Supplier"
39850,452511,"Dry Dog Food","ACANA Dog Adult Recipe - 11.4kg",2,Each,115.84,2,,"0000-00-00 00:00:00",,,,57.92,76.490000,0.000000,Acana,,"12/03/2025 12:39:26 pm","Main Warehouse",,"Default Supplier"
39850,418212,"Dry Dog Food","ORIJEN Original Dog - 11.4kg",1,Each,78.65,1,,"0000-00-00 00:00:00",,,,78.65,109.990000,0.000000,Orijen,,"12/03/2025 12:39:26 pm","Main Warehouse",,"Default Supplier"
39850,100420,,"Nutram 3.0 Sound Dog S49 Adult Salmon - 11.4kg",9,Each,514.62,9,,"0000-00-00 00:00:00",,,,57.18,83.990000,0.000000,Nutram,,"12/03/2025 12:39:26 pm","Main Warehouse",,"Default Supplier"
39850,471451,"Dry Cat Food","ACANA Indoor Entrée Cat - 4.5kg",2,Each,75.54,2,,"0000-00-00 00:00:00",,,,37.77,52.240000,0.000000,Acana,,"12/03/2025 12:39:26 pm","Main Warehouse",,"Default Supplier"
39850,841673,"Dry Dog Food","Royal Canin Breed Health Labrador 30lb",1,Each,84.60,1,,"0000-00-00 00:00:00",,,,84.6,124.990000,0.000000,"Royal Canin",,"12/03/2025 12:39:26 pm","Main Warehouse",,"Default Supplier"
39850,816905,"Dry Dog Food","Royal Canin Breed Health Golden Retriever 30lb",1,Each,83.58,1,,"0000-00-00 00:00:00",,,,83.58,124.990000,0.000000,"Royal Canin",,"12/03/2025 12:39:26 pm","Main Warehouse",,"Default Supplier"
39850,418460,"Dry Dog Food","ORIJEN Regional Red Dog - 6kg",1,Each,49.32,1,,"0000-00-00 00:00:00",,,,49.32,79.990000,0.000000,Orijen,,"12/03/2025 12:39:26 pm","Main Warehouse",,"Default Supplier"
39850,428254,"Dry Cat Food","ORIJEN Regional Red Cat - 5.4kg",2,Each,123.26,2,,"0000-00-00 00:00:00",,,,61.63,84.990000,0.000000,Orijen,,"12/03/2025 12:39:26 pm","Main Warehouse",,"Default Supplier"
39850,610246,"Dry Dog Food","Nutram 3.0 Ideal Dog I20 Skin Coat & Stomach - 11.4kg",1,Each,61.15,1,,"0000-00-00 00:00:00",,,,61.15,77.340000,0.000000,Nutram,,"12/03/2025 12:39:26 pm","Main Warehouse",,"Default Supplier"
39853,364614,"Dry Cat Food","Royal Canin Feline Dental Care - 14lb",2,Each,151.56,2,,"0000-00-00 00:00:00",,,,75.78,117.990000,0.000000,"Royal Canin",,"12/03/2025 2:08:12 pm","Main Warehouse",,"Default Supplier"
39853,471412,"Dry Dog Food","ACANA Singles Lamb & Apple Recipe - 5.4kg",2,Each,102.72,2,,"0000-00-00 00:00:00",,,,51.36,74.990000,0.000000,Acana,,"12/03/2025 2:08:12 pm","Main Warehouse",,"Default Supplier"
39853,200510,"CAT FOOD DRY","Natural Balance Cat Reserve Duck & Green Pea Dry Food",2,Each,78.50,2,,"0000-00-00 00:00:00",,,,39.25,52.240000,0.000000,"Natural Balance",,"12/03/2025 2:08:12 pm","Main Warehouse",,"Default Supplier"
39853,200232,"CAT FOOD DRY","Natural Balance Cat Salmon & Green Pea Dry Food",2,Each,73.04,2,,"0000-00-00 00:00:00",,,,36.52,50.990000,0.000000,"Natural Balance",,"12/03/2025 2:08:12 pm","Main Warehouse",,"Default Supplier"
39853,711703,"CAT FOOD DRY","Fromm Cat Four-Star GF Game Bird - 4.5kg",1,Each,42.87,1,,"0000-00-00 00:00:00",,,,42.87,60.950000,0.000000,Fromm,,"12/03/2025 2:08:12 pm","Main Warehouse",,"Default Supplier"
39853,610278,"Dry Cat Food","Nutram 3.0 Ideal Cat I19 Skin Coat & Stomach - 5.4kg",1,Each,44.18,1,,"0000-00-00 00:00:00",,,,44.18,58.640000,0.000000,Nutram,,"12/03/2025 2:08:12 pm","Main Warehouse",,"Default Supplier"
39854,454021,"Dry Dog Food","ACANA Highest Protein Wild Prairie - 2kg",2,Each,39.50,2,,"0000-00-00 00:00:00",,,,19.75,33.990000,0.000000,Acana,,"12/03/2025 2:36:53 pm","Main Warehouse",,"Default Supplier"
39854,471450,"Dry Cat Food","ACANA Indoor Entrée Cat - 1.8kg",2,Each,35.90,2,,"0000-00-00 00:00:00",,,,17.95,25.990000,0.000000,Acana,,"12/03/2025 2:36:53 pm","Main Warehouse",,"Default Supplier"
39854,451220,"Dry Dog Food","ACANA Dog Light + Fit Recipe - 2kg",2,Each,35.90,2,,"0000-00-00 00:00:00",,,,17.95,29.990000,0.000000,Acana,,"12/03/2025 2:36:53 pm","Main Warehouse",,"Default Supplier"
39854,472397,"Dry Cat Food","Acana Cat Highest Protein Indoor Dry Food 1.8kg",2,Each,41.90,2,,"0000-00-00 00:00:00",,,,20.95,34.990000,0.000000,Acana,,"12/03/2025 2:36:53 pm","Main Warehouse",,"Default Supplier"
39854,452320,"Dry Dog Food","ACANA Dog Adult Small Breed Recipe - 2kg",3,Each,53.85,3,,"0000-00-00 00:00:00",,,,17.95,29.990000,0.000000,Acana,,"12/03/2025 2:36:53 pm","Main Warehouse",,"Default Supplier"
39854,471547,"Dry Dog Food","Acana Healthy Grains Red Meat Recipe - 1.8kg",2,Each,35.90,2,,"0000-00-00 00:00:00",,,,17.95,26.990000,0.000000,Acana,,"12/03/2025 2:36:53 pm","Main Warehouse",,"Default Supplier"
39854,100290,"Dry Cat Food","Nutram 3.0 Ideal Cat I19 Skin Coat & Stomach - 2kg",3,Each,54.21,3,,"0000-00-00 00:00:00",,,,18.07,26.990000,0.000000,Nutram,,"12/03/2025 2:36:53 pm","Main Warehouse",,"Default Supplier"
39854,472400,"Dry Cat Food","Orijen Cat Guardian 8 Senior Dry Food 1.8kg",3,Each,80.85,3,,"0000-00-00 00:00:00",,,,26.95,39.990000,0.000000,Orijen,,"12/03/2025 2:36:53 pm","Main Warehouse",,"Default Supplier"
39854,194154,"Dog Freeze Dried Food","Primal Dog Freeze Dried Chicken Pronto 25oz",1,Each,50.98,1,,"0000-00-00 00:00:00",,,,50.98,44.990000,0.000000,Primal,,"12/03/2025 2:36:53 pm","Main Warehouse",,"Default Supplier"
39854,194091,,"Primal Freeze Dried Topper Beef for Dogs & Cats",1,Each,8.09,1,,"0000-00-00 00:00:00",,,,8.09,11.000000,0.000000,Primal,,"12/03/2025 2:36:53 pm","Main Warehouse",,"Default Supplier"
39854,100098,"Dog Freeze Dried","Primal Canine Freeze-Dried Nuggets - Turkey & Sardine Formula",1,Each,0.00,1,,"0000-00-00 00:00:00",,,,0,48.990000,0.000000,Primal,,"12/03/2025 2:36:53 pm","Main Warehouse",,"Default Supplier"
39854,194092,,"Primal Freeze Dried Topper Chicken for Dogs & Cats",1,Each,8.09,1,,"0000-00-00 00:00:00",,,,8.09,6.600000,0.000000,Primal,,"12/03/2025 2:36:53 pm","Main Warehouse",,"Default Supplier"
39854,194147,"Dog Freeze Dried Food","Primal Freeze Dried Beef Pronto",1,Each,33.98,1,,"0000-00-00 00:00:00",,,,33.98,49.980000,0.000000,Primal,,"12/03/2025 2:36:53 pm","Main Warehouse",,"Default Supplier"
39854,194095,,"Primal Freeze Dried Topper Fish for Dogs & Cats",1,Each,8.09,1,,"0000-00-00 00:00:00",,,,8.09,8.250000,0.000000,Primal,,"12/03/2025 2:36:53 pm","Main Warehouse",,"Default Supplier"
39854,712410,,"Fromm Cat PurrSnacKitty Salmon",1,Each,3.04,1,,"0000-00-00 00:00:00",,,,3.04,4.660000,0.000000,Fromm,,"12/03/2025 2:36:53 pm","Main Warehouse",,"Default Supplier"
39854,712400,,"Fromm Cat PurrSnacKitty Chicken",1,Each,3.04,1,,"0000-00-00 00:00:00",,,,3.04,5.490000,0.000000,Fromm,,"12/03/2025 2:36:53 pm","Main Warehouse",,"Default Supplier"
39854,621017,,"Oven-Baked Tradition Dog Treats Bacon + Apple",1,Each,5.49,1,,"0000-00-00 00:00:00",,,,5.49,8.990000,0.000000,Oven-Baked,,"12/03/2025 2:36:53 pm","Main Warehouse",,"Default Supplier"
39854,624012,,"Oven-Baked Tradition Dog Treats Dental",1,Each,2.64,1,,"0000-00-00 00:00:00",,,,2.64,5.490000,0.000000,Oven-Baked,,"12/03/2025 2:36:53 pm","Main Warehouse",,"Default Supplier"
39855,711700,,"Fromm Cat Four-Star GF Game Bird - 1.8kg",2,Each,46.36,2,,"0000-00-00 00:00:00",,,,23.18,19.770000,0.000000,Fromm,,"12/03/2025 2:47:38 pm","Main Warehouse",,"Default Supplier"
39855,201426,"Wet Dog Food","Dog Beef & Brown Rice Wet Food",12,Each,42.36,12,,"0000-00-00 00:00:00",,,,3.53,5.490000,0.000000,"Natural Balance",,"12/03/2025 2:47:38 pm","Main Warehouse",,"Default Supplier"
39855,700356,,"BFF OMG Gravy Variety Pack 12 Pouches",2,Each,31.78,2,,"0000-00-00 00:00:00",,,,15.89,16.680000,0.000000,Weruva,,"12/03/2025 2:47:38 pm","Main Warehouse",,"Default Supplier"
39855,700821,"Wet Cat Food","Weruva Cats in the Kitchen Pumpkin Lickin Chicken",24,Each,39.84,24,,"0000-00-00 00:00:00",,,,1.66,2.690000,0.000000,Weruva,,"12/03/2025 2:47:38 pm","Main Warehouse",,"Default Supplier"
39855,710527,,"Fromm Dog Classics Adult - 2.25kg",1,Each,14.41,1,,"0000-00-00 00:00:00",,,,14.41,20.490000,0.000000,Fromm,,"12/03/2025 2:47:38 pm","Main Warehouse",,"Default Supplier"
39856,671957,"Wet Cat Food","Acana Cat Salmon in Bone Broth Wet Food - 3oz",24,Each,35.76,24,,"0000-00-00 00:00:00",,,,1.49,1.870000,0.000000,Acana,,"12/03/2025 2:49:26 pm","Main Warehouse",,"Default Supplier"
39866,347254,"Dry Dog Food","GO! Dog Skin & Coat Duck Recipe - 12lb",4,Each,167.60,4,,"0000-00-00 00:00:00",,,,41.9,58.990000,0.000000,GO!,,"12/04/2025 3:14:54 pm","Main Warehouse",,"Default Supplier"
39866,377785,"Dry Dog Food","GO! Dog Skin & Coat Lamb Recipe - 12lb",4,Each,170.40,4,,"0000-00-00 00:00:00",,,,42.6,59.990000,0.000000,GO!,,"12/04/2025 3:14:54 pm","Main Warehouse",,"Default Supplier"
39866,347376,"Dry Cat Food","GO! Cat Skin & Coat Chicken Recipe - 8lb",4,Each,139.16,4,,"0000-00-00 00:00:00",,,,34.79,48.990000,0.000000,GO,,"12/04/2025 3:14:54 pm","Main Warehouse",,"Default Supplier"
39866,347534,"Dry Cat Food","GO! Cat Hairball Control + Urinary Care Chicken Recipe - 12lb",4,Each,224.40,4,,"0000-00-00 00:00:00",,,,56.1,75.040000,0.000000,GO,,"12/04/2025 3:14:54 pm","Main Warehouse",,"Default Supplier"
39866,344333,"Dry Dog Food","GO! Dog Sensitivities Grain Free Salmon - 22lb",10,Each,745.50,10,,"0000-00-00 00:00:00",,,,74.55,94.990000,0.000000,GO!,,"12/04/2025 3:14:54 pm","Main Warehouse",,"Default Supplier"
39866,342642,"Dry Dog Food","GO! Dog Skin & Coat Lamb Recipe - 22lb",10,Each,688.50,10,,"0000-00-00 00:00:00",,,,68.85,95.990000,0.000000,GO!,,"12/04/2025 3:14:54 pm","Main Warehouse",,"Default Supplier"
39866,344329,"Dry Dog Food","GO! Dog Sensitivities Grain Free Duck - 22lb",2,Each,160.40,2,,"0000-00-00 00:00:00",,,,80.2,107.990000,0.000000,GO!,,"12/04/2025 3:14:54 pm","Main Warehouse",,"Default Supplier"
39866,342643,"Dry Dog Food","GO! Dog Skin & Coat Duck Recipe - 22lb",4,Each,275.40,4,,"0000-00-00 00:00:00",,,,68.85,80.740000,0.000000,GO!,,"12/04/2025 3:14:54 pm","Main Warehouse",,"Default Supplier"
39866,340085,"Dry Dog Food","Go! Dog Weight Management & Joint Care Salmon - 22lb",4,Each,284.00,4,,"0000-00-00 00:00:00",,,,71,99.990000,0.000000,GO!,,"12/04/2025 3:14:54 pm","Main Warehouse",,"Default Supplier"
39902,80743,"Cat Nip","Meowijuana Garden Pawty Catnip",8,Each,0.00,8,,"0000-00-00 00:00:00",,,,0,14.990000,0.000000,,,"12/10/2025 2:20:41 pm","Main Warehouse",,"Default Supplier"
39905,100178,Dogs,"Oven-Baked Tradition Dog Fish 25 lb",1,Each,0.00,1,,"2025-12-25 07:00:00",,,,0,90.990000,0.000000,"Oven Baked",,"12/11/2025 10:10:00 am","Main Warehouse",,"Default Supplier"
39906,100126,"Cat Freeze Dried","Stella & Chewy's Tummy Ticklin' Turkey Dinner Morsels for Cats",1,Each,0.00,1,,"2025-12-18 07:00:00",,,,0,65.990000,0.000000,Stella&Chewy,,"12/11/2025 10:12:41 am","Main Warehouse",,"Default Supplier"
39907,100126,"Cat Freeze Dried","Stella & Chewy's Tummy Ticklin' Turkey Dinner Morsels for Cats",1,Each,0.00,1,,"2025-12-14 07:00:00",,,,0,65.990000,0.000000,Stella&Chewy,,"12/11/2025 10:16:19 am","Main Warehouse",,"Default Supplier"
39927,13349,"Cat Food Toppers","Fussie Cat Goat Milk Gravy Wet Food - Tuna with Salmon",23,Each,50.37,23,,"2028-08-31 06:00:00",,,,2.19,3.190000,0.000000,"Fussie Cat",,"12/15/2025 12:49:05 pm","Main Warehouse",,"Default Supplier"
39927,35155,"Cat Food Toppers","Fussie Cat Goat Milk Gravy Wet Food - Chicken with Duck",23,Each,50.37,23,,"2028-08-31 06:00:00",,,,2.19,3.190000,0.000000,"Fussie Cat",,"12/15/2025 12:49:05 pm","Main Warehouse",,"Default Supplier"
39927,13356,"Cat Food Toppers","Fussie Cat Goat Milk Gravy Wet Food - Tuna with Ocean Fish",23,Each,50.37,23,,"2028-08-31 06:00:00",,,,2.19,3.190000,0.000000,"Fussie Cat",,"12/15/2025 12:49:05 pm","Main Warehouse",,"Default Supplier"
39927,35157,"Cat Food Toppers","Fussie Cat Goat Milk Gravy Wet Food - Chicken with Beef",23,Each,50.37,23,,"2028-08-31 06:00:00",,,,2.19,3.190000,0.000000,"Fussie Cat",,"12/15/2025 12:49:05 pm","Main Warehouse",,"Default Supplier"
39927,13352,"Cat Food Toppers","Fussie Cat Goat Milk Gravy Wet Food - Tuna with Small Anchovies",23,Each,50.37,23,,"2028-08-31 06:00:00",,,,2.19,3.190000,0.000000,"Fussie Cat",,"12/15/2025 12:49:05 pm","Main Warehouse",,"Default Supplier"
39927,35153,"Cat Food Toppers","Fussie Cat Goat Milk Gravy Wet Food - Chicken",23,Each,50.37,23,,"2028-08-31 06:00:00",,,,2.19,3.190000,0.000000,"Fussie Cat",,"12/15/2025 12:49:05 pm","Main Warehouse",,"Default Supplier"
39928,42169,"Dog Toys","Cigar Shaped Squeaky Durable Chew Toy – Fun, Tough & Safe for All Dogs - Small",5,Each,0.00,5,,"0000-00-00 00:00:00",,,,0,9.990000,0.000000,Cigar,,"12/15/2025 1:02:40 pm","Main Warehouse",,"Default Supplier"
39928,42269,"Dog Toys","Cigar Shaped Squeaky Durable Chew Toy – Fun, Tough & Safe for All Dogs - Large",5,Each,0.00,5,,"0000-00-00 00:00:00",,,,0,13.990000,0.000000,Cigar,,"12/15/2025 1:02:40 pm","Main Warehouse",,"Default Supplier"
39993,53004,"Cat Nip","Kong For Cats - Artz Dali / van Gogh 2 Pack",1,,0.00,1,,"0000-00-00 00:00:00",,,,0,8.990000,0.000000,Kong,,"12/23/2025 1:52:28 pm","Main Warehouse",,"WooCommerce Import"
39994,100430,"Dog Treats","Himalayan YakyCharms Cheese Microwavable Popcorn for Dogs!",1,,0.00,1,,"0000-00-00 00:00:00",,,,0,5.490000,0.000000,Himalayan,,"12/23/2025 2:10:22 pm","Main Warehouse",,"WooCommerce Import"
39994,37824,"Chews + Bones","Himalayan Yogurt Sticks Peanut Butter",1,,0.00,1,,"0000-00-00 00:00:00",,,,0,10.990000,0.000000,Himalayan,,"12/23/2025 2:10:22 pm","Main Warehouse",,"WooCommerce Import"
39994,37823,"Chews + Bones","Himalayan Yogurt Sticks Bacon",1,,0.00,1,,"0000-00-00 00:00:00",,,,0,10.990000,0.000000,Himalayan,,"12/23/2025 2:10:22 pm","Main Warehouse",,"WooCommerce Import"
39995,94234,"Chews + Bones","Himalayan Churro Soft Dog Chew - Peanut Butter Pack",1,,0.00,1,,"0000-00-00 00:00:00",,,,0,11.990000,0.000000,Himalayan,,"12/23/2025 2:21:21 pm","Main Warehouse",,"WooCommerce Import"
39995,91603,"Chews + Bones","BetterBone Classic Dog Chew Hard - Large",2,,0.00,2,,"0000-00-00 00:00:00",,,,0,27.990000,0.000000,BetterBone,,"12/23/2025 2:21:21 pm","Main Warehouse",,"WooCommerce Import"
39995,91656,"Chews + Bones","BetterBone Classic Medium Chew - Large",2,,0.00,2,,"0000-00-00 00:00:00",,,,0,27.990000,0.000000,BetterBone,,"12/23/2025 2:21:21 pm","Main Warehouse",,"WooCommerce Import"
39995,91659,"Chews + Bones","BetterBone Classic Medium Chew - Small",2,,0.00,2,,"0000-00-00 00:00:00",,,,0,19.990000,0.000000,BetterBone,,"12/23/2025 2:21:21 pm","Main Warehouse",,"WooCommerce Import"
39995,91600,"Chews + Bones","BetterBone Classic Soft Chew - Large",2,,0.00,2,,"0000-00-00 00:00:00",,,,0,24.990000,0.000000,BetterBone,,"12/23/2025 2:21:21 pm","Main Warehouse",,"WooCommerce Import"
39995,91601,"Chews + Bones","BetterBone Classic Soft Chew - Small",2,,0.00,2,,"0000-00-00 00:00:00",,,,0,19.990000,0.000000,BetterBone,,"12/23/2025 2:21:21 pm","Main Warehouse",,"WooCommerce Import"
39995,37822,"Chews + Bones","Himalayan Yogurt Sticks Plain",1,,0.00,1,,"0000-00-00 00:00:00",,,,0,10.990000,0.000000,Himalayan,,"12/23/2025 2:21:21 pm","Main Warehouse",,"WooCommerce Import"
39996,91659,"Chews + Bones","BetterBone Classic Medium Chew - Small",2,Each,0.00,2,,"0000-00-00 00:00:00",,,,0,19.990000,0.000000,BetterBone,,"12/23/2025 2:29:06 pm","Main Warehouse",,"Default Supplier"
39996,91656,"Chews + Bones","BetterBone Classic Medium Chew - Large",2,Each,0.00,2,,"0000-00-00 00:00:00",,,,0,27.990000,0.000000,BetterBone,,"12/23/2025 2:29:06 pm","Main Warehouse",,"Default Supplier"
39996,91600,"Chews + Bones","BetterBone Classic Soft Chew - Large",2,Each,0.00,2,,"0000-00-00 00:00:00",,,,0,24.990000,0.000000,BetterBone,,"12/23/2025 2:29:06 pm","Main Warehouse",,"Default Supplier"
39996,91601,"Chews + Bones","BetterBone Classic Soft Chew - Small",2,Each,0.00,2,,"0000-00-00 00:00:00",,,,0,19.990000,0.000000,BetterBone,,"12/23/2025 2:29:06 pm","Main Warehouse",,"Default Supplier"
39996,91603,"Chews + Bones","BetterBone Classic Dog Chew Hard - Large",2,Each,0.00,2,,"0000-00-00 00:00:00",,,,0,27.990000,0.000000,BetterBone,,"12/23/2025 2:29:06 pm","Main Warehouse",,"Default Supplier"
39996,91602,"Chews + Bones","BetterBone Classic Dog Chew Hard - Small",2,Each,0.00,2,,"0000-00-00 00:00:00",,,,0,23.990000,0.000000,BetterBone,,"12/23/2025 2:29:06 pm","Main Warehouse",,"Default Supplier"
39997,21200,"Chews + Bones","RedBarn Bully Stick 12inch",1,,0.00,1,,"0000-00-00 00:00:00",,,,0,13.990000,0.000000,RedBarn,,"12/23/2025 2:49:44 pm","Main Warehouse",,"WooCommerce Import"
39997,100374,"Chews + Bones","Himalayan Dog Chew Happy Teeth - Cheese",1,,0.00,1,,"0000-00-00 00:00:00",,,,0,11.990000,0.000000,Himalayan,,"12/23/2025 2:49:44 pm","Main Warehouse",,"WooCommerce Import"
39997,100747,"Chews + Bones","Himalayan Dog Chew Happy Teeth - Peanut Butter",1,,0.00,1,,"0000-00-00 00:00:00",,,,0,11.990000,0.000000,Himalayan,,"12/23/2025 2:49:44 pm","Main Warehouse",,"WooCommerce Import"
39997,94229,"Chews + Bones","Himalayan YakySNACKS - YakyYUM Chicken Flavour Dog Treats",1,,0.00,1,,"0000-00-00 00:00:00",,,,0,11.990000,0.000000,Himalayan,,"12/23/2025 2:49:44 pm","Main Warehouse",,"WooCommerce Import"
39998,100496,"Cat Freeze Dried","Primal Feline Freeze-Dried Raw Nuggets - Venison Recipe",2,Each,0.00,2,,"0000-00-00 00:00:00",,,,0,25.990000,0.000000,Primal,,"12/23/2025 3:19:00 pm","Main Warehouse",,"Default Supplier"
39998,100497,"Cat Freeze Dried","Primal Feline Freeze-Dried Raw Nuggets - Rabbit Recipe",1,Each,0.00,1,,"0000-00-00 00:00:00",,,,0,25.990000,0.000000,Primal,,"12/23/2025 3:19:00 pm","Main Warehouse",,"Default Supplier"
39998,108780,"Dog Food Toppers","Oven-Baked Tradition Chicken Breast with Sweet Potato Entree Wet Dog Food 5.5oz",1,Each,0.00,1,,"0000-00-00 00:00:00",,,,0,4.490000,0.000000,"Oven Baked",,"12/23/2025 3:19:00 pm","Main Warehouse",,"Default Supplier"
39998,100548,Cats,"Go! Solutions Carnivore Grain-Free Minced Lamb + Wild Boar Recipe Cat Food 6.4oz",48,Each,0.00,48,,"0000-00-00 00:00:00",,,,0,4.490000,0.000000,GO!,,"12/23/2025 3:19:00 pm","Main Warehouse",,"Default Supplier"
39998,100541,"Dog Food Toppers","Go! Solutions Skin + Coat Care Shredded Chicken Recipe Dog Food 12.5oz",12,Each,0.00,12,,"0000-00-00 00:00:00",,,,0,5.990000,0.000000,GO!,,"12/23/2025 3:19:00 pm","Main Warehouse",,"Default Supplier"
40063,452360,"Dry Dog Food","ACANA Dog Adult Small Breed Recipe - 6kg",3,Each,107.28,3,,"2027-08-01 06:00:00",,,,35.76,54.990000,0.000000,Acana,,"01/06/2026 1:46:43 pm","Main Warehouse",,"Default Supplier"
40063,710563,"Dry Dog Food","Fromm Dog Gold Small Breed Adult - 6.8kg",1,Each,36.92,1,,"2027-05-02 06:00:00",,,,36.92,52.490000,0.000000,Fromm,,"01/06/2026 1:46:43 pm","Main Warehouse",,"Default Supplier"
40063,711733,,"Fromm Cat Four-Star GF Hasen Duckenpfeffer - 4.5kg",2,Each,85.74,2,,"2027-05-05 06:00:00",,,,42.87,60.950000,0.000000,Fromm,,"01/06/2026 1:46:43 pm","Main Warehouse",,"Default Supplier"
40063,354646,"Dry Cat Food","Royal Canin Feline Urinary Care - 14lb",4,Each,306.80,4,,"2027-03-01 07:00:00",,,,76.7,117.990000,0.000000,"Royal Canin",,"01/06/2026 1:46:43 pm","Main Warehouse",,"Default Supplier"
40063,471451,"Dry Cat Food","ACANA Indoor Entrée Cat - 4.5kg",4,Each,151.08,4,,"2027-08-01 06:00:00",,,,37.77,52.240000,0.000000,Acana,,"01/06/2026 1:46:43 pm","Main Warehouse",,"Default Supplier"
40063,721612,,"Intersand Odourlock Max Care 12kg",4,Each,93.40,4,,"0000-00-00 00:00:00",,,,23.35,27.190000,0.000000,Intersand,,"01/06/2026 1:46:43 pm","Main Warehouse",,"Default Supplier"
40063,418060,"Dry Dog Food","ORIJEN Puppy - 6kg",1,Each,0.00,1,,"2026-12-26 07:00:00",,,,0,0.000000,0.000000,Orijen,,"01/06/2026 1:46:43 pm","Main Warehouse",,"Default Supplier"
40063,841673,"Dry Dog Food","Royal Canin Breed Health Labrador 30lb",2,Each,169.20,2,,"2026-08-31 06:00:00",,,,84.6,124.990000,0.000000,"Royal Canin",,"01/06/2026 1:46:43 pm","Main Warehouse",,"Default Supplier"
40063,851743,"Dry Dog Food","Royal Canin Dog Medium Adult - 30lb",2,Each,154.98,2,,"2026-08-31 06:00:00",,,,77.49,118.990000,0.000000,"Royal Canin",,"01/06/2026 1:46:43 pm","Main Warehouse",,"Default Supplier"
40063,710092,"Dry Dog Food","FirstMate Dog Grain Free Duck & Pumpkin - 25lb",2,Each,140.58,2,,"2027-05-14 06:00:00",,,,70.29,94.990000,0.000000,FirstMate,,"01/06/2026 1:46:43 pm","Main Warehouse",,"Default Supplier"
40063,710139,"Dry Dog Food","FirstMate Dog Grain Friendly New Zealand Beef & Oats - 25lb",2,Each,89.46,2,,"2027-05-14 06:00:00",,,,44.73,62.990000,0.000000,FirstMate,,"01/06/2026 1:46:43 pm","Main Warehouse",,"Default Supplier"
40063,451211,"Dry Dog Food","ACANA Dog Light + Fit Recipe - 11.4kg",4,Each,271.72,4,,"2027-07-03 06:00:00",,,,67.93,79.890000,0.000000,Acana,,"01/06/2026 1:46:43 pm","Main Warehouse",,"Default Supplier"
40063,450111,"Dry Dog Food","Acana Puppy Recipe Large Breed Dry Food 11.4kg",4,Each,231.68,4,,"2027-07-30 06:00:00",,,,57.92,89.990000,0.000000,Acana,,"01/06/2026 1:46:43 pm","Main Warehouse",,"Default Supplier"
40063,418212,"Dry Dog Food","ORIJEN Original Dog - 11.4kg",1,Each,78.65,1,,"2027-06-28 06:00:00",,,,78.65,109.990000,0.000000,Orijen,,"01/06/2026 1:46:43 pm","Main Warehouse",,"Default Supplier"
40063,471551,"Dry Dog Food","Acana Healthy Grains Puppy - 10.2kg",2,Each,121.50,2,,"2027-06-04 06:00:00",,,,60.75,89.990000,0.000000,Acana,,"01/06/2026 1:46:43 pm","Main Warehouse",,"Default Supplier"
40063,471553,"Dry Dog Food","Acana Dog Healthy Grains Recipe Large Breed Dry Food 10.2kg",2,Each,119.56,2,,"2027-07-30 06:00:00",,,,59.78,88.990000,0.000000,Acana,,"01/06/2026 1:46:43 pm","Main Warehouse",,"Default Supplier"
40063,456117,"Dry Dog Food","ACANA Classics Wild Coast Recipe - 14.5kg",4,Each,329.72,4,,"2027-08-07 06:00:00",,,,82.43,109.990000,0.000000,Acana,,"01/06/2026 1:46:43 pm","Main Warehouse",,"Default Supplier"
40063,456217,"Dry Dog Food","ACANA Classics Red Meat Recipe - 14.5kg",3,Each,225.78,3,,"2027-08-09 06:00:00",,,,75.26,94.990000,0.000000,Acana,,"01/06/2026 1:46:43 pm","Main Warehouse",,"Default Supplier"
40063,452117,"Dry Dog Food","ACANA Dog Adult Large Breed Recipe - 17kg",4,Each,346.96,4,,"2027-08-15 06:00:00",,,,86.74,114.940000,0.000000,Acana,,"01/06/2026 1:46:43 pm","Main Warehouse",,"Default Supplier"
40083,253227,"Wet Cat Food","Natural Balance Cat Ultra Chicken & Liver Wet Food",24,Each,40.80,24,,"0000-00-00 00:00:00",,,,1.7,2.490000,0.000000,"Natural Balance",,"01/08/2026 12:54:20 pm","Main Warehouse",,"Default Supplier"
40083,371665,"Wet Cat Food","Royal Canin Urinary Care 85g",24,Each,53.76,24,,"0000-00-00 00:00:00",,,,2.24,3.390000,0.000000,"Royal Canin",,"01/08/2026 12:54:20 pm","Main Warehouse",,"Default Supplier"
40083,101022,Cats,"Hill's Science Diet® Urinary Hairball Control Adult Wet Cat Food - Savory Chicken - Minced, 5.5 oz",24,Each,0.00,24,,"0000-00-00 00:00:00",,,,0,3.790000,0.000000,"Hill's Science",,"01/08/2026 12:54:20 pm","Main Warehouse",,"Default Supplier"
40095,100422,,"Nutram 3.0 Ideal Dog I14 Skin Coat & Stomach For Puppy - 2kg",2,Each,41.14,2,,"0000-00-00 00:00:00",,,,20.57,21.590000,0.000000,Nutram,,"01/09/2026 2:50:54 pm","Main Warehouse",,"Default Supplier"
40095,418020,"Dry Dog Food","ORIJEN Puppy - 2kg",2,Each,41.86,2,,"0000-00-00 00:00:00",,,,20.93,34.990000,0.000000,Orijen,,"01/09/2026 2:50:54 pm","Main Warehouse",,"Default Supplier"
40095,710567,,"Fromm Dog Gold Small Breed Adult - 2.3kg",2,Each,36.50,2,,"0000-00-00 00:00:00",,,,18.25,25.950000,0.000000,Fromm,,"01/09/2026 2:50:54 pm","Main Warehouse",,"Default Supplier"
40095,711414,,"Fromm Dog Four-Star Grain Free Beef Frittata Veg - 1.8kg",1,Each,18.95,1,,"0000-00-00 00:00:00",,,,18.95,26.950000,0.000000,Fromm,,"01/09/2026 2:50:54 pm","Main Warehouse",,"Default Supplier"
40095,720061,"Dry Cat Food","FirstMate Cat Grain Free Chicken with Blueberries - 3.96lb",1,Each,18.19,1,,"0000-00-00 00:00:00",,,,18.19,25.990000,0.000000,FirstMate,,"01/09/2026 2:50:54 pm","Main Warehouse",,"Default Supplier"
40095,980586,"Dry Cat Food","Tiki Cat Born Carnivore Indoor Health Chicken & Turkey - 3lb",2,Each,37.80,2,,"0000-00-00 00:00:00",,,,18.9,28.490000,0.000000,"Tiki Cat",,"01/09/2026 2:50:54 pm","Main Warehouse",,"Default Supplier"
40095,85230,Cats,"Hill's Science Diet® Sensitive Stomach & Skin Adult Dry Cat Food - Chicken - 3.5lb",2,Each,0.00,2,,"0000-00-00 00:00:00",,,,0,42.990000,0.000000,"Hill's Science",,"01/09/2026 2:50:54 pm","Main Warehouse",,"Default Supplier"
40095,194147,"Dog Freeze Dried Food","Primal Freeze Dried Beef Pronto",2,Each,67.96,2,,"0000-00-00 00:00:00",,,,33.98,49.980000,0.000000,Primal,,"01/09/2026 2:50:54 pm","Main Warehouse",,"Default Supplier"
40095,948085,"Dry Cat Food","Tiki Cat Born Carnivore Indoor Health Chicken & Turkey - 6lb",1,Each,31.51,1,,"0000-00-00 00:00:00",,,,31.51,32.890000,0.000000,"Tiki Cat",,"01/09/2026 2:50:54 pm","Main Warehouse",,"Default Supplier"
40095,100464,,"Nutram Dog OC Dental Chew Mobility+ Lamb Large",1,Each,6.71,1,,"0000-00-00 00:00:00",,,,6.71,11.990000,0.000000,Nutram,,"01/09/2026 2:50:54 pm","Main Warehouse",,"Default Supplier"
40095,194153,"Dog Freeze Dried Food","Primal Dog Freeze Dried Beef Pronto 25oz",4,Each,203.92,4,,"0000-00-00 00:00:00",,,,50.98,74.980000,0.000000,Primal,,"01/09/2026 2:50:54 pm","Main Warehouse",,"Default Supplier"
40095,100098,"Dog Freeze Dried","Primal Canine Freeze-Dried Nuggets - Turkey & Sardine Formula",1,Each,0.00,1,,"0000-00-00 00:00:00",,,,0,48.990000,0.000000,Primal,,"01/09/2026 2:50:54 pm","Main Warehouse",,"Default Supplier"
40112,94258,"Dog Freeze Dried","Primal Dog Kibble in the Raw - Beef, 5.4lb",1,,0.00,1,,"0000-00-00 00:00:00",,,,0,104.990000,0.000000,Primal,,"01/12/2026 1:08:06 pm","Main Warehouse",,"WooCommerce Import"
40143,194293,"Dog Freeze Dried Food","Primal Dog Kibble in the Raw - Beef, 9lb",2,Each,252.00,2,,"2029-09-10 06:00:00",,,,126,171.990000,0.000000,Primal,,"01/15/2026 12:53:23 pm","Main Warehouse",,"Default Supplier"
40143,813117,"Dry Dog Food","Zignature Dog Zssentials - 12.5lb",2,Each,81.26,2,,"2026-02-15 07:00:00",,,,40.63,20.820000,0.000000,Zignature,,"01/15/2026 12:53:23 pm","Main Warehouse",,"Default Supplier"
40143,451260,"Dry Dog Food","ACANA Dog Light + Fit Recipe - 6kg",2,Each,83.58,2,,"2027-08-15 06:00:00",,,,41.79,60.990000,0.000000,Acana,,"01/15/2026 12:53:23 pm","Main Warehouse",,"Default Supplier"
40143,471451,"Dry Cat Food","ACANA Indoor Entrée Cat - 4.5kg",3,Each,113.31,3,,"2027-08-05 06:00:00",,,,37.77,52.240000,0.000000,Acana,,"01/15/2026 12:53:23 pm","Main Warehouse",,"Default Supplier"
40143,d,"Dry Cat Food",d,2,Each,95.34,2,,"2027-07-15 06:00:00",,,,47.67,0.000000,0.000000,Acana,,"01/15/2026 12:53:23 pm","Main Warehouse",,"Default Supplier"
40143,721612,,"Intersand Odourlock Max Care 12kg",10,Each,233.50,10,,"0000-00-00 00:00:00",,,,23.35,27.190000,0.000000,Intersand,,"01/15/2026 12:53:23 pm","Main Warehouse",,"Default Supplier"
40143,710092,"Dry Dog Food","FirstMate Dog Grain Free Duck & Pumpkin - 25lb",2,Each,140.58,2,,"2027-05-15 06:00:00",,,,70.29,94.990000,0.000000,FirstMate,,"01/15/2026 12:53:23 pm","Main Warehouse",,"Default Supplier"
40143,610246,"Dry Dog Food","Nutram 3.0 Ideal Dog I20 Skin Coat & Stomach - 11.4kg",2,Each,122.30,2,,"2027-03-11 07:00:00",,,,61.15,77.340000,0.000000,Nutram,,"01/15/2026 12:53:23 pm","Main Warehouse",,"Default Supplier"
40143,451211,"Dry Dog Food","ACANA Dog Light + Fit Recipe - 11.4kg",4,Each,271.72,4,,"2027-07-15 06:00:00",,,,67.93,79.890000,0.000000,Acana,,"01/15/2026 12:53:23 pm","Main Warehouse",,"Default Supplier"
40143,452111,"Dry Dog Food","ACANA Dog Adult Large Breed Recipe - 11.4kg",4,Each,231.68,4,,"2027-08-15 06:00:00",,,,57.92,93.320000,0.000000,Acana,,"01/15/2026 12:53:23 pm","Main Warehouse",,"Default Supplier"
40143,454211,"Dry Dog Food","ACANA Highest Protein Grasslands - 11.4kg",2,Each,135.10,2,,"2027-07-01 06:00:00",,,,67.55,108.990000,0.000000,Acana,,"01/15/2026 12:53:23 pm","Main Warehouse",,"Default Supplier"
40143,418212,"Dry Dog Food","ORIJEN Original Dog - 11.4kg",2,Each,157.30,2,,"2027-07-01 06:00:00",,,,78.65,109.990000,0.000000,Orijen,,"01/15/2026 12:53:23 pm","Main Warehouse",,"Default Supplier"
40143,813118,`,"Zignature Dog Zssentials - 25lb",2,Each,155.64,2,,"2027-02-20 07:00:00",,,,77.82,108.990000,0.000000,Zignature,,"01/15/2026 12:53:23 pm","Main Warehouse",,"Default Supplier"
40145,371041,"Wet Cat Food","Royal Canin Weight Care Wet Cat Food 5.1oz",48,Each,136.32,48,,"0000-00-00 00:00:00",,,,2.84,4.390000,0.000000,"Royal Canin",,"01/15/2026 1:05:15 pm","Main Warehouse",,"Default Supplier"
40145,712023,"Wet Dog Food","FirstMate Dog LID GF Chicken 12.2oz",24,Each,68.64,24,,"0000-00-00 00:00:00",,,,2.86,4.090000,0.000000,FirstMate,,"01/15/2026 1:05:15 pm","Main Warehouse",,"Default Supplier"
40146,452520,"Dry Dog Food","ACANA Dog Adult Recipe - 2kg",1,Each,19.94,1,,"2027-07-22 06:00:00",,,,19.94,29.990000,0.000000,Acana,,"01/15/2026 1:18:20 pm","Main Warehouse",,"Default Supplier"
40146,720061,"Dry Cat Food","FirstMate Cat Grain Free Chicken with Blueberries - 3.96lb",3,Each,54.57,3,,"2027-04-22 06:00:00",,,,18.19,25.990000,0.000000,FirstMate,,"01/15/2026 1:18:20 pm","Main Warehouse",,"Default Supplier"
40146,29680,Cats,"Hill's Science Diet® Perfect Weight Adult Dry Cat Food - Chicken - 3lb",1,Each,0.00,1,,"0000-00-00 00:00:00",,,,0,42.990000,0.000000,"Hill's Science",,"01/15/2026 1:18:20 pm","Main Warehouse",,"Default Supplier"
40146,710105,,"FirstMate Dog Grain Friendly Wild Pacific Caught Fish & Oats - 5lb",2,Each,29.96,2,,"0000-00-00 00:00:00",,,,14.98,20.990000,0.000000,FirstMate,,"01/15/2026 1:18:20 pm","Main Warehouse",,"Default Supplier"
40146,107610,Cats,"Hill's Science Diet Adult 1-6 Cat Food - Chicken Recipe - 4lb",2,Each,0.00,2,,"0000-00-00 00:00:00",,,,0,42.990000,0.000000,"Hill's Science",,"01/15/2026 1:18:20 pm","Main Warehouse",,"Default Supplier"
40160,54755,Cats,"Royal Canin Indoor 7+ Adult Cat Food",3,Each,0.00,3,,"2027-01-17 07:00:00",,,,0,114.990000,0.000000,"Royal Canin",,"01/17/2026 11:17:56 am","Main Warehouse",,"Default Supplier"
40160,10282,"Dry Cat Food","Nutram Total Grain-Free All Life Stages T22",5,Each,0.00,5,,"2026-11-17 07:00:00",,,,0,74.990000,0.000000,Nutram,,"01/17/2026 11:17:56 am","Main Warehouse",,"Default Supplier"
40161,106054,Dogs,"Hill's Science Diet Perfect Weight Adult Dry Dog Food - Chicken - 25lb",4,Each,0.00,4,,"0000-00-00 00:00:00",,,,0,124.990000,0.000000,"Hill's Science",,"01/17/2026 11:21:39 am","Main Warehouse",,"Default Supplier"
40162,31080,Dogs,"Hill's Science Diet Oral Care Adult Dry Dog Food - Chicken, Brown Rice & Barley - 28.5lb",4,Each,0.00,4,,"2027-05-17 06:00:00",,,,0,124.990000,0.000000,"Hill's Science",,"01/17/2026 11:25:43 am","Main Warehouse",,"Default Supplier"
40171,100374,"Chews + Bones","Himalayan Dog Chew Happy Teeth - Cheese",1,Each,0.00,1,,"0000-00-00 00:00:00",,,,0,11.990000,0.000000,Himalayan,,"01/19/2026 12:05:33 pm","Main Warehouse",,"Default Supplier"
40178,602899,"Dog Health &amp; Wellness","Wellmark Chlorhexidine Shampoo 473ml",1,,0.00,1,,"0000-00-00 00:00:00",,,,0,34.990000,0.000000,Wellmark,,"01/19/2026 2:11:18 pm","Main Warehouse",,"WooCommerce Import"
40178,602896,"Dog Health &amp; Wellness","Wellmark Ph Balanced Ear Cleaning Solution",1,,0.00,1,,"0000-00-00 00:00:00",,,,0,19.990000,0.000000,Wellmark,,"01/19/2026 2:11:18 pm","Main Warehouse",,"WooCommerce Import"
40178,94233,"Chews + Bones","Himalayan Churro Soft Dog Chew - Chicken",1,,0.00,1,,"0000-00-00 00:00:00",,,,0,9.990000,0.000000,Himalayan,,"01/19/2026 2:11:18 pm","Main Warehouse",,"WooCommerce Import"
40179,722068,Dogs,"FirstMate Cage-free Chicken & Rice Formula Canned Dog Food | Size:12.2 oz",24,Each,0.00,24,,"0000-00-00 00:00:00",,,,0,3.990000,0.000000,,,"01/19/2026 2:13:40 pm","Main Warehouse",,"Default Supplier"
40179,722013,Dogs,"FirstMate Limited Ingredient Grain-Free Canned Dog Food - Turkey Food | Size:12.2 oz",24,Each,0.00,24,,"0000-00-00 00:00:00",,,,0,3.990000,0.000000,,,"01/19/2026 2:13:40 pm","Main Warehouse",,"Default Supplier"
40179,722023,"Wet Cat Food","FirstMate Limited Ingredient Grain-Free Canned Cat Food - Chicken | Size:12.2 oz",24,Each,0.00,24,,"0000-00-00 00:00:00",,,,0,3.990000,0.000000,,,"01/19/2026 2:13:40 pm","Main Warehouse",,"Default Supplier"
40184,100526,"Dry Cat Food","GO! Cat Grain Free Carnivore Chicken, Turkey & Duck - 8lb",1,,0.00,1,,"0000-00-00 00:00:00",,,,0,59.990000,0.000000,GO!,,"01/20/2026 12:50:58 pm","Main Warehouse",,"WooCommerce Import"
40185,100526,"Dry Cat Food","GO! Cat Grain Free Carnivore Chicken, Turkey & Duck - 8lb",6,Each,0.00,6,,"2027-01-14 07:00:00",,,,0,59.990000,0.000000,GO!,,"01/20/2026 1:05:25 pm","Main Warehouse",,"Default Supplier"
40196,347530,"Dry Cat Food","GO! Cat Sensitivities Grain Free Salmon - 12lb",4,Each,213.00,4,,"2027-03-21 06:00:00",,,,53.25,74.990000,0.000000,GO,,"01/21/2026 1:34:50 pm","Main Warehouse",,"Default Supplier"
40196,347781,"Dry Dog Food","GO! Dog Skin & Coat Salmon Recipe - 12lb",4,Each,167.60,4,,"2027-02-21 07:00:00",,,,41.9,58.990000,0.000000,GO,,"01/21/2026 1:34:50 pm","Main Warehouse",,"Default Supplier"
40196,344328,"Dry Dog Food","GO! Dog Sensitivities Grain Free Duck - 12lb",2,Each,100.80,2,,"2027-03-21 06:00:00",,,,50.4,70.990000,0.000000,GO!,,"01/21/2026 1:34:50 pm","Main Warehouse",,"Default Supplier"
40196,344151,"Dry Cat Food","GO! Cat Grain Free Carnivore Salmon & Cod - 16lb",2,Each,137.80,2,,"2026-01-21 20:27:28",,,,68.9,96.990000,0.000000,GO!,,"01/21/2026 1:34:50 pm","Main Warehouse",,"Default Supplier"
40196,344554,"Dry Dog Food","NOW Dog Turkey Salmon & Duck Adult - 22lb",10,Each,777.00,10,,"2027-03-21 06:00:00",,,,77.7,107.990000,0.000000,"Now Fresh",,"01/21/2026 1:34:50 pm","Main Warehouse",,"Default Supplier"
40196,340085,"Dry Dog Food","Go! Dog Weight Management & Joint Care Salmon - 22lb",2,Each,142.00,2,,"0000-00-00 00:00:00",,,,71,99.990000,0.000000,GO!,,"01/21/2026 1:34:50 pm","Main Warehouse",,"Default Supplier"
40196,344131,"Dry Dog Food","GO! Dog Carnivore GF Chicken Turkey Duck Senior 22lb",3,Each,198.30,3,,"2027-03-21 06:00:00",,,,66.1,93.990000,0.000000,GO!,,"01/21/2026 1:34:50 pm","Main Warehouse",,"Default Supplier"
40197,347784,"Dry Dog Food","GO! Dog Skin & Coat Lamb Recipe - 3.5lb",1,Each,16.40,1,,"0000-00-00 00:00:00",,,,16.4,13.790000,0.000000,GO,,"01/21/2026 1:50:17 pm","Main Warehouse",,"Default Supplier"
40197,347532,,"GO! Cat Hairball Control + Urinary Care Chicken Recipe - 3lb",2,Each,41.20,2,,"0000-00-00 00:00:00",,,,20.6,28.990000,0.000000,GO,,"01/21/2026 1:50:17 pm","Main Warehouse",,"Default Supplier"
40197,347379,"Dry Cat Food","GO! Cat Skin & Coat Salmon - 3lb",1,Each,17.05,1,,"0000-00-00 00:00:00",,,,17.05,23.990000,0.000000,GO,,"01/21/2026 1:50:17 pm","Main Warehouse",,"Default Supplier"
40222,354646,"Dry Cat Food","Royal Canin Feline Urinary Care - 14lb",4,Each,306.80,4,,"2027-01-27 07:00:00",,,,76.7,117.990000,0.000000,"Royal Canin",,"01/27/2026 3:14:01 pm","Main Warehouse",,"Default Supplier"
40222,862816,"Dry Cat Food","Royal Canin Cat Indoor Adult 15lb",2,Each,135.22,2,,"0000-00-00 00:00:00",,,,67.61,104.990000,0.000000,"Royal Canin",,"01/27/2026 3:14:01 pm","Main Warehouse",,"Default Supplier"
40222,841673,"Dry Dog Food","Royal Canin Breed Health Labrador 30lb",3,Each,253.80,3,,"2026-10-27 06:00:00",,,,84.6,124.990000,0.000000,"Royal Canin",,"01/27/2026 3:14:01 pm","Main Warehouse",,"Default Supplier"
40222,710139,"Dry Dog Food","FirstMate Dog Grain Friendly New Zealand Beef & Oats - 25lb",2,Each,89.46,2,,"2027-01-27 07:00:00",,,,44.73,62.990000,0.000000,FirstMate,,"01/27/2026 3:14:01 pm","Main Warehouse",,"Default Supplier"
40222,471421,"Dry Dog Food","ACANA Singles Pork & Squash Recipe - 10.8kg",1,Each,77.22,1,,"0000-00-00 00:00:00",,,,77.22,105.990000,0.000000,Acana,,"01/27/2026 3:14:01 pm","Main Warehouse",,"Default Supplier"
40222,452117,"Dry Dog Food","ACANA Dog Adult Large Breed Recipe - 17kg",4,Each,346.96,4,,"2027-01-27 07:00:00",,,,86.74,114.940000,0.000000,Acana,,"01/27/2026 3:14:01 pm","Main Warehouse",,"Default Supplier"
40223,351272,"Dry Dog Food","RC Small Breed Senior",1,Each,20.43,1,,"0000-00-00 00:00:00",,,,20.43,31.990000,0.000000,"Royal Canin",,"01/27/2026 3:28:10 pm","Main Warehouse",,"Default Supplier"
40223,711563,,"Fromm Cat Gold Adult - 4.54kg",1,Each,36.92,1,,"0000-00-00 00:00:00",,,,36.92,52.490000,0.000000,Fromm,,"01/27/2026 3:28:10 pm","Main Warehouse",,"Default Supplier"
40223,100422,,"Nutram 3.0 Ideal Dog I14 Skin Coat & Stomach For Puppy - 2kg",1,Each,20.57,1,,"0000-00-00 00:00:00",,,,20.57,21.590000,0.000000,Nutram,,"01/27/2026 3:28:10 pm","Main Warehouse",,"Default Supplier"
40223,371041,"Wet Cat Food","Royal Canin Weight Care Wet Cat Food 5.1oz",24,Each,68.16,24,,"0000-00-00 00:00:00",,,,2.84,4.390000,0.000000,"Royal Canin",,"01/27/2026 3:28:10 pm","Main Warehouse",,"Default Supplier"
40223,712023,"Wet Dog Food","FirstMate Dog LID GF Chicken 12.2oz",24,Each,68.64,24,,"0000-00-00 00:00:00",,,,2.86,4.090000,0.000000,FirstMate,,"01/27/2026 3:28:10 pm","Main Warehouse",,"Default Supplier"
40223,712003,"Wet Dog Food","FirstMate Dog LID GF Salmon 12.2oz",12,Each,40.20,12,,"0000-00-00 00:00:00",,,,3.35,4.790000,0.000000,FirstMate,,"01/27/2026 3:28:10 pm","Main Warehouse",,"Default Supplier"
40223,712013,"Wet Dog Food","FirstMate Dog LID GF Turkey 12.2oz",24,Each,68.64,24,,"0000-00-00 00:00:00",,,,2.86,4.090000,0.000000,FirstMate,,"01/27/2026 3:28:10 pm","Main Warehouse",,"Default Supplier"
40230,507373,"Dry Dog Food","Hill's Science Diet Large Breed Adult 1-5 Dog Food - Chicken & Barley Recipe 35lbs",3,Each,0.00,3,,"0000-00-00 00:00:00",,,,0,112.990000,0.000000,"Hill's Science",,"01/28/2026 1:01:50 pm","Main Warehouse",,"Default Supplier"
40230,12842,"Dry Dog Food","Open Farm Grain Free Catch of the Season Whitefish Recipe",2,Each,0.00,2,,"0000-00-00 00:00:00",,,,0,115.990000,0.000000,"Open Farm",,"01/28/2026 1:01:50 pm","Main Warehouse",,"Default Supplier"
40230,10191,"Wet Dog Food","Blue Buffalo® Basics™ Skin & Stomach Care Adult Wet Dog Food - Duck & Potato, 12.5 oz",24,Each,0.00,24,,"0000-00-00 00:00:00",,,,0,4.790000,0.000000,"Blue Buffalo",,"01/28/2026 1:01:50 pm","Main Warehouse",,"Default Supplier"
40345,711521,,"Fromm Dog Gold Adult - 13.61kg",6,Each,345.90,6,,"0000-00-00 00:00:00",,,,57.65,77.850000,0.000000,Fromm,,"02/11/2026 2:55:33 pm","Main Warehouse",,"Default Supplier"
40345,711531,"Dry Dog Food","Fromm Gold Large Breed Adult 13.61KG",4,Each,230.60,4,,"0000-00-00 00:00:00",,,,57.65,78.990000,0.000000,Fromm,,"02/11/2026 2:55:33 pm","Main Warehouse",,"Default Supplier"
40345,721612,,"Intersand Odourlock Max Care 12kg",6,Each,140.10,6,,"0000-00-00 00:00:00",,,,23.35,27.190000,0.000000,Intersand,,"02/11/2026 2:55:33 pm","Main Warehouse",,"Default Supplier"
40345,213129,"Cat Litter &amp; Litter Supplies","Intersand Odourlock Multi-Cat Clumping Cat Litter - Lavender Field",6,Each,0.00,6,,"0000-00-00 00:00:00",,,,0,28.990000,0.000000,Intersand,,"02/11/2026 2:55:33 pm","Main Warehouse",,"Default Supplier"
40345,210128,"Cat Litter &amp; Litter Supplies","Intersand Odourlock Multi-Cat Clumping Cat Litter - Baby Powder",6,Each,148.20,6,,"0000-00-00 00:00:00",,,,24.7,28.990000,0.000000,Intersand,,"02/11/2026 2:55:33 pm","Main Warehouse",,"Default Supplier"
40345,214126,"Cat Litter &amp; Litter Supplies","Intersand Odourlock Multi-Cat Clumping Cat Litter - Calming Breeze",8,Each,0.00,8,,"0000-00-00 00:00:00",,,,0,28.990000,0.000000,Intersand,,"02/11/2026 2:55:33 pm","Main Warehouse",,"Default Supplier"
40349,35129,"Cat Food Toppers","Fussie Cat Goat Milk Purée Treats - Tuna with Small Anchovy",18,Each,0.00,18,,"0000-00-00 00:00:00",,,,0,3.990000,0.000000,"Fussie Cat",,"02/12/2026 10:07:43 am","Main Warehouse",,"Default Supplier"
40349,35133,"Cat Food Toppers","Fussie Cat Goat Milk Purée Treats - Chicken with Duck",18,Each,0.00,18,,"0000-00-00 00:00:00",,,,0,3.990000,0.000000,"Fussie Cat",,"02/12/2026 10:07:43 am","Main Warehouse",,"Default Supplier"
40349,35134,"Cat Food Toppers","Fussie Cat Goat Milk Purée Treats - Chicken with Beef",18,Each,0.00,18,,"0000-00-00 00:00:00",,,,0,3.990000,0.000000,"Fussie Cat",,"02/12/2026 10:07:43 am","Main Warehouse",,"Default Supplier"
40349,35132,"Cat Food Toppers","Fussie Cat Goat Milk Purée Treats - Chicken",18,Each,0.00,18,,"0000-00-00 00:00:00",,,,0,3.990000,0.000000,"Fussie Cat",,"02/12/2026 10:07:43 am","Main Warehouse",,"Default Supplier"
40349,472400,"Dry Cat Food","Orijen Cat Guardian 8 Senior Dry Food 1.8kg",3,Each,80.85,3,,"0000-00-00 00:00:00",,,,26.95,39.990000,0.000000,Orijen,,"02/12/2026 10:07:43 am","Main Warehouse",,"Default Supplier"
40349,911123,"Cat Treats","Tiki Cat Stix Variety Pack",12,Each,56.28,12,,"0000-00-00 00:00:00",,,,4.69,7.490000,0.000000,"Tiki Cat",,"02/12/2026 10:07:43 am","Main Warehouse",,"Default Supplier"
40349,194298,,"Primal Dog Kibble in the Raw - Beef, 1.5lb",1,Each,27.45,1,,"0000-00-00 00:00:00",,,,27.45,38.990000,0.000000,Primal,,"02/12/2026 10:07:43 am","Main Warehouse",,"Default Supplier"
40349,471430,"Dry Cat Food","Acana Cat First Feast Dry Food - 1.8kg",1,Each,17.95,1,,"0000-00-00 00:00:00",,,,17.95,29.990000,0.000000,Acana,,"02/12/2026 10:07:43 am","Main Warehouse",,"Default Supplier"
40349,911333,,"Tiki Cat Stix Wet Treats Salmon in Gravy",24,Each,112.56,24,,"0000-00-00 00:00:00",,,,4.69,7.490000,0.000000,"Tiki Cat",,"02/12/2026 10:07:43 am","Main Warehouse",,"Default Supplier"
40349,54626,Cats,"Royal Canin Weight Care Adult Dry Cat Food",2,Each,0.00,2,,"0000-00-00 00:00:00",,,,0,69.990000,0.000000,"Royal Canin",,"02/12/2026 10:07:43 am","Main Warehouse",,"Default Supplier"
40349,711406,,"Fromm Dog Four-Star Pork & Applesauce - 1.8kg",2,Each,32.28,2,,"0000-00-00 00:00:00",,,,16.14,13.770000,0.000000,Fromm,,"02/12/2026 10:07:43 am","Main Warehouse",,"Default Supplier"
40349,472324,"Dry Cat Food","Acana Cat Highest Protein Kitten Dry Food 1.8kg",2,Each,41.86,2,,"0000-00-00 00:00:00",,,,20.93,34.990000,0.000000,Acana,,"02/12/2026 10:07:43 am","Main Warehouse",,"Default Supplier"
40349,472397,"Dry Cat Food","Acana Cat Highest Protein Indoor Dry Food 1.8kg",2,Each,41.90,2,,"0000-00-00 00:00:00",,,,20.95,34.990000,0.000000,Acana,,"02/12/2026 10:07:43 am","Main Warehouse",,"Default Supplier"
40349,452520,"Dry Dog Food","ACANA Dog Adult Recipe - 2kg",1,Each,19.94,1,,"2027-07-22 06:00:00",,,,19.94,29.990000,0.000000,Acana,,"02/12/2026 10:07:43 am","Main Warehouse",,"Default Supplier"
40349,471450,"Dry Cat Food","ACANA Indoor Entrée Cat - 1.8kg",1,Each,17.95,1,,"0000-00-00 00:00:00",,,,17.95,25.990000,0.000000,Acana,,"02/12/2026 10:07:43 am","Main Warehouse",,"Default Supplier"
40349,428318,"Dry Cat Food","ORIJEN Fit & Trim Cat - 1.8kg",2,Each,47.86,2,,"0000-00-00 00:00:00",,,,23.93,39.990000,0.000000,Orijen,,"02/12/2026 10:07:43 am","Main Warehouse",,"Default Supplier"
40349,452320,"Dry Dog Food","ACANA Dog Adult Small Breed Recipe - 2kg",1,Each,17.95,1,,"0000-00-00 00:00:00",,,,17.95,29.990000,0.000000,Acana,,"02/12/2026 10:07:43 am","Main Warehouse",,"Default Supplier"
40349,100422,,"Nutram 3.0 Ideal Dog I14 Skin Coat & Stomach For Puppy - 2kg",1,Each,20.57,1,,"0000-00-00 00:00:00",,,,20.57,21.590000,0.000000,Nutram,,"02/12/2026 10:07:43 am","Main Warehouse",,"Default Supplier"
40349,471436,"Dry Cat Food","ACANA Homestead Harvest Cat - 1.8kg",1,Each,17.95,1,,"0000-00-00 00:00:00",,,,17.95,18.840000,0.000000,Acana,,"02/12/2026 10:07:43 am","Main Warehouse",,"Default Supplier"
40350,711733,,"Fromm Cat Four-Star GF Hasen Duckenpfeffer - 4.5kg",2,Each,85.74,2,,"2027-07-12 06:00:00",,,,42.87,60.950000,0.000000,Fromm,,"02/12/2026 10:46:38 am","Main Warehouse",,"Default Supplier"
40350,100285,"Dry Dog Food","Nutram 3.0 Sound Dog S7 Small Breed Adult - 5.4kg",2,Each,62.80,2,,"2027-07-12 06:00:00",,,,31.4,46.990000,0.000000,Nutram,,"02/12/2026 10:46:38 am","Main Warehouse",,"Default Supplier"
40350,452360,"Dry Dog Food","ACANA Dog Adult Small Breed Recipe - 6kg",4,Each,143.04,4,,"2027-09-12 06:00:00",,,,35.76,54.990000,0.000000,Acana,,"02/12/2026 10:46:38 am","Main Warehouse",,"Default Supplier"
40350,452560,"Dry Dog Food","ACANA Dog Adult Recipe - 6kg",1,Each,39.73,1,,"0000-00-00 00:00:00",,,,39.73,60.990000,0.000000,Acana,,"02/12/2026 10:46:38 am","Main Warehouse",,"Default Supplier"
40350,428054,"Dry Cat Food","ORIJEN Original Cat - 5.4kg",2,Each,115.04,2,,"2027-09-10 06:00:00",,,,57.52,79.990000,0.000000,Orijen,,"02/12/2026 10:46:38 am","Main Warehouse",,"Default Supplier"
40350,428154,"Dry Cat Food","ORIJEN Six Fish Cat - 5.4kg",1,Each,52.39,1,,"2027-08-12 06:00:00",,,,52.39,84.990000,0.000000,Orijen,,"02/12/2026 10:46:38 am","Main Warehouse",,"Default Supplier"
40350,428354,"Dry Cat Food","ORIJEN Fit & Trim Cat - 5.4kg",1,Each,49.31,1,,"2027-08-12 06:00:00",,,,49.31,79.990000,0.000000,Orijen,,"02/12/2026 10:46:38 am","Main Warehouse",,"Default Supplier"
40350,471477,"Dry Dog Food","ORIJEN Small Breed Dog - 4.5kg",2,Each,95.88,2,,"0000-00-00 00:00:00",,,,47.94,62.990000,0.000000,Orijen,,"02/12/2026 10:46:38 am","Main Warehouse",,"Default Supplier"
40350,726455,,"Intersand Cat Litter Ecolife 5.5 kg",5,Each,98.20,5,,"0000-00-00 00:00:00",,,,19.64,26.990000,0.000000,Intersand,,"02/12/2026 10:46:38 am","Main Warehouse",,"Default Supplier"
40350,710139,"Dry Dog Food","FirstMate Dog Grain Friendly New Zealand Beef & Oats - 25lb",2,Each,89.46,2,,"2027-06-12 06:00:00",,,,44.73,62.990000,0.000000,FirstMate,,"02/12/2026 10:46:38 am","Main Warehouse",,"Default Supplier"
40350,710092,"Dry Dog Food","FirstMate Dog Grain Free Duck & Pumpkin - 25lb",2,Each,140.58,2,,"2027-06-12 06:00:00",,,,70.29,94.990000,0.000000,FirstMate,,"02/12/2026 10:46:38 am","Main Warehouse",,"Default Supplier"
40350,710108,"Dry Dog Food","FirstMate Dog Grain Friendly Free Range Lamb & Oats - 25lb",3,Each,125.67,3,,"2027-06-12 06:00:00",,,,41.89,56.040000,0.000000,FirstMate,,"02/12/2026 10:46:38 am","Main Warehouse",,"Default Supplier"
40350,100420,,"Nutram 3.0 Sound Dog S49 Adult Salmon - 11.4kg",2,Each,114.36,2,,"2027-05-12 06:00:00",,,,57.18,83.990000,0.000000,Nutram,,"02/12/2026 10:46:38 am","Main Warehouse",,"Default Supplier"
40350,610238,,"Nutram 3.0 Sound Dog S10 For Senior - 11.4kg",2,Each,101.86,2,,"0000-00-00 00:00:00",,,,50.93,71.990000,0.000000,Nutram,,"02/12/2026 10:46:38 am","Main Warehouse",,"Default Supplier"
40350,452511,"Dry Dog Food","ACANA Dog Adult Recipe - 11.4kg",3,Each,173.76,3,,"0000-00-00 00:00:00",,,,57.92,76.490000,0.000000,Acana,,"02/12/2026 10:46:38 am","Main Warehouse",,"Default Supplier"
40350,451211,"Dry Dog Food","ACANA Dog Light + Fit Recipe - 11.4kg",3,Each,203.79,3,,"2027-05-12 06:00:00",,,,67.93,79.890000,0.000000,Acana,,"02/12/2026 10:46:38 am","Main Warehouse",,"Default Supplier"
40350,456112,"Dry Dog Food","ACANA Classics Wild Coast Recipe - 9.7kg",2,Each,120.50,2,,"2027-09-12 06:00:00",,,,60.25,82.990000,0.000000,Acana,,"02/12/2026 10:46:38 am","Main Warehouse",,"Default Supplier"
40350,418112,"Dry Dog Food","ORIJEN Puppy Large Breed - 11.4kg",2,Each,147.98,2,,"2027-08-12 06:00:00",,,,73.99,80.490000,0.000000,Orijen,,"02/12/2026 10:46:38 am","Main Warehouse",,"Default Supplier"
40350,471551,"Dry Dog Food","Acana Healthy Grains Puppy - 10.2kg",1,Each,60.75,1,,"2027-09-12 06:00:00",,,,60.75,89.990000,0.000000,Acana,,"02/12/2026 10:46:38 am","Main Warehouse",,"Default Supplier"
40350,454311,"Dry Dog Food","ACANA Highest Protein Ranchlands Dog - 11.4kg",2,Each,157.26,2,,"0000-00-00 00:00:00",,,,78.63,99.990000,0.000000,Acana,,"02/12/2026 10:46:38 am","Main Warehouse",,"Default Supplier"
40350,471553,"Dry Dog Food","Acana Dog Healthy Grains Recipe Large Breed Dry Food 10.2kg",2,Each,119.56,2,,"2027-07-31 06:00:00",,,,59.78,88.990000,0.000000,Acana,,"02/12/2026 10:46:38 am","Main Warehouse",,"Default Supplier"
40350,107372,Dogs,"Hill's Science Diet Adult Sensitive Stomach & Skin Dog Food - 30lb",2,Each,0.00,2,,"0000-00-00 00:00:00",,,,0,114.990000,0.000000,"Hill's Science",,"02/12/2026 10:46:38 am","Main Warehouse",,"Default Supplier"
40350,456117,"Dry Dog Food","ACANA Classics Wild Coast Recipe - 14.5kg",2,Each,164.86,2,,"2027-09-12 06:00:00",,,,82.43,109.990000,0.000000,Acana,,"02/12/2026 10:46:38 am","Main Warehouse",,"Default Supplier"
40350,201426,"Wet Dog Food","Dog Beef & Brown Rice Wet Food",12,Each,42.36,12,,"0000-00-00 00:00:00",,,,3.53,5.490000,0.000000,"Natural Balance",,"02/12/2026 10:46:38 am","Main Warehouse",,"Default Supplier"
40350,813134,"Wet Dog Food","Zignature Kangaroo Wet Food",12,Each,51.60,12,,"0000-00-00 00:00:00",,,,4.3,6.090000,0.000000,Zignature,,"02/12/2026 10:46:38 am","Main Warehouse",,"Default Supplier"
40351,45724,Cats,"Canadian Naturals Cat Food - Turkey & Salmon - 6.5lbs",1,Each,0.00,1,,"0000-00-00 00:00:00",,,,0,27.990000,0.000000,"Canadian Naturals",,"02/12/2026 11:41:35 am","Main Warehouse",,"Default Supplier"
40351,45721,Cats,"Canadian Naturals Cat Food - Chicken & Brown Rice - 6.5lbs",4,Each,0.00,4,,"0000-00-00 00:00:00",,,,0,22.540000,0.000000,"Canadian Naturals",,"02/12/2026 11:41:35 am","Main Warehouse",,"Default Supplier"
40351,45699,Dogs,"Canadian Naturals Chicken & Brown Rice Recipe - 5lbs",2,Each,0.00,2,,"0000-00-00 00:00:00",,,,0,22.540000,0.000000,"Canadian Naturals",,"02/12/2026 11:41:35 am","Main Warehouse",,"Default Supplier"
40351,341895,Accessories,"World's Best Multiple Cat Clumping Unscented Litter 14lb",4,Each,103.20,4,,"0000-00-00 00:00:00",,,,25.8,27.620000,0.000000,"World's Best",,"02/12/2026 11:41:35 am","Main Warehouse",,"Default Supplier"
40351,347533,"Dry Cat Food","GO! Cat Hairball Control + Urinary Care Chicken Recipe - 6lb",4,Each,133.40,4,,"0000-00-00 00:00:00",,,,33.35,46.990000,0.000000,GO,,"02/12/2026 11:41:35 am","Main Warehouse",,"Default Supplier"
40351,45723,Cats,"Canadian Naturals Cat Food - Turkey & Salmon - 3lbs",2,Each,0.00,2,,"0000-00-00 00:00:00",,,,0,17.990000,0.000000,"Canadian Naturals",,"02/12/2026 11:41:35 am","Main Warehouse",,"Default Supplier"
40351,347781,"Dry Dog Food","GO! Dog Skin & Coat Salmon Recipe - 12lb",2,Each,83.80,2,,"2027-02-12 07:00:00",,,,41.9,58.990000,0.000000,GO,,"02/12/2026 11:41:35 am","Main Warehouse",,"Default Supplier"
40351,347254,"Dry Dog Food","GO! Dog Skin & Coat Duck Recipe - 12lb",2,Each,83.80,2,,"0000-00-00 00:00:00",,,,41.9,58.990000,0.000000,GO!,,"02/12/2026 11:41:35 am","Main Warehouse",,"Default Supplier"
40351,340083,"Dry Dog Food","Go! Dog Weight Management & Joint Care Salmon - 3.5lb",2,Each,36.90,2,,"0000-00-00 00:00:00",,,,18.45,25.990000,0.000000,GO!,,"02/12/2026 11:41:35 am","Main Warehouse",,"Default Supplier"
40351,347780,"Dry Dog Food","GO! Dog Skin & Coat Salmon Recipe - 3.5lb",1,Each,15.70,1,,"0000-00-00 00:00:00",,,,15.7,21.990000,0.000000,GO,,"02/12/2026 11:41:35 am","Main Warehouse",,"Default Supplier"
40351,344579,"Dry Cat Food","NOW Cat Turkey Salmon & Duck Adult - 8lb",1,Each,41.70,1,,"0000-00-00 00:00:00",,,,41.7,57.990000,0.000000,"Now Fresh",,"02/12/2026 11:41:35 am","Main Warehouse",,"Default Supplier"
40351,377785,"Dry Dog Food","GO! Dog Skin & Coat Lamb Recipe - 12lb",4,Each,170.40,4,,"0000-00-00 00:00:00",,,,42.6,59.990000,0.000000,GO!,,"02/12/2026 11:41:35 am","Main Warehouse",,"Default Supplier"
40351,344130,"Dry Dog Food","GO! Dog Carnivore Grain Free Chicken Turkey Duck for Senior 12 Lb",2,Each,88.20,2,,"2027-03-12 07:00:00",,,,44.1,61.990000,0.000000,GO!,,"02/12/2026 11:41:35 am","Main Warehouse",,"Default Supplier"
40351,344151,"Dry Cat Food","GO! Cat Grain Free Carnivore Salmon & Cod - 16lb",4,Each,275.60,4,,"2027-01-12 07:00:00",,,,68.9,96.990000,0.000000,GO!,,"02/12/2026 11:41:35 am","Main Warehouse",,"Default Supplier"
40351,347530,"Dry Cat Food","GO! Cat Sensitivities Grain Free Salmon - 12lb",4,Each,213.00,4,,"2027-03-12 07:00:00",,,,53.25,74.990000,0.000000,GO,,"02/12/2026 11:41:35 am","Main Warehouse",,"Default Supplier"
40351,344328,"Dry Dog Food","GO! Dog Sensitivities Grain Free Duck - 12lb",6,Each,302.40,6,,"2027-03-12 07:00:00",,,,50.4,70.990000,0.000000,GO!,,"02/12/2026 11:41:35 am","Main Warehouse",,"Default Supplier"
40351,347391,"Dry Cat Food","GO! Cat Skin & Coat Salmon - 16lb",4,Each,249.80,4,,"2027-04-12 06:00:00",,,,62.45,83.990000,0.000000,GO,,"02/12/2026 11:41:35 am","Main Warehouse",,"Default Supplier"
40351,45719,Dogs,"Canadian Naturals Lamb & Brown Rice Recipe - 25lbs",1,Each,0.00,1,,"2027-07-12 06:00:00",,,,0,54.990000,0.000000,"Canadian Naturals",,"02/12/2026 11:41:35 am","Main Warehouse",,"Default Supplier"
40351,45739,Dogs,"Canadian Naturals Grain Free Red Meat Recipe - 25lbs",2,Each,0.00,2,,"2027-07-12 06:00:00",,,,0,61.990000,0.000000,"Canadian Naturals",,"02/12/2026 11:41:35 am","Main Warehouse",,"Default Supplier"
40351,340085,"Dry Dog Food","Go! Dog Weight Management & Joint Care Salmon - 22lb",6,Each,426.00,6,,"0000-00-00 00:00:00",,,,71,99.990000,0.000000,GO!,,"02/12/2026 11:41:35 am","Main Warehouse",,"Default Supplier"
40351,344341,"Dry Dog Food","GO! Sensitivities Limited Ingredient Lamb 22LB",2,Each,156.18,2,,"2027-04-12 06:00:00",,,,78.09,111.990000,0.000000,GO!,,"02/12/2026 11:41:35 am","Main Warehouse",,"Default Supplier"
40351,344325,"Dry Dog Food","GO! Dog Sensitivities Grain Free Venison - 22lb",2,Each,205.80,2,,"0000-00-00 00:00:00",,,,102.9,142.990000,0.000000,GO!,,"02/12/2026 11:41:35 am","Main Warehouse",,"Default Supplier"
40351,344333,"Dry Dog Food","GO! Dog Sensitivities Grain Free Salmon - 22lb",8,Each,596.40,8,,"0000-00-00 00:00:00",,,,74.55,94.990000,0.000000,GO!,,"02/12/2026 11:41:35 am","Main Warehouse",,"Default Supplier"
40351,344127,"Dry Dog Food","GO! Dog Carnivore Grain Free Chicken, Turkey Duck Adult - 22lb",4,Each,255.60,4,,"0000-00-00 00:00:00",,,,63.9,89.990000,0.000000,GO!,,"02/12/2026 11:41:35 am","Main Warehouse",,"Default Supplier"
40351,344123,"Dry Dog Food","GO! Dog Carnivore Grain Free Chicken, Turkey & Duck for Puppy - 22lb",2,Each,132.20,2,,"0000-00-00 00:00:00",,,,66.1,92.990000,0.000000,GO!,,"02/12/2026 11:41:35 am","Main Warehouse",,"Default Supplier"
40352,721112,,"Intersand OdourLock Unscented Original Litter - 12kg",88,Each,1678.16,88,,"0000-00-00 00:00:00",,,,19.07,28.490000,0.000000,Intersand,,"02/12/2026 11:43:25 am","Main Warehouse",,"Default Supplier"
40361,472398,"Dry Cat Food","Acana Cat Highest Protein Indoor Dry Food 4.5 kg",2,Each,0.00,2,,"2026-02-13 19:50:48",,,,0,68.990000,0.000000,Acana,,"02/13/2026 1:03:15 pm","Main Warehouse",,"Default Supplier"
40361,622013,"Wet Cat Food","FirstMate Limited Ingredient Canned Cat Food - Cage-Free Turkey Formula 12.2oz",21,Each,0.00,21,,"0000-00-00 00:00:00",,,,0,4.190000,0.000000,FirstMate,,"02/13/2026 1:03:15 pm","Main Warehouse",,"Default Supplier"
40361,622023,"Wet Cat Food","FirstMate Limited Ingredient Canned Cat Food - Cage-Free Chicken Formula 12.2oz",24,Each,0.00,24,,"0000-00-00 00:00:00",,,,0,4.190000,0.000000,FirstMate,,"02/13/2026 1:03:15 pm","Main Warehouse",,"Default Supplier"
40361,622068,"Wet Cat Food","FirstMate Limited Ingredient Canned Cat Food - Cage-free Chicken & Rice Formula for Cats 12.2oz",24,Each,0.00,24,,"0000-00-00 00:00:00",,,,0,4.190000,0.000000,FirstMate,,"02/13/2026 1:03:15 pm","Main Warehouse",,"Default Supplier"
40362,911075,Kitten,"Tiki Cat Baby Variety Pack Kitten Cat Food -- 2.4oz / 12 pack",4,Each,0.00,4,,"0000-00-00 00:00:00",,,,0,29.990000,0.000000,"Tiki Cat",,"02/13/2026 1:07:45 pm","Main Warehouse",,"Default Supplier"
40364,594231,"Dog Treats","Himalayan Yum Chew Bacon",1,Each,6.29,1,,"0000-00-00 00:00:00",,,,6.29,11.490000,0.000000,Himalayan,,"02/13/2026 1:29:49 pm","Main Warehouse",,"Default Supplier"
40364,594228,,"Himalayan Yum Chew Cheese",1,Each,6.29,1,,"0000-00-00 00:00:00",,,,6.29,6.890000,0.000000,Himalayan,,"02/13/2026 1:29:49 pm","Main Warehouse",,"Default Supplier"
40364,194091,,"Primal Freeze Dried Topper Beef for Dogs & Cats",1,Each,8.09,1,,"0000-00-00 00:00:00",,,,8.09,11.000000,0.000000,Primal,,"02/13/2026 1:29:49 pm","Main Warehouse",,"Default Supplier"
40364,594230,,"Himalayan Yum Chew Peanut Butter",1,Each,6.29,1,,"0000-00-00 00:00:00",,,,6.29,11.490000,0.000000,Himalayan,,"02/13/2026 1:29:49 pm","Main Warehouse",,"Default Supplier"
40364,500322,,"Himalayan YakyCharms Cheese with Peanut Butter",12,Each,40.44,12,,"0000-00-00 00:00:00",,,,3.37,4.670000,0.000000,Himalayan,,"02/13/2026 1:29:49 pm","Main Warehouse",,"Default Supplier"
40364,700356,,"BFF OMG Gravy Variety Pack 12 Pouches",2,Each,31.78,2,,"0000-00-00 00:00:00",,,,15.89,16.680000,0.000000,Weruva,,"02/13/2026 1:29:49 pm","Main Warehouse",,"Default Supplier"
40364,101836,,"Weruva Cat Pate Meal or No Deal Chicken & Beef",12,Each,20.16,12,,"0000-00-00 00:00:00",,,,1.68,2.790000,0.000000,Weruva,,"02/13/2026 1:29:49 pm","Main Warehouse",,"Default Supplier"
40364,37822,"Chews + Bones","Himalayan Yogurt Sticks Plain",1,Each,0.00,1,,"0000-00-00 00:00:00",,,,0,10.990000,0.000000,Himalayan,,"02/13/2026 1:29:49 pm","Main Warehouse",,"Default Supplier"
40364,94229,"Chews + Bones","Himalayan YakySNACKS - YakyYUM Chicken Flavour Dog Treats",1,Each,0.00,1,,"0000-00-00 00:00:00",,,,0,11.990000,0.000000,Himalayan,,"02/13/2026 1:29:49 pm","Main Warehouse",,"Default Supplier"
40364,37823,"Chews + Bones","Himalayan Yogurt Sticks Bacon",1,Each,0.00,1,,"0000-00-00 00:00:00",,,,0,10.990000,0.000000,Himalayan,,"02/13/2026 1:29:49 pm","Main Warehouse",,"Default Supplier"
40364,594214,,"Himalayan Churro Chew Stix - Cheese",1,Each,4.09,1,,"0000-00-00 00:00:00",,,,4.09,5.990000,0.000000,Himalayan,,"02/13/2026 1:29:49 pm","Main Warehouse",,"Default Supplier"
40364,594213,,"Himalayan Churro Chew Stix - Bacon",2,Each,8.18,2,,"0000-00-00 00:00:00",,,,4.09,5.990000,0.000000,Himalayan,,"02/13/2026 1:29:49 pm","Main Warehouse",,"Default Supplier"
40365,911332,,"Tiki Cat Stix Wet Treats Duck in Gravy",24,Each,112.56,24,,"0000-00-00 00:00:00",,,,4.69,7.490000,0.000000,"Tiki Cat",,"02/13/2026 1:38:19 pm","Main Warehouse",,"Default Supplier"
40365,910861,,"Tiki Cat Stix Wet Treats Tuna Mousse",24,Each,112.56,24,,"0000-00-00 00:00:00",,,,4.69,7.490000,0.000000,"Tiki Cat",,"02/13/2026 1:38:19 pm","Main Warehouse",,"Default Supplier"
40386,11412,"Dry Dog Food","Fromm Dog Four-Star Grain Free Beef Frittata Veg - 5.4kg",1,,0.00,1,,"0000-00-00 00:00:00",,,,0,69.990000,0.000000,Fromm,,"02/17/2026 3:24:59 pm","Main Warehouse",,"WooCommerce Import"
40386,72401,"Dry Cat Food","Orijen Cat Guardian 8 Senior Dry Food 1.8kg - 4.5KG",1,,0.00,1,,"0000-00-00 00:00:00",,,,0,79.990000,0.000000,Orijen,,"02/17/2026 3:24:59 pm","Main Warehouse",,"WooCommerce Import"
40386,100502,"Dry Cat Food","GO! Cat Skin & Coat Salmon - 8lb",1,,0.00,1,,"0000-00-00 00:00:00",,,,0,49.990000,0.000000,GO,,"02/17/2026 3:24:59 pm","Main Warehouse",,"WooCommerce Import"
40387,11412,"Dry Dog Food","Fromm Dog Four-Star Grain Free Beef Frittata Veg - 5.4kg",2,Each,0.00,2,,"2027-03-03 07:00:00",,,,0,69.990000,0.000000,Fromm,,"02/17/2026 3:26:50 pm","Main Warehouse",,"Default Supplier"
40392,8028821,Dogs,"Go! Solutions Skin + Coat Care Dry Food for Dogs - Chicken Recipe with Grains 12lb",3,Each,0.00,3,,"0000-00-00 00:00:00",,,,0,54.990000,0.000000,GO!,,"02/18/2026 10:40:36 am","Main Warehouse",,"Default Supplier"
40392,100502,"Dry Cat Food","GO! Cat Skin & Coat Salmon - 8lb",1,Each,0.00,1,,"0000-00-00 00:00:00",,,,0,49.990000,0.000000,GO,,"02/18/2026 10:40:36 am","Main Warehouse",,"Default Supplier"
40392,100107,"Cat Litter &amp; Litter Supplies","World's Best Original Clumping Litter - 28lb",1,Each,0.00,1,,"0000-00-00 00:00:00",,,,0,54.990000,0.000000,"World's Best",,"02/18/2026 10:40:36 am","Main Warehouse",,"Default Supplier"
40396,94352,"Crunchy Treats","Primal Canine Freeze-Dried Raw Nuggets - Duck Recipe",1,,0.00,1,,"0000-00-00 00:00:00",,,,0,25.490000,0.000000,Primal,,"02/18/2026 1:56:07 pm","Main Warehouse",,"WooCommerce Import"
40396,700113,Cats,"Weruva Funky Chunky Chicken Soup Canned Cat Food",1,,0.00,1,,"0000-00-00 00:00:00",,,,0,3.590000,0.000000,Weruva,,"02/18/2026 1:56:07 pm","Main Warehouse",,"WooCommerce Import"
40396,200497,"Crunchy Treats","Primal Canine Freeze-Dried Raw Nuggets - Rabbit Recipe",1,,0.00,1,,"0000-00-00 00:00:00",,,,0,25.490000,0.000000,Primal,,"02/18/2026 1:56:07 pm","Main Warehouse",,"WooCommerce Import"
40396,200715,Dogs,"Now Fresh Grain-Free Fish Recipe for Adult Dogs - Trout, Salmon, & Herring",1,,0.00,1,,"0000-00-00 00:00:00",,,,0,111.990000,0.000000,"Now Fresh",,"02/18/2026 1:56:07 pm","Main Warehouse",,"WooCommerce Import"
40396,72375,Dogs,"ORIJEN Original Chicken, Turkey & Cod Pate Dog Food 363g /12.8oz",1,,0.00,1,,"0000-00-00 00:00:00",,,,0,6.990000,0.000000,Orijen,,"02/18/2026 1:56:07 pm","Main Warehouse",,"WooCommerce Import"
40396,72376,Dogs,"ORIJEN Tundra with Liver Pate Dog Food 363g / 12.8oz",1,,0.00,1,,"0000-00-00 00:00:00",,,,0,6.990000,0.000000,Orijen,,"02/18/2026 1:56:07 pm","Main Warehouse",,"WooCommerce Import"
40396,72378,Dogs,"ORIJEN Chicken Recipe with Liver Pate Dog Food 363g / 12.2oz",1,,0.00,1,,"0000-00-00 00:00:00",,,,0,6.990000,0.000000,Orijen,,"02/18/2026 1:56:07 pm","Main Warehouse",,"WooCommerce Import"
40396,100164,Dogs,"Horizon Pulsar Grain-Free Chicken Formula",1,,0.00,1,,"0000-00-00 00:00:00",,,,0,69.990000,0.000000,HugSmart,,"02/18/2026 1:56:07 pm","Main Warehouse",,"WooCommerce Import"
40396,72377,Dogs,"ORIJEN Regional Red with Liver Pate Dog Food 363g/12.8oz",1,,0.00,1,,"0000-00-00 00:00:00",,,,0,6.990000,0.000000,Orijen,,"02/18/2026 1:56:07 pm","Main Warehouse",,"WooCommerce Import"
40396,72824,Dogs,"Orijen Amazing Grains Dry Dog Food - Original",1,,0.00,1,,"0000-00-00 00:00:00",,,,0,114.990000,0.000000,Orijen,,"02/18/2026 1:56:07 pm","Main Warehouse",,"WooCommerce Import"
40396,72440,Dogs,"Acana Healthy Grains Sea to Farm Puppy Food 22.5lb",1,,0.00,1,,"0000-00-00 00:00:00",,,,0,95.990000,0.000000,Acana,,"02/18/2026 1:56:07 pm","Main Warehouse",,"WooCommerce Import"
40396,100780,Cats,"Go! Digestion & Gut Health Salmon With Grains Recipe for Cats 6lb",1,,0.00,1,,"0000-00-00 00:00:00",,,,0,39.990000,0.000000,GO,,"02/18/2026 1:56:07 pm","Main Warehouse",,"WooCommerce Import"
40396,100821,Cats,"Go! Digestion & Gut Health Salmon With Grains Recipe for Cats 6lb",1,,0.00,1,,"0000-00-00 00:00:00",,,,0,39.990000,0.000000,GO,,"02/18/2026 1:56:07 pm","Main Warehouse",,"WooCommerce Import"
40396,12534,Dogs,"Open Farm Harvest Chicken & Ancient Grains Dry Dog Food 11lb",1,,0.00,1,,"0000-00-00 00:00:00",,,,0,64.990000,0.000000,"Open Farm",,"02/18/2026 1:56:07 pm","Main Warehouse",,"WooCommerce Import"
40396,12579,Dogs,"Open Farm Grass-Fed Beef & Ancient Grains Dry Dog Food 11lb",1,,0.00,1,,"0000-00-00 00:00:00",,,,0,70.990000,0.000000,"Open Farm",,"02/18/2026 1:56:07 pm","Main Warehouse",,"WooCommerce Import"
40396,72381,Dogs,"ACANA Premium Pate Duck Recipe Dog Food 362g/12.8 oz",1,,0.00,1,,"0000-00-00 00:00:00",,,,0,5.690000,0.000000,Acana,,"02/18/2026 1:56:07 pm","Main Warehouse",,"WooCommerce Import"
40396,72379,Dogs,"ACANA Premium Pate Poultry Recipe Dog Food 363g/12.8oz",1,,0.00,1,,"0000-00-00 00:00:00",,,,0,5.690000,0.000000,Acana,,"02/18/2026 1:56:07 pm","Main Warehouse",,"WooCommerce Import"
40396,12577,Dogs,"Open Farm Farmer's Table Pork & Ancient Grains Dry Dog Food",1,,0.00,1,,"0000-00-00 00:00:00",,,,0,104.990000,0.000000,"Open Farm",,"02/18/2026 1:56:07 pm","Main Warehouse",,"WooCommerce Import"
40396,72382,Dogs,"ACANA Premium Pate Lamb Recipe Dog Food 363g/12.8oz",1,,0.00,1,,"0000-00-00 00:00:00",,,,0,5.690000,0.000000,Acana,,"02/18/2026 1:56:07 pm","Main Warehouse",,"WooCommerce Import"
40396,12990,Cats,"RawMix Open Prairie Grain-Free Cat Kibble 8lb",1,,0.00,1,,"0000-00-00 00:00:00",,,,0,66.990000,0.000000,"Royal Canin",,"02/18/2026 1:56:07 pm","Main Warehouse",,"WooCommerce Import"
40396,72380,Dogs,"Acana Premium Pate Wet Dog Food - Beef Recipe 363g/12.8oz",1,,0.00,1,,"0000-00-00 00:00:00",,,,0,5.690000,0.000000,Acana,,"02/18/2026 1:56:07 pm","Main Warehouse",,"WooCommerce Import"
40396,50220,Dogs,"Acana Puppy Small Breed Recipe Dry Dog Food",1,,0.00,1,,"0000-00-00 00:00:00",,,,0,33.490000,0.000000,Acana,,"02/18/2026 1:56:07 pm","Main Warehouse",,"WooCommerce Import"
40396,601004,"Wet Cat Food","Almo Nature Natural HQS - Chicken Breast In Broth",1,,0.00,1,,"0000-00-00 00:00:00",,,,0,2.390000,0.000000,"Almo Nature",,"02/18/2026 1:56:07 pm","Main Warehouse",,"WooCommerce Import"
40396,72732,Cats,"Acana Cat First Feast Dry Food - 3.17kg",1,,0.00,1,,"0000-00-00 00:00:00",,,,0,43.990000,0.000000,Acana,,"02/18/2026 1:56:07 pm","Main Warehouse",,"WooCommerce Import"
40398,100164,Dogs,"Horizon Pulsar Grain-Free Chicken Formula",3,Each,0.00,3,,"2027-01-01 07:00:00",,,,0,69.990000,0.000000,HugSmart,,"02/18/2026 2:33:56 pm","Main Warehouse",,"Default Supplier"
40398,200715,Dogs,"Now Fresh Grain-Free Fish Recipe for Adult Dogs - Trout, Salmon, & Herring",3,Each,0.00,3,,"2027-05-01 06:00:00",,,,0,111.990000,0.000000,"Now Fresh",,"02/18/2026 2:33:56 pm","Main Warehouse",,"Default Supplier"
40398,72824,Dogs,"Orijen Amazing Grains Dry Dog Food - Original",3,Each,0.00,3,,"2027-06-18 06:00:00",,,,0,114.990000,0.000000,Orijen,,"02/18/2026 2:33:56 pm","Main Warehouse",,"Default Supplier"
40398,72440,Dogs,"Acana Healthy Grains Sea to Farm Puppy Food 22.5lb",3,Each,0.00,3,,"0000-00-00 00:00:00",,,,0,95.990000,0.000000,Acana,,"02/18/2026 2:33:56 pm","Main Warehouse",,"Default Supplier"
40398,12990,Cats,"RawMix Open Prairie Grain-Free Cat Kibble 8lb",1,Each,0.00,1,,"2027-07-18 06:00:00",,,,0,66.990000,0.000000,"Royal Canin",,"02/18/2026 2:33:56 pm","Main Warehouse",,"Default Supplier"
40398,12534,Dogs,"Open Farm Harvest Chicken & Ancient Grains Dry Dog Food 11lb",1,Each,0.00,1,,"2026-12-18 07:00:00",,,,0,64.990000,0.000000,"Open Farm",,"02/18/2026 2:33:56 pm","Main Warehouse",,"Default Supplier"
40398,72732,Cats,"Acana Cat First Feast Dry Food - 3.17kg",2,Each,0.00,2,,"0000-00-00 00:00:00",,,,0,43.990000,0.000000,Acana,,"02/18/2026 2:33:56 pm","Main Warehouse",,"Default Supplier"
40398,100821,Cats,"Go! Digestion & Gut Health Salmon With Grains Recipe for Cats 6lb",1,Each,0.00,1,,"0000-00-00 00:00:00",,,,0,39.990000,0.000000,GO,,"02/18/2026 2:33:56 pm","Main Warehouse",,"Default Supplier"
40398,100780,Cats,"Go! Digestion & Gut Health Salmon With Grains Recipe for Cats 6lb",1,Each,0.00,1,,"0000-00-00 00:00:00",,,,0,39.990000,0.000000,GO,,"02/18/2026 2:33:56 pm","Main Warehouse",,"Default Supplier"
40398,72380,Dogs,"Acana Premium Pate Wet Dog Food - Beef Recipe 363g/12.8oz",11,Each,0.00,11,,"0000-00-00 00:00:00",,,,0,5.690000,0.000000,Acana,,"02/18/2026 2:33:56 pm","Main Warehouse",,"Default Supplier"
40398,72381,Dogs,"ACANA Premium Pate Duck Recipe Dog Food 362g/12.8 oz",23,Each,0.00,23,,"0000-00-00 00:00:00",,,,0,5.690000,0.000000,Acana,,"02/18/2026 2:33:56 pm","Main Warehouse",,"Default Supplier"
40398,72379,Dogs,"ACANA Premium Pate Poultry Recipe Dog Food 363g/12.8oz",11,Each,0.00,11,,"0000-00-00 00:00:00",,,,0,5.690000,0.000000,Acana,,"02/18/2026 2:33:56 pm","Main Warehouse",,"Default Supplier"
40398,72382,Dogs,"ACANA Premium Pate Lamb Recipe Dog Food 363g/12.8oz",11,Each,0.00,11,,"0000-00-00 00:00:00",,,,0,5.690000,0.000000,Acana,,"02/18/2026 2:33:56 pm","Main Warehouse",,"Default Supplier"
40398,601004,"Wet Cat Food","Almo Nature Natural HQS - Chicken Breast In Broth",23,Each,0.00,23,,"0000-00-00 00:00:00",,,,0,2.390000,0.000000,"Almo Nature",,"02/18/2026 2:33:56 pm","Main Warehouse",,"Default Supplier"
40398,700113,Cats,"Weruva Funky Chunky Chicken Soup Canned Cat Food",23,Each,0.00,23,,"0000-00-00 00:00:00",,,,0,3.590000,0.000000,Weruva,,"02/18/2026 2:33:56 pm","Main Warehouse",,"Default Supplier"
40398,72377,Dogs,"ORIJEN Regional Red with Liver Pate Dog Food 363g/12.8oz",11,Each,0.00,11,,"0000-00-00 00:00:00",,,,0,6.990000,0.000000,Orijen,,"02/18/2026 2:33:56 pm","Main Warehouse",,"Default Supplier"
40398,72376,Dogs,"ORIJEN Tundra with Liver Pate Dog Food 363g / 12.8oz",11,Each,0.00,11,,"0000-00-00 00:00:00",,,,0,6.990000,0.000000,Orijen,,"02/18/2026 2:33:56 pm","Main Warehouse",,"Default Supplier"
40398,72375,Dogs,"ORIJEN Original Chicken, Turkey & Cod Pate Dog Food 363g /12.8oz",11,Each,0.00,11,,"0000-00-00 00:00:00",,,,0,6.990000,0.000000,Orijen,,"02/18/2026 2:33:56 pm","Main Warehouse",,"Default Supplier"
40398,72378,Dogs,"ORIJEN Chicken Recipe with Liver Pate Dog Food 363g / 12.2oz",11,Each,0.00,11,,"0000-00-00 00:00:00",,,,0,6.990000,0.000000,Orijen,,"02/18/2026 2:33:56 pm","Main Warehouse",,"Default Supplier"
40405,37822,"Chews + Bones","Himalayan Yogurt Sticks Plain",73,Each,0.00,73,,"0000-00-00 00:00:00",,,,0,10.990000,0.000000,Himalayan,,"02/19/2026 11:09:09 am","Main Warehouse",,"Default Supplier"
40405,594214,,"Himalayan Churro Chew Stix - Cheese",25,Each,102.25,25,,"0000-00-00 00:00:00",,,,4.09,5.990000,0.000000,Himalayan,,"02/19/2026 11:09:09 am","Main Warehouse",,"Default Supplier"
40405,837824,,"Himalayan Yogurt Sticks",73,Each,485.45,73,,"0000-00-00 00:00:00",,,,6.65,0.000000,0.000000,N/A,,"02/19/2026 11:09:09 am","Main Warehouse",,"Default Supplier"
40405,594228,,"Himalayan Yum Chew Cheese",72,Each,452.88,72,,"0000-00-00 00:00:00",,,,6.29,6.890000,0.000000,Himalayan,,"02/19/2026 11:09:09 am","Main Warehouse",,"Default Supplier"
40405,37823,"Chews + Bones","Himalayan Yogurt Sticks Bacon",72,Each,0.00,72,,"0000-00-00 00:00:00",,,,0,10.990000,0.000000,Himalayan,,"02/19/2026 11:09:09 am","Main Warehouse",,"Default Supplier"
40405,594230,,"Himalayan Yum Chew Peanut Butter",72,Each,452.88,72,,"0000-00-00 00:00:00",,,,6.29,11.490000,0.000000,Himalayan,,"02/19/2026 11:09:09 am","Main Warehouse",,"Default Supplier"
40405,594213,,"Himalayan Churro Chew Stix - Bacon",72,Each,294.48,72,,"0000-00-00 00:00:00",,,,4.09,5.990000,0.000000,Himalayan,,"02/19/2026 11:09:09 am","Main Warehouse",,"Default Supplier"
40405,594235,,"Himalayan Churro Bacon",9,Each,47.43,9,,"0000-00-00 00:00:00",,,,5.27,9.990000,0.000000,Himalayan,,"02/19/2026 11:09:09 am","Main Warehouse",,"Default Supplier"
40408,42297,"Chews + Bones","Himalayan Dog Chew Yaky Yum Chicken",1,,0.00,1,,"0000-00-00 00:00:00",,,,0,11.490000,0.000000,,,"02/19/2026 12:45:24 pm","Main Warehouse",,"WooCommerce Import"
40408,500407,"Chews + Bones","Himalayan Churro Chew Stix - Salmon",1,,0.00,1,,"0000-00-00 00:00:00",,,,0,8.490000,0.000000,Himalayan,,"02/19/2026 12:45:24 pm","Main Warehouse",,"WooCommerce Import"
40409,500407,"Chews + Bones","Himalayan Churro Chew Stix - Salmon",100,Each,0.00,100,,"0000-00-00 00:00:00",,,,0,8.490000,0.000000,Himalayan,,"02/19/2026 12:51:15 pm","Main Warehouse",,"Default Supplier"
40409,94229,"Chews + Bones","Himalayan YakySNACKS - YakyYUM Chicken Flavour Dog Treats",72,Each,0.00,72,,"0000-00-00 00:00:00",,,,0,11.990000,0.000000,Himalayan,,"02/19/2026 12:51:15 pm","Main Warehouse",,"Default Supplier"
40414,428254,"Dry Cat Food","ORIJEN Regional Red Cat - 5.4kg",4,Each,246.52,4,,"0000-00-00 00:00:00",,,,61.63,84.990000,0.000000,Orijen,,"02/20/2026 1:40:50 pm","Main Warehouse",,"Default Supplier"
40414,813109,"Dry Dog Food","Zignature Dog Limited Ingredient Turkey - 12.5lb",1,Each,35.93,1,,"0000-00-00 00:00:00",,,,35.93,33.890000,0.000000,Zignature,,"02/20/2026 1:40:50 pm","Main Warehouse",,"Default Supplier"
40414,472398,"Dry Cat Food","Acana Cat Highest Protein Indoor Dry Food 4.5 kg",2,Each,0.00,2,,"2027-02-20 07:00:00",,,,0,68.990000,0.000000,Acana,,"02/20/2026 1:40:50 pm","Main Warehouse",,"Default Supplier"
40414,710108,"Dry Dog Food","FirstMate Dog Grain Friendly Free Range Lamb & Oats - 25lb",2,Each,83.78,2,,"2027-02-20 07:00:00",,,,41.89,56.040000,0.000000,FirstMate,,"02/20/2026 1:40:50 pm","Main Warehouse",,"Default Supplier"
40414,710103,"Dry Dog Food","FirstMate Dog Grain Friendly Wild Pacific Caught Fish & Oats - 25lb",4,Each,167.56,4,,"0000-00-00 00:00:00",,,,41.89,58.990000,0.000000,FirstMate,,"02/20/2026 1:40:50 pm","Main Warehouse",,"Default Supplier"
40414,99010,Dogs,"Oven Baked Tradition - Adult Dog Semi-Moist Dog Food - Chicken - 20lb",2,Each,0.00,2,,"0000-00-00 00:00:00",,,,0,113.490000,0.000000,"Oven Baked",,"02/20/2026 1:40:50 pm","Main Warehouse",,"Default Supplier"
40414,710128,"Dry Dog Food","FirstMate Dog Grain Friendly Duck & Oats - 25lb",7,Each,313.11,7,,"0000-00-00 00:00:00",,,,44.73,62.990000,0.000000,FirstMate,,"02/20/2026 1:40:50 pm","Main Warehouse",,"Default Supplier"
40414,618312,"Dry Dog Food","ORIJEN Six Fish Dog - 11.4kg",2,Each,176.70,2,,"0000-00-00 00:00:00",,,,88.35,87.490000,0.000000,Orijen,,"02/20/2026 1:40:50 pm","Main Warehouse",,"Default Supplier"
40414,471421,"Dry Dog Food","ACANA Singles Pork & Squash Recipe - 10.8kg",1,Each,77.22,1,,"0000-00-00 00:00:00",,,,77.22,105.990000,0.000000,Acana,,"02/20/2026 1:40:50 pm","Main Warehouse",,"Default Supplier"
40414,471417,"Dry Dog Food","ACANA Singles Duck & Pear Recipe - 10.8kg",4,Each,357.52,4,,"0000-00-00 00:00:00",,,,89.38,123.990000,0.000000,Acana,,"02/20/2026 1:40:50 pm","Main Warehouse",,"Default Supplier"
40414,456017,"Dry Dog Food","ACANA Classics Prairie Poultry Recipe - 14.5kg",4,Each,269.52,4,,"0000-00-00 00:00:00",,,,67.38,85.490000,0.000000,Acana,,"02/20/2026 1:40:50 pm","Main Warehouse",,"Default Supplier"
40414,454011,"Dry Dog Food","ACANA Highest Protein Wild Prairie - 11.4kg",2,Each,135.12,2,,"0000-00-00 00:00:00",,,,67.56,108.990000,0.000000,Acana,,"02/20/2026 1:40:50 pm","Main Warehouse",,"Default Supplier"
40414,813118,`,"Zignature Dog Zssentials - 25lb",1,Each,77.82,1,,"2026-02-20 20:39:04",,,,77.82,108.990000,0.000000,Zignature,,"02/20/2026 1:40:50 pm","Main Warehouse",,"Default Supplier"
40414,456117,"Dry Dog Food","ACANA Classics Wild Coast Recipe - 14.5kg",2,Each,164.86,2,,"2026-02-20 20:39:42",,,,82.43,109.990000,0.000000,Acana,,"02/20/2026 1:40:50 pm","Main Warehouse",,"Default Supplier"
40414,456217,"Dry Dog Food","ACANA Classics Red Meat Recipe - 14.5kg",2,Each,150.52,2,,"2026-02-20 20:40:20",,,,75.26,94.990000,0.000000,Acana,,"02/20/2026 1:40:50 pm","Main Warehouse",,"Default Supplier"
40415,471604,"Wet Dog Food","Acana Dog Premium Chunks Grain Free Pork in Bone Broth Wet Food",12,Each,44.28,12,,"0000-00-00 00:00:00",,,,3.69,5.085000,0.000000,Acana,,"02/20/2026 1:58:28 pm","Main Warehouse",,"Default Supplier"
40415,471601,"Wet Dog Food","Acana Dog Premium Chunks Grain Free Lamb in Broth Wet Food",12,Each,44.28,12,,"0000-00-00 00:00:00",,,,3.69,4.490000,0.000000,Acana,,"02/20/2026 1:58:28 pm","Main Warehouse",,"Default Supplier"
40415,813134,"Wet Dog Food","Zignature Kangaroo Wet Food",12,Each,51.60,12,,"0000-00-00 00:00:00",,,,4.3,6.090000,0.000000,Zignature,,"02/20/2026 1:58:28 pm","Main Warehouse",,"Default Supplier"
40415,471965,"Wet Cat Food","Acana Cat Beef Recipe in Bone Broth Wet Food - 3oz",24,Each,35.52,24,,"0000-00-00 00:00:00",,,,1.48,2.370000,0.000000,Acana,,"02/20/2026 1:58:28 pm","Main Warehouse",,"Default Supplier"
40415,35155,"Cat Food Toppers","Fussie Cat Goat Milk Gravy Wet Food - Chicken with Duck",24,Each,52.56,24,,"2026-02-20 20:50:36",,,,2.19,3.190000,0.000000,"Fussie Cat",,"02/20/2026 1:58:28 pm","Main Warehouse",,"Default Supplier"
40415,13349,"Cat Food Toppers","Fussie Cat Goat Milk Gravy Wet Food - Tuna with Salmon",24,Each,52.56,24,,"2026-02-20 20:52:34",,,,2.19,3.190000,0.000000,"Fussie Cat",,"02/20/2026 1:58:28 pm","Main Warehouse",,"Default Supplier"
40415,800517,"Wet Dog Food","Weruva Grain & Gluten Free Wok the Dog - Chicken, Beef & Pumpkin 14oz",12,Each,55.44,12,,"0000-00-00 00:00:00",,,,4.62,5.890000,0.000000,Weruva,,"02/20/2026 1:58:28 pm","Main Warehouse",,"Default Supplier"
40415,471607,"Wet Dog Food","Acana Dog Premium Chunks Grain Free Duck in Bone Broth Wet Food",12,Each,44.28,12,,"0000-00-00 00:00:00",,,,3.69,5.990000,0.000000,Acana,,"02/20/2026 1:58:28 pm","Main Warehouse",,"Default Supplier"
40415,472220,"Wet Cat Food","Orijen Cat Regional Red in Bone Broth Wet Food",12,Each,32.64,12,,"0000-00-00 00:00:00",,,,2.72,4.490000,0.000000,Orijen,,"02/20/2026 1:58:28 pm","Main Warehouse",,"Default Supplier"
40416,700456,Dogs,"Weruva Grandma's Chicken Soup with veggies Canned Dog Food",12,,0.00,12,,"0000-00-00 00:00:00",,,,0,5.890000,0.000000,Weruva,,"02/20/2026 2:23:43 pm","Main Warehouse",,"WooCommerce Import"
40416,371553,Adult,"Royal Canin Digestive Care Wet Cat Food - 3oz",48,,0.00,48,,"0000-00-00 00:00:00",,,,0,3.190000,0.000000,"Royal Canin",,"02/20/2026 2:23:43 pm","Main Warehouse",,"WooCommerce Import"
40446,711551,"Dry Dog Food","Fromm Dog Gold Puppy - 13.61kg",2,Each,125.14,2,,"0000-00-00 00:00:00",,,,62.57,53.370000,0.000000,Fromm,,"02/25/2026 11:54:08 am","Main Warehouse",,"Default Supplier"
40446,454011,"Dry Dog Food","ACANA Highest Protein Wild Prairie - 11.4kg",2,Each,135.12,2,,"0000-00-00 00:00:00",,,,67.56,108.990000,0.000000,Acana,,"02/25/2026 11:54:08 am","Main Warehouse",,"Default Supplier"
40447,452520,"Dry Dog Food","ACANA Dog Adult Recipe - 2kg",2,Each,39.88,2,,"2027-07-22 06:00:00",,,,19.94,29.990000,0.000000,Acana,,"02/25/2026 12:00:11 pm","Main Warehouse",,"Default Supplier"
40447,471550,"Dry Dog Food","Acana Healthy Grains Puppy - 1.8kg",2,Each,35.50,2,,"0000-00-00 00:00:00",,,,17.75,22.945000,0.000000,Acana,,"02/25/2026 12:00:11 pm","Main Warehouse",,"Default Supplier"
40447,194092,,"Primal Freeze Dried Topper Chicken for Dogs & Cats",4,Each,32.36,4,,"0000-00-00 00:00:00",,,,8.09,6.600000,0.000000,Primal,,"02/25/2026 12:00:11 pm","Main Warehouse",,"Default Supplier"
40447,800087,"Dog Treats","Fruitables Dog Skinny Minis Grilled Bison Chewy Treats",8,Each,77.68,8,,"0000-00-00 00:00:00",,,,9.71,18.490000,0.000000,Fruitables,,"02/25/2026 12:00:11 pm","Main Warehouse",,"Default Supplier"
40447,194155,"Dog Freeze Dried Food","Primal Dog Freeze Dried Lamb Pronto 25oz",4,Each,203.92,4,,"0000-00-00 00:00:00",,,,50.98,44.990000,0.000000,Primal,,"02/25/2026 12:00:11 pm","Main Warehouse",,"Default Supplier"
40447,194091,,"Primal Freeze Dried Topper Beef for Dogs & Cats",2,Each,16.18,2,,"0000-00-00 00:00:00",,,,8.09,11.000000,0.000000,Primal,,"02/25/2026 12:00:11 pm","Main Warehouse",,"Default Supplier"
40448,135112,"Dog Treats","Zignature Dog Soft Moist Treats Venison",10,Each,49.90,10,,"0000-00-00 00:00:00",,,,4.99,8.990000,0.000000,Zignature,,"02/25/2026 12:02:22 pm","Main Warehouse",,"Default Supplier"
40448,911075,Kitten,"Tiki Cat Baby Variety Pack Kitten Cat Food -- 2.4oz / 12 pack",2,Each,0.00,2,,"0000-00-00 00:00:00",,,,0,29.990000,0.000000,"Tiki Cat",,"02/25/2026 12:02:22 pm","Main Warehouse",,"Default Supplier"
40462,45742,"Dry Dog Food","Canadian Naturals Grain Free Red Meat Large Breed 28LB",5,,0.00,5,,"0000-00-00 00:00:00",,,,0,67.990000,0.000000,"Canadian Naturals",,"02/26/2026 12:25:47 pm","Main Warehouse",,"WooCommerce Import"
40464,349004,"Dry Dog Food","NOW Dog Good Gravy Adult Salmon - 3.5lb",2,Each,42.60,2,,"0000-00-00 00:00:00",,,,21.3,29.990000,0.000000,NOW,,"02/26/2026 12:58:21 pm","Main Warehouse",,"Default Supplier"
40464,344138,"Dry Dog Food","GO! Dog Carnivore Grain Free Salmon & Cod - 12lb",2,Each,96.50,2,,"0000-00-00 00:00:00",,,,48.25,68.990000,0.000000,GO!,,"02/26/2026 12:58:21 pm","Main Warehouse",,"Default Supplier"
40464,45718,Dogs,"Canadian Naturals Chicken & Brown Rice Recipe - 30lbs",6,Each,214.20,6,,"0000-00-00 00:00:00",,,,35.7,53.990000,0.000000,"Canadian Naturals",,"02/26/2026 12:58:21 pm","Main Warehouse",,"Default Supplier"
40464,45719,Dogs,"Canadian Naturals Lamb & Brown Rice Recipe - 25lbs",4,Each,149.60,4,,"2027-02-26 07:00:00",,,,37.4,54.990000,0.000000,"Canadian Naturals",,"02/26/2026 12:58:21 pm","Main Warehouse",,"Default Supplier"
40464,45739,Dogs,"Canadian Naturals Grain Free Red Meat Recipe - 25lbs",6,Each,247.20,6,,"2027-02-26 07:00:00",,,,41.2,61.990000,0.000000,"Canadian Naturals",,"02/26/2026 12:58:21 pm","Main Warehouse",,"Default Supplier"
40464,779369457410,Dogs,"Canadian Naturals Grain Free Whitefish Recipe - 25lbs",5,Each,219.50,5,,"0000-00-00 00:00:00",,,,43.9,64.990000,0.000000,"Canadian Naturals",,"02/26/2026 12:58:21 pm","Main Warehouse",,"Default Supplier"
40464,45743,Dogs,"Canadian Naturals Pork and Brown Rice Recipe - 30lbs",3,Each,108.60,3,,"0000-00-00 00:00:00",,,,36.2,54.990000,0.000000,"Canadian Naturals",,"02/26/2026 12:58:21 pm","Main Warehouse",,"Default Supplier"
40464,349003,"Dry Dog Food","NOW Dog Good Gravy Adult Chicken - 22lb",2,Each,149.10,2,,"0000-00-00 00:00:00",,,,74.55,104.990000,0.000000,NOW,,"02/26/2026 12:58:21 pm","Main Warehouse",,"Default Supplier"
40464,347377,"Dry Cat Food","GO! Cat Skin & Coat Chicken Recipe - 16lb",2,Each,122.10,2,,"0000-00-00 00:00:00",,,,61.05,81.990000,0.000000,GO,,"02/26/2026 12:58:21 pm","Main Warehouse",,"Default Supplier"
40464,40227,Dogs,"Canadian Naturals Lamb & Brown Rice Recipe - 11lbs",2,Each,57.40,2,,"0000-00-00 00:00:00",,,,28.7,34.990000,0.000000,"Canadian Naturals",,"02/26/2026 12:58:21 pm","Main Warehouse",,"Default Supplier"
40464,40226,Dogs,"Canadian Naturals Chicken & Brown Rice Recipe - 11lbs",2,Each,47.80,2,,"0000-00-00 00:00:00",,,,23.9,35.990000,0.000000,"Canadian Naturals",,"02/26/2026 12:58:21 pm","Main Warehouse",,"Default Supplier"
40464,340092,"Dry Cat Food","Go! Cat Weight & Joint Care Chicken - Salmon, 12lb",2,Each,96.50,2,,"0000-00-00 00:00:00",,,,48.25,67.990000,0.000000,GO!,,"02/26/2026 12:58:21 pm","Main Warehouse",,"Default Supplier"
40464,340698,"Dry Cat Food","GO! Weight & Joint Care GF Chicken 16LB",2,Each,128.10,2,,"0000-00-00 00:00:00",,,,64.05,89.990000,0.000000,GO!,,"02/26/2026 12:58:21 pm","Main Warehouse",,"Default Supplier"
40464,779369402304,Dogs,"Canadian Naturals Grain Free Whitefish Recipe - 11lbs",2,Each,57.40,2,,"0000-00-00 00:00:00",,,,28.7,44.990000,0.000000,"Canadian Naturals",,"02/26/2026 12:58:21 pm","Main Warehouse",,"Default Supplier"
40464,40228,Dogs,"Canadian Naturals Grain Free Red Meat Recipe - 11lbs",2,Each,57.40,2,,"0000-00-00 00:00:00",,,,28.7,42.990000,0.000000,"Canadian Naturals",,"02/26/2026 12:58:21 pm","Main Warehouse",,"Default Supplier"
40464,40229,Dogs,"Canadian Naturals Pork and Brown Rice Recipe - 11lbs",2,Each,47.80,2,,"0000-00-00 00:00:00",,,,23.9,35.990000,0.000000,"Canadian Naturals",,"02/26/2026 12:58:21 pm","Main Warehouse",,"Default Supplier"
40464,200715,Dogs,"Now Fresh Grain-Free Fish Recipe for Adult Dogs - Trout, Salmon, & Herring",2,Each,159.00,2,,"2027-02-26 07:00:00",,,,79.5,111.990000,0.000000,"Now Fresh",,"02/26/2026 12:58:21 pm","Main Warehouse",,"Default Supplier"
40464,342641,"Dry Dog Food","GO! Dog Skin & Coat Salmon Recipe - 22lb",4,Each,273.80,4,,"0000-00-00 00:00:00",,,,68.45,94.990000,0.000000,GO!,,"02/26/2026 12:58:21 pm","Main Warehouse",,"Default Supplier"
40464,344559,"Dry Dog Food","NOW Lamb & Pork Adult 22lb",2,Each,177.00,2,,"0000-00-00 00:00:00",,,,88.5,113.990000,0.000000,"Now Fresh",,"02/26/2026 12:58:21 pm","Main Warehouse",,"Default Supplier"
40464,344129,"Dry Dog Food","Go! Carnivore Grain Free Chicken Turkey Duck Senior 3.5LB",1,Each,17.10,1,,"0000-00-00 00:00:00",,,,17.1,24.990000,0.000000,GO!,,"02/26/2026 12:58:21 pm","Main Warehouse",,"Default Supplier"
40465,347888,Accessories,"World's Best Low Tracking & Dust Control Litter 28lb",5,Each,240.00,5,,"0000-00-00 00:00:00",,,,48,60.990000,0.000000,"World's Best",,"02/26/2026 1:07:16 pm","Main Warehouse",,"Default Supplier"
40465,100107,"Cat Litter &amp; Litter Supplies","World's Best Original Clumping Litter - 28lb",5,Each,241.25,5,,"0000-00-00 00:00:00",,,,48.25,54.990000,0.000000,"World's Best",,"02/26/2026 1:07:16 pm","Main Warehouse",,"Default Supplier"
40483,99100,Cats,"Oven-Baked Tradition Semi-Moist Food for Adult Cats - Fish, 3lb",2,Each,0.00,2,,"0000-00-00 00:00:00",,,,0,36.990000,0.000000,"Oven Baked",,"02/27/2026 2:27:41 pm","Main Warehouse",,"Default Supplier"
40483,99040,Cats,"Oven-Baked Tradition Semi-Moist Food for Adult Cats - Turkey, 3lb",2,Each,0.00,2,,"0000-00-00 00:00:00",,,,0,36.990000,0.000000,"Oven Baked",,"02/27/2026 2:27:41 pm","Main Warehouse",,"Default Supplier"
40483,100765,Dogs,"Now Fresh Good Gravy Recipe for Adult Dogs - Salmon Coated in Bone Broth, 12lb",2,Each,103.60,2,,"0000-00-00 00:00:00",,,,51.8,72.990000,0.000000,"Now Fresh",,"02/27/2026 2:27:41 pm","Main Warehouse",,"Default Supplier"
40483,100304,Dogs,"Go! Solutions Sensitivities Limited Ingredient Grain-Free Insect Recipe Adult Dog Food, 12lb",2,Each,113.60,2,,"0000-00-00 00:00:00",,,,56.8,79.990000,0.000000,GO!,,"02/27/2026 2:27:41 pm","Main Warehouse",,"Default Supplier"
40483,45731,Dogs,"Canadian Naturals LID Potato & Duck Recipe - 25lb",1,Each,63.60,1,,"0000-00-00 00:00:00",,,,63.6,88.990000,0.000000,"Canadian Naturals",,"02/27/2026 2:27:41 pm","Main Warehouse",,"Default Supplier"
40483,45730,Dogs,"Canadian Naturals LID Potato & Duck Recipe - 12lb",1,Each,34.10,1,,"0000-00-00 00:00:00",,,,34.1,47.990000,0.000000,"Canadian Naturals",,"02/27/2026 2:27:41 pm","Main Warehouse",,"Default Supplier"
40483,99011,Dogs,"Oven Baked Tradition - Adult Dog Semi-Moist Dog Food - Chicken - 5lb",1,Each,0.00,1,,"0000-00-00 00:00:00",,,,0,36.990000,0.000000,"Oven Baked",,"02/27/2026 2:27:41 pm","Main Warehouse",,"Default Supplier"
40483,99031,Dogs,"Oven Baked Tradition - Adult Dog Semi-Moist Dog Food - Fish - 5lb",1,Each,0.00,1,,"0000-00-00 00:00:00",,,,0,36.990000,0.000000,"Oven Baked",,"02/27/2026 2:27:41 pm","Main Warehouse",,"Default Supplier"
40483,100768,Dogs,"Now Fresh Good Gravy Recipe for Adult Dogs - Beef Coated in Bone Broth",1,Each,79.51,1,,"0000-00-00 00:00:00",,,,79.51,111.990000,0.000000,"Now Fresh",,"02/27/2026 2:27:41 pm","Main Warehouse",,"Default Supplier"
40512,720016,"Dry Cat Food","FirstMate Cat & Kitten Grain Friendly Fish + Chicken - 13.2lb",4,Each,124.96,4,,"2027-07-03 06:00:00",,,,31.24,26.390000,0.000000,FirstMate,,"03/03/2026 2:07:14 pm","Main Warehouse",,"Default Supplier"
40512,710035,"Dry Dog Food","FirstMate SKOKI Dog Food - Skoki Coastal (Large Breed), 6lb",3,Each,37.47,3,,"0000-00-00 00:00:00",,,,12.49,16.990000,0.000000,Skoki,,"03/03/2026 2:07:14 pm","Main Warehouse",,"Default Supplier"
40512,428054,"Dry Cat Food","ORIJEN Original Cat - 5.4kg",2,Each,115.04,2,,"2027-09-09 06:00:00",,,,57.52,79.990000,0.000000,Orijen,,"03/03/2026 2:07:14 pm","Main Warehouse",,"Default Supplier"
40512,452360,"Dry Dog Food","ACANA Dog Adult Small Breed Recipe - 6kg",2,Each,71.52,2,,"2027-09-09 06:00:00",,,,35.76,54.990000,0.000000,Acana,,"03/03/2026 2:07:14 pm","Main Warehouse",,"Default Supplier"
40512,711740,,"Fromm Cat Four-Star GF Chicken Au Frommage - 1.8kg",1,Each,23.18,1,,"0000-00-00 00:00:00",,,,23.18,19.770000,0.000000,Fromm,,"03/03/2026 2:07:14 pm","Main Warehouse",,"Default Supplier"
40512,711560,,"Fromm Cat Gold Adult - 1.8kg",1,Each,18.25,1,,"0000-00-00 00:00:00",,,,18.25,15.570000,0.000000,Fromm,,"03/03/2026 2:07:14 pm","Main Warehouse",,"Default Supplier"
40512,418260,"Dry Dog Food","ORIJEN Original Dog - 6kg",2,Each,94.00,2,,"0000-00-00 00:00:00",,,,47,69.990000,0.000000,Orijen,,"03/03/2026 2:07:14 pm","Main Warehouse",,"Default Supplier"
40512,418160,"Dry Dog Food","ORIJEN Puppy Large Breed - 6kg",1,Each,0.00,1,,"0000-00-00 00:00:00",,,,0,74.990000,0.000000,Orijen,,"03/03/2026 2:07:14 pm","Main Warehouse",,"Default Supplier"
40512,710083,,"FirstMate Dog Grain Free Pacific Ocean Fish Senior / Weight Control - 25lb",1,Each,65.85,1,,"0000-00-00 00:00:00",,,,65.85,75.640000,0.000000,FirstMate,,"03/03/2026 2:07:14 pm","Main Warehouse",,"Default Supplier"
40512,710003,"Dry Dog Food","FirstMate Dog Grain Free New Zealand Beef - 25lb",2,Each,140.58,2,,"2027-03-03 07:00:00",,,,70.29,80.740000,0.000000,FirstMate,,"03/03/2026 2:07:14 pm","Main Warehouse",,"Default Supplier"
40512,618312,"Dry Dog Food","ORIJEN Six Fish Dog - 11.4kg",8,Each,706.80,8,,"0000-00-00 00:00:00",,,,88.35,87.490000,0.000000,Orijen,,"03/03/2026 2:07:14 pm","Main Warehouse",,"Default Supplier"
40512,452511,"Dry Dog Food","ACANA Dog Adult Recipe - 11.4kg",4,Each,231.68,4,,"0000-00-00 00:00:00",,,,57.92,76.490000,0.000000,Acana,,"03/03/2026 2:07:14 pm","Main Warehouse",,"Default Supplier"
40512,418412,"Dry Dog Food","ORIJEN Regional Red Dog - 11.4kg",4,Each,353.40,4,,"0000-00-00 00:00:00",,,,88.35,87.490000,0.000000,Orijen,,"03/03/2026 2:07:14 pm","Main Warehouse",,"Default Supplier"
40512,418112,"Dry Dog Food","ORIJEN Puppy Large Breed - 11.4kg",2,Each,147.98,2,,"2027-08-03 06:00:00",,,,73.99,80.490000,0.000000,Orijen,,"03/03/2026 2:07:14 pm","Main Warehouse",,"Default Supplier"
40512,454311,"Dry Dog Food","ACANA Highest Protein Ranchlands Dog - 11.4kg",4,Each,314.52,4,,"0000-00-00 00:00:00",,,,78.63,99.990000,0.000000,Acana,,"03/03/2026 2:07:14 pm","Main Warehouse",,"Default Supplier"
40512,452117,"Dry Dog Food","ACANA Dog Adult Large Breed Recipe - 17kg",4,Each,346.96,4,,"2027-03-03 07:00:00",,,,86.74,114.940000,0.000000,Acana,,"03/03/2026 2:07:14 pm","Main Warehouse",,"Default Supplier"
40512,507373,"Dry Dog Food","Hill's Science Diet Large Breed Adult 1-5 Dog Food - Chicken & Barley Recipe 35lbs",2,Each,0.00,2,,"0000-00-00 00:00:00",,,,0,112.990000,0.000000,"Hill's Science",,"03/03/2026 2:07:14 pm","Main Warehouse",,"Default Supplier"
40512,719020,,"Intersand Cat Litter Simple Unscented",4,Each,58.76,4,,"0000-00-00 00:00:00",,,,14.69,19.490000,0.000000,Intersand,,"03/03/2026 2:07:14 pm","Main Warehouse",,"Default Supplier"
40513,35157,"Cat Food Toppers","Fussie Cat Goat Milk Gravy Wet Food - Chicken with Beef",48,Each,105.12,48,,"2027-03-03 07:00:00",,,,2.19,3.190000,0.000000,"Fussie Cat",,"03/03/2026 2:40:55 pm","Main Warehouse",,"Default Supplier"
40513,13352,"Cat Food Toppers","Fussie Cat Goat Milk Gravy Wet Food - Tuna with Small Anchovies",48,Each,105.12,48,,"2027-03-03 07:00:00",,,,2.19,3.190000,0.000000,"Fussie Cat",,"03/03/2026 2:40:55 pm","Main Warehouse",,"Default Supplier"
40513,13356,"Cat Food Toppers","Fussie Cat Goat Milk Gravy Wet Food - Tuna with Ocean Fish",48,Each,105.12,48,,"2027-03-03 07:00:00",,,,2.19,3.190000,0.000000,"Fussie Cat",,"03/03/2026 2:40:55 pm","Main Warehouse",,"Default Supplier"
40513,35153,"Cat Food Toppers","Fussie Cat Goat Milk Gravy Wet Food - Chicken",48,Each,105.12,48,,"2027-03-03 07:00:00",,,,2.19,3.190000,0.000000,"Fussie Cat",,"03/03/2026 2:40:55 pm","Main Warehouse",,"Default Supplier"
40513,276355,"Wet Cat Food","Natural Balance Cat Ultra Grain Free Chicken Wet Food",24,Each,40.80,24,,"0000-00-00 00:00:00",,,,1.7,1.870000,0.000000,"Natural Balance",,"03/03/2026 2:40:55 pm","Main Warehouse",,"Default Supplier"
40513,813134,"Wet Dog Food","Zignature Kangaroo Wet Food",24,Each,103.20,24,,"0000-00-00 00:00:00",,,,4.3,6.090000,0.000000,Zignature,,"03/03/2026 2:40:55 pm","Main Warehouse",,"Default Supplier"
40513,100201,Dogs,"Hill's® Science Diet Perfect Weight Adult Wet Dog Food - Vegetable & Chicken Stew, 12.5 oz",24,Each,0.00,24,,"0000-00-00 00:00:00",,,,0,5.190000,0.000000,"Hill's Science",,"03/03/2026 2:40:55 pm","Main Warehouse",,"Default Supplier"
40513,200170,"Wet Dog Food","Natural Balance Dog Chicken & Sweet Potato Wet Dog Food 13oz",12,Each,42.36,12,,"0000-00-00 00:00:00",,,,3.53,5.490000,0.000000,"Natural Balance",,"03/03/2026 2:40:55 pm","Main Warehouse",,"Default Supplier"
40513,800513,"Wet Dog Food","Weruva Funky Chunky Chicken Soup With Pumpkin",12,Each,49.08,12,,"0000-00-00 00:00:00",,,,4.09,5.890000,0.000000,Weruva,,"03/03/2026 2:40:55 pm","Main Warehouse",,"Default Supplier"
40513,700456,Dogs,"Weruva Grandma's Chicken Soup with veggies Canned Dog Food",12,Each,0.00,12,,"0000-00-00 00:00:00",,,,0,5.890000,0.000000,Weruva,,"03/03/2026 2:40:55 pm","Main Warehouse",,"Default Supplier"
40513,100422,,"Nutram 3.0 Ideal Dog I14 Skin Coat & Stomach For Puppy - 2kg",2,Each,41.14,2,,"0000-00-00 00:00:00",,,,20.57,21.590000,0.000000,Nutram,,"03/03/2026 2:40:55 pm","Main Warehouse",,"Default Supplier"
40513,710035,"Dry Dog Food","FirstMate SKOKI Dog Food - Skoki Coastal (Large Breed), 6lb",1,Each,12.49,1,,"0000-00-00 00:00:00",,,,12.49,16.990000,0.000000,Skoki,,"03/03/2026 2:40:55 pm","Main Warehouse",,"Default Supplier"
40513,911075,Kitten,"Tiki Cat Baby Variety Pack Kitten Cat Food -- 2.4oz / 12 pack",2,Each,0.00,2,,"0000-00-00 00:00:00",,,,0,29.990000,0.000000,"Tiki Cat",,"03/03/2026 2:40:55 pm","Main Warehouse",,"Default Supplier"
40513,712410,,"Fromm Cat PurrSnacKitty Salmon",12,Each,36.48,12,,"0000-00-00 00:00:00",,,,3.04,4.660000,0.000000,Fromm,,"03/03/2026 2:40:55 pm","Main Warehouse",,"Default Supplier"
40513,100215,Cats,"Hill's Science Diet® Urinary Hairball Control Adult Dry Cat Food - Chicken - 3.5lb",4,Each,0.00,4,,"0000-00-00 00:00:00",,,,0,42.990000,0.000000,"Hill's Science",,"03/03/2026 2:40:55 pm","Main Warehouse",,"Default Supplier"
40513,135106,"Dog Treats","Zignature Dog Soft Moist Treats Kangaroo",11,Each,54.89,11,,"0000-00-00 00:00:00",,,,4.99,8.990000,0.000000,Zignature,,"03/03/2026 2:40:55 pm","Main Warehouse",,"Default Supplier"
40513,500835,"Dog Treats","Wildly Natural Whole Jerky Strips Thick Cut Bacon",4,Each,52.32,4,,"0000-00-00 00:00:00",,,,13.08,24.490000,0.000000,Fruitables,,"03/03/2026 2:40:55 pm","Main Warehouse",,"Default Supplier"
40513,372601,"Wet Dog Food","Royal Canin Digestive Care 385g",36,Each,120.24,36,,"0000-00-00 00:00:00",,,,3.34,5.290000,0.000000,"Royal Canin",,"03/03/2026 2:40:55 pm","Main Warehouse",,"Default Supplier"
40513,364607,"Dry Cat Food","RC Dental Care 6LB",4,Each,179.92,4,,"0000-00-00 00:00:00",,,,44.98,68.990000,0.000000,"Royal Canin",,"03/03/2026 2:40:55 pm","Main Warehouse",,"Default Supplier"
40513,472397,"Dry Cat Food","Acana Cat Highest Protein Indoor Dry Food 1.8kg",8,Each,167.60,8,,"0000-00-00 00:00:00",,,,20.95,34.990000,0.000000,Acana,,"03/03/2026 2:40:55 pm","Main Warehouse",,"Default Supplier"
40513,101022,Cats,"Hill's Science Diet® Urinary Hairball Control Adult Wet Cat Food - Savory Chicken - Minced, 5.5 oz",24,Each,0.00,24,,"0000-00-00 00:00:00",,,,0,3.790000,0.000000,"Hill's Science",,"03/03/2026 2:40:55 pm","Main Warehouse",,"Default Supplier"
40513,471436,"Dry Cat Food","ACANA Homestead Harvest Cat - 1.8kg",2,Each,35.90,2,,"0000-00-00 00:00:00",,,,17.95,18.840000,0.000000,Acana,,"03/03/2026 2:40:55 pm","Main Warehouse",,"Default Supplier"
40513,471547,"Dry Dog Food","Acana Healthy Grains Red Meat Recipe - 1.8kg",4,Each,71.80,4,,"0000-00-00 00:00:00",,,,17.95,26.990000,0.000000,Acana,,"03/03/2026 2:40:55 pm","Main Warehouse",,"Default Supplier"
40513,472400,"Dry Cat Food","Orijen Cat Guardian 8 Senior Dry Food 1.8kg",2,Each,53.90,2,,"0000-00-00 00:00:00",,,,26.95,39.990000,0.000000,Orijen,,"03/03/2026 2:40:55 pm","Main Warehouse",,"Default Supplier"
40513,452520,"Dry Dog Food","ACANA Dog Adult Recipe - 2kg",4,Each,79.76,4,,"2026-03-03 21:38:07",,,,19.94,29.990000,0.000000,Acana,,"03/03/2026 2:40:55 pm","Main Warehouse",,"Default Supplier"
40513,452320,"Dry Dog Food","ACANA Dog Adult Small Breed Recipe - 2kg",2,Each,35.90,2,,"0000-00-00 00:00:00",,,,17.95,29.990000,0.000000,Acana,,"03/03/2026 2:40:55 pm","Main Warehouse",,"Default Supplier"
40513,450020,"Dry Dog Food","ACANA Dog Puppy Recipe - 2kg",4,Each,79.76,4,,"0000-00-00 00:00:00",,,,19.94,17.990000,0.000000,Acana,,"03/03/2026 2:40:55 pm","Main Warehouse",,"Default Supplier"
40513,591646,,"BetterBone Beef Soft Chew - Large",3,Each,43.98,3,,"0000-00-00 00:00:00",,,,14.66,24.990000,0.000000,BetterBone,,"03/03/2026 2:40:55 pm","Main Warehouse",,"Default Supplier"
40524,471610,"Wet Dog Food","Acana Dog Premium Chunks Grain Free Beef in Bone Broth Wet Food",36,Each,155.88,36,,"0000-00-00 00:00:00",,,,4.33,4.490000,0.000000,Acana,,"03/04/2026 11:30:16 am","Main Warehouse",,"Default Supplier"
40524,100708,Dogs,"Natural Balance Specialized Nutrition Joint & Muscle Health Adult Wet Dog Food - Chicken & Rice",36,Each,178.20,36,,"0000-00-00 00:00:00",,,,4.95,6.990000,0.000000,"Natural Balance",,"03/04/2026 11:30:16 am","Main Warehouse",,"Default Supplier"
40528,40231,Dogs,"Canadian Naturals Roasted Chicken Recipe Dog Food 11lb",1,,0.00,1,,"0000-00-00 00:00:00",,,,0,42.990000,0.000000,"Canadian Naturals",,"03/04/2026 1:47:33 pm","Main Warehouse",,"WooCommerce Import"
40528,45734,Dogs,"Canadian Naturals LID Sweet Potato & Salmon Recipe 25lb",1,,0.00,1,,"0000-00-00 00:00:00",,,,0,84.990000,0.000000,"Canadian Naturals",,"03/04/2026 1:47:33 pm","Main Warehouse",,"WooCommerce Import"
40529,45734,Dogs,"Canadian Naturals LID Sweet Potato & Salmon Recipe 25lb",2,Each,119.20,2,,"0000-00-00 00:00:00",,,,59.6,84.990000,0.000000,"Canadian Naturals",,"03/04/2026 3:36:28 pm","Main Warehouse",,"Default Supplier"
40529,700154,"Wet Dog Food","Natural Balance Limited Ingredient Reserve Wet Dog Food - Duck & Potato Recipe 375g",24,Each,93.84,24,,"0000-00-00 00:00:00",,,,3.91,5.990000,0.000000,"Natural Balance",,"03/04/2026 3:36:28 pm","Main Warehouse",,"Default Supplier"
40529,672827,"Dry Dog Food","Orijen Amazing Grains Dry Dog Food - Regional Red 1.8kg",2,Each,52.40,2,,"0000-00-00 00:00:00",,,,26.2,39.990000,0.000000,Orijen,,"03/04/2026 3:36:28 pm","Main Warehouse",,"Default Supplier"
40529,600162,"Dog Toys","Bullymake Tough Chew Dog Toy - Green T-Bone with Mint Flavour",2,Each,28.82,2,,"0000-00-00 00:00:00",,,,14.41,24.990000,0.000000,"Bully Make",,"03/04/2026 3:36:28 pm","Main Warehouse",,"Default Supplier"
40529,600167,"Dog Toys","Bullymake Tough Chew Dog Toy - Hammer with Beef Flavour",2,Each,28.82,2,,"0000-00-00 00:00:00",,,,14.41,23.990000,0.000000,"Bully Make",,"03/04/2026 3:36:28 pm","Main Warehouse",,"Default Supplier"
40529,600163,"Dog Toys","Bullymake Tough Chew Dog Toy - Paw Opener with Chicken Flavour",2,Each,28.82,2,,"0000-00-00 00:00:00",,,,14.41,23.990000,0.000000,"Bully Make",,"03/04/2026 3:36:28 pm","Main Warehouse",,"Default Supplier"
40529,600166,"Dog Toys","Bullymake Tough Chew Dog Toy - Turkey Leg with Turkey Flavour",2,Each,28.82,2,,"0000-00-00 00:00:00",,,,14.41,24.990000,0.000000,"Bully Make",,"03/04/2026 3:36:28 pm","Main Warehouse",,"Default Supplier"
40529,13347,"Wet Cat Food","Fussie Cat Goat Milk Gravy Wet Food - Tuna with Chicken 2.47oz",24,Each,51.84,24,,"0000-00-00 00:00:00",,,,2.16,2.990000,0.000000,"Fussie Cat",,"03/04/2026 3:36:28 pm","Main Warehouse",,"Default Supplier"
40529,800247,Uncategorized,"Fruitables Skinny Minis Dog Treats - Grilled Bison Flavour",6,Each,35.76,6,,"0000-00-00 00:00:00",,,,5.96,11.990000,0.000000,Fruitables,,"03/04/2026 3:36:28 pm","Main Warehouse",,"Default Supplier"
40529,801415,"Cat Litter &amp; Litter Supplies","Urine Off Zorb-it-up Super Absorbent Powder, 8-oz",6,Each,65.46,6,,"0000-00-00 00:00:00",,,,10.91,15.990000,0.000000,,,"03/04/2026 3:36:28 pm","Main Warehouse",,"Default Supplier"
40541,841673,"Dry Dog Food","Royal Canin Breed Health Labrador 30lb",2,Each,169.20,2,,"2026-10-06 06:00:00",,,,84.6,124.990000,0.000000,"Royal Canin",,"03/06/2026 11:42:03 am","Main Warehouse",,"Default Supplier"
40541,472214,"Wet Cat Food","Acana Cat Beef Recipe in Bone Broth Wet Food - 5.5oz",24,Each,58.08,24,,"0000-00-00 00:00:00",,,,2.42,3.990000,0.000000,Acana,,"03/06/2026 11:42:03 am","Main Warehouse",,"Default Supplier"
40541,451211,"Dry Dog Food","ACANA Dog Light + Fit Recipe - 11.4kg",4,Each,271.72,4,,"2027-03-06 07:00:00",,,,67.93,79.890000,0.000000,Acana,,"03/06/2026 11:42:03 am","Main Warehouse",,"Default Supplier"
40541,710139,"Dry Dog Food","FirstMate Dog Grain Friendly New Zealand Beef & Oats - 25lb",2,Each,89.46,2,,"2027-03-06 07:00:00",,,,44.73,62.990000,0.000000,FirstMate,,"03/06/2026 11:42:03 am","Main Warehouse",,"Default Supplier"
40541,710088,,"FirstMate Dog Pacific Ocean Fish Large Breed 25lb",2,Each,131.70,2,,"0000-00-00 00:00:00",,,,65.85,88.990000,0.000000,FirstMate,,"03/06/2026 11:42:03 am","Main Warehouse",,"Default Supplier"
40541,710092,"Dry Dog Food","FirstMate Dog Grain Free Duck & Pumpkin - 25lb",4,Each,281.16,4,,"2027-03-06 07:00:00",,,,70.29,94.990000,0.000000,FirstMate,,"03/06/2026 11:42:03 am","Main Warehouse",,"Default Supplier"
40541,710075,"Dry Dog Food","FirstMate Dog Grain Free Chicken with Blueberries - 25lb",2,Each,131.70,2,,"0000-00-00 00:00:00",,,,65.85,88.990000,0.000000,FirstMate,,"03/06/2026 11:42:03 am","Main Warehouse",,"Default Supplier"
40541,471421,"Dry Dog Food","ACANA Singles Pork & Squash Recipe - 10.8kg",2,Each,154.44,2,,"0000-00-00 00:00:00",,,,77.22,105.990000,0.000000,Acana,,"03/06/2026 11:42:03 am","Main Warehouse",,"Default Supplier"
40541,456212,"Dry Dog Food","ACANA Classics Red Meat Recipe - 9.7kg",4,Each,240.72,4,,"0000-00-00 00:00:00",,,,60.18,70.540000,0.000000,Acana,,"03/06/2026 11:42:03 am","Main Warehouse",,"Default Supplier"
40541,418112,"Dry Dog Food","ORIJEN Puppy Large Breed - 11.4kg",2,Each,147.98,2,,"2027-03-06 07:00:00",,,,73.99,80.490000,0.000000,Orijen,,"03/06/2026 11:42:03 am","Main Warehouse",,"Default Supplier"
40541,454111,"Dry Dog Food","ACANA Highest Protein Pacifica - 11.4kg",4,Each,310.96,4,,"0000-00-00 00:00:00",,,,77.74,92.640000,0.000000,Acana,,"03/06/2026 11:42:03 am","Main Warehouse",,"Default Supplier"
40541,471413,"Dry Dog Food","ACANA Singles Lamb & Apple Recipe - 10.8kg",4,Each,357.52,4,,"0000-00-00 00:00:00",,,,89.38,124.990000,0.000000,Acana,,"03/06/2026 11:42:03 am","Main Warehouse",,"Default Supplier"
40541,471553,"Dry Dog Food","Acana Dog Healthy Grains Recipe Large Breed Dry Food 10.2kg",2,Each,119.56,2,,"2027-03-06 07:00:00",,,,59.78,88.990000,0.000000,Acana,,"03/06/2026 11:42:03 am","Main Warehouse",,"Default Supplier"
40541,456217,"Dry Dog Food","ACANA Classics Red Meat Recipe - 14.5kg",5,Each,376.30,5,,"2027-03-06 07:00:00",,,,75.26,94.990000,0.000000,Acana,,"03/06/2026 11:42:03 am","Main Warehouse",,"Default Supplier"
40541,456017,"Dry Dog Food","ACANA Classics Prairie Poultry Recipe - 14.5kg",7,Each,471.66,7,,"0000-00-00 00:00:00",,,,67.38,85.490000,0.000000,Acana,,"03/06/2026 11:42:03 am","Main Warehouse",,"Default Supplier"
40541,456117,"Dry Dog Food","ACANA Classics Wild Coast Recipe - 14.5kg",6,Each,494.58,6,,"2027-03-06 07:00:00",,,,82.43,109.990000,0.000000,Acana,,"03/06/2026 11:42:03 am","Main Warehouse",,"Default Supplier"
40541,813132,"Dry Dog Food","Zignature Dog Limited Ingredient Kangaroo - 25lb",1,Each,93.35,1,,"0000-00-00 00:00:00",,,,93.35,139.990000,0.000000,Zignature,,"03/06/2026 11:42:03 am","Main Warehouse",,"Default Supplier"
40541,471610,"Wet Dog Food","Acana Dog Premium Chunks Grain Free Beef in Bone Broth Wet Food",24,Each,103.92,24,,"0000-00-00 00:00:00",,,,4.33,4.490000,0.000000,Acana,,"03/06/2026 11:42:03 am","Main Warehouse",,"Default Supplier"
40541,712000,"Wet Dog Food","FirstMate Dog LID GF Pork & Apple Pate 12.2oz",24,Each,80.40,24,,"0000-00-00 00:00:00",,,,3.35,4.790000,0.000000,FirstMate,,"03/06/2026 11:42:03 am","Main Warehouse",,"Default Supplier"
40543,456220,"Dry Dog Food","ACANA Classics Red Meat Recipe - 2kg",4,Each,67.80,4,,"0000-00-00 00:00:00",,,,16.95,23.740000,0.000000,Acana,,"03/06/2026 12:12:08 pm","Main Warehouse",,"Default Supplier"
40543,451020,"Dry Dog Food","ACANA Dog Senior Recipe - 2kg",2,Each,35.90,2,,"0000-00-00 00:00:00",,,,17.95,29.990000,0.000000,Acana,,"03/06/2026 12:12:08 pm","Main Warehouse",,"Default Supplier"
40543,471476,"Dry Dog Food","ORIJEN Small Breed Dog - 1.8kg",2,Each,41.86,2,,"0000-00-00 00:00:00",,,,20.93,24.490000,0.000000,Orijen,,"03/06/2026 12:12:08 pm","Main Warehouse",,"Default Supplier"
40543,107627,Dogs,"Hill's Science Diet Small & Mini Adult Dry Dog Food - Chicken & Brown Rice - 4.5lb",4,Each,98.64,4,,"0000-00-00 00:00:00",,,,24.66,38.990000,0.000000,"Hill's Science",,"03/06/2026 12:12:08 pm","Main Warehouse",,"Default Supplier"
40543,471567,"Dog Freeze Dried Food","Acana Dog Freeze Dried Food Patties Beef 397g",2,Each,50.68,2,,"0000-00-00 00:00:00",,,,25.34,32.940000,0.000000,Acana,,"03/06/2026 12:12:08 pm","Main Warehouse",,"Default Supplier"
40543,54626,Cats,"Royal Canin Weight Care Adult Dry Cat Food",2,Each,91.06,2,,"0000-00-00 00:00:00",,,,45.53,69.990000,0.000000,"Royal Canin",,"03/06/2026 12:12:08 pm","Main Warehouse",,"Default Supplier"
40543,811112,"Dry Cat Food","Royal Canin Feline Aging 12+ 6lb",2,Each,82.72,2,,"0000-00-00 00:00:00",,,,41.36,65.990000,0.000000,"Royal Canin",,"03/06/2026 12:12:08 pm","Main Warehouse",,"Default Supplier"
40543,471430,"Dry Cat Food","Acana Cat First Feast Dry Food - 1.8kg",2,Each,35.90,2,,"0000-00-00 00:00:00",,,,17.95,29.990000,0.000000,Acana,,"03/06/2026 12:12:08 pm","Main Warehouse",,"Default Supplier"
40543,456021,"Dry Dog Food","ACANA Classics Prairie Poultry Recipe - 2kg",2,Each,30.36,2,,"0000-00-00 00:00:00",,,,15.18,24.990000,0.000000,Acana,,"03/06/2026 12:12:08 pm","Main Warehouse",,"Default Supplier"
40543,428018,"Dry Cat Food","Orijen Cat Original Dry Food 1.8kg",2,Each,47.88,2,,"0000-00-00 00:00:00",,,,23.94,0.000000,0.000000,Orijen,,"03/06/2026 12:12:08 pm","Main Warehouse",,"Default Supplier"
40543,471563,"Dog Freeze Dried Food","Acana Dog Freeze Dried Food Patties Duck 397g",2,Each,50.68,2,,"0000-00-00 00:00:00",,,,25.34,32.940000,0.000000,Acana,,"03/06/2026 12:12:08 pm","Main Warehouse",,"Default Supplier"
40543,900080,"Dog Freeze Dried Food","Primal Dog Freeze Dried Raw Nuggets - Beef, 14oz",2,Each,61.64,2,,"0000-00-00 00:00:00",,,,30.82,36.990000,0.000000,Primal,,"03/06/2026 12:12:08 pm","Main Warehouse",,"Default Supplier"
40543,100098,"Dog Freeze Dried","Primal Canine Freeze-Dried Nuggets - Turkey & Sardine Formula",2,Each,0.00,2,,"0000-00-00 00:00:00",,,,0,48.990000,0.000000,Primal,,"03/06/2026 12:12:08 pm","Main Warehouse",,"Default Supplier"
40543,458332,"Dog Treats","ORIJEN Grass-Fed Lamb Freeze-Dried Dog Treats",3,Each,31.47,3,,"0000-00-00 00:00:00",,,,10.49,16.990000,0.000000,Orijen,,"03/06/2026 12:12:08 pm","Main Warehouse",,"Default Supplier"
40543,468212,"Cat Treats","ORIJEN Original Freeze-Dried Cat Treats",6,Each,31.62,6,,"0000-00-00 00:00:00",,,,5.27,8.990000,0.000000,Orijen,,"03/06/2026 12:12:08 pm","Main Warehouse",,"Default Supplier"
40543,458692,"Dog Treats","ORIJEN Tundra Freeze-Dried Dog Treats",4,Each,46.76,4,,"0000-00-00 00:00:00",,,,11.69,18.990000,0.000000,Orijen,,"03/06/2026 12:12:08 pm","Main Warehouse",,"Default Supplier"
40543,471566,"Dog Freeze Dried Food","Acana Dog Freeze Dried Food Morsels Beef 227g",5,Each,88.40,5,,"0000-00-00 00:00:00",,,,17.68,22.980000,0.000000,Acana,,"03/06/2026 12:12:08 pm","Main Warehouse",,"Default Supplier"
40543,471558,"Dog Freeze Dried Food","Acana Dog Freeze Dried Food Morsels Turkey 227g",8,Each,141.44,8,,"0000-00-00 00:00:00",,,,17.68,22.980000,0.000000,Acana,,"03/06/2026 12:12:08 pm","Main Warehouse",,"Default Supplier"
40543,135108,"Dog Treats","Zignature Dog Soft Moist Treats Pork",4,Each,19.96,4,,"0000-00-00 00:00:00",,,,4.99,8.540000,0.000000,Zignature,,"03/06/2026 12:12:08 pm","Main Warehouse",,"Default Supplier"
40543,471554,"Dog Freeze Dried Food","Acana Dog Freeze Dried Food Morsels Chicken 227g",4,Each,70.72,4,,"0000-00-00 00:00:00",,,,17.68,29.990000,0.000000,Acana,,"03/06/2026 12:12:08 pm","Main Warehouse",,"Default Supplier"
40543,471562,"Dog Freeze Dried Food","Acana Dog Freeze Dried Food Morsels Duck 227g",4,Each,70.72,4,,"0000-00-00 00:00:00",,,,17.68,22.980000,0.000000,Acana,,"03/06/2026 12:12:08 pm","Main Warehouse",,"Default Supplier"
40543,624014,"Dog Treats","Oven-Baked Tradition Dog Treats Duck",4,Each,10.56,4,,"0000-00-00 00:00:00",,,,2.64,5.490000,0.000000,Oven-Baked,,"03/06/2026 12:12:08 pm","Main Warehouse",,"Default Supplier"
40543,740011,"Dog Treats","FirstMate Dog Treats Cookies Duck & Blueberries",4,Each,12.00,4,,"0000-00-00 00:00:00",,,,3,5.090000,0.000000,FirstMate,,"03/06/2026 12:12:08 pm","Main Warehouse",,"Default Supplier"
40543,740003,"Dog Treats","GF Chicken& Blueberry Cookies",4,Each,12.00,4,,"0000-00-00 00:00:00",,,,3,5.990000,0.000000,FirstMate,,"03/06/2026 12:12:08 pm","Main Warehouse",,"Default Supplier"
40543,740001,"Dog Treats","FirstMate Dog Treats Cookies Fish & Blueberries",4,Each,12.00,4,,"0000-00-00 00:00:00",,,,3,5.090000,0.000000,FirstMate,,"03/06/2026 12:12:08 pm","Main Warehouse",,"Default Supplier"
40543,910086,,"Tiki Cat Treats Soft & Chewy Chicken",4,Each,14.20,4,,"0000-00-00 00:00:00",,,,3.55,13.490000,0.000000,"Tiki Cat",,"03/06/2026 12:12:08 pm","Main Warehouse",,"Default Supplier"
40543,100461,,"Nutram Dog OC Dental Chew Digestive+ Lamb Small",6,Each,40.26,6,,"0000-00-00 00:00:00",,,,6.71,11.990000,0.000000,Nutram,,"03/06/2026 12:12:08 pm","Main Warehouse",,"Default Supplier"
40543,911335,,"Tiki Cat Stix Wet Treats Tuna & Scallops",12,Each,56.28,12,,"0000-00-00 00:00:00",,,,4.69,7.490000,0.000000,"Tiki Cat",,"03/06/2026 12:12:08 pm","Main Warehouse",,"Default Supplier"
40543,948043,"Wet Cat Food","Tiki Cat Grill Mackerel & Sardine Pate",24,Each,44.40,24,,"0000-00-00 00:00:00",,,,1.85,2.380000,0.000000,"Tiki Cat",,"03/06/2026 12:12:08 pm","Main Warehouse",,"Default Supplier"
40543,354646,"Dry Cat Food","Royal Canin Feline Urinary Care - 14lb",6,Each,460.20,6,,"2027-03-06 07:00:00",,,,76.7,117.990000,0.000000,"Royal Canin",,"03/06/2026 12:12:08 pm","Main Warehouse",,"Default Supplier"
40543,854257,"Dry Cat Food","Royal Canin Kitten Dry Food - 7lb",1,Each,47.13,1,,"0000-00-00 00:00:00",,,,47.13,74.990000,0.000000,"Royal Canin",,"03/06/2026 12:12:08 pm","Main Warehouse",,"Default Supplier"
40543,451260,"Dry Dog Food","ACANA Dog Light + Fit Recipe - 6kg",2,Each,83.58,2,,"2027-03-06 07:00:00",,,,41.79,60.990000,0.000000,Acana,,"03/06/2026 12:12:08 pm","Main Warehouse",,"Default Supplier"
40543,451060,"Dry Dog Food","ACANA Dog Senior Recipe - 6kg",2,Each,82.56,2,,"0000-00-00 00:00:00",,,,41.28,41.990000,0.000000,Acana,,"03/06/2026 12:12:08 pm","Main Warehouse",,"Default Supplier"
40543,471412,"Dry Dog Food","ACANA Singles Lamb & Apple Recipe - 5.4kg",2,Each,102.72,2,,"0000-00-00 00:00:00",,,,51.36,74.990000,0.000000,Acana,,"03/06/2026 12:12:08 pm","Main Warehouse",,"Default Supplier"
40543,351181,"Dog Freeze Dried Food","Royal Canin Breed Health Chihuahua 10LB",2,Each,111.40,2,,"0000-00-00 00:00:00",,,,55.7,75.990000,0.000000,"Royal Canin",,"03/06/2026 12:12:08 pm","Main Warehouse",,"Default Supplier"
40543,471451,"Dry Cat Food","ACANA Indoor Entrée Cat - 4.5kg",4,Each,151.08,4,,"2027-03-06 07:00:00",,,,37.77,52.240000,0.000000,Acana,,"03/06/2026 12:12:08 pm","Main Warehouse",,"Default Supplier"
40543,471465,"Dry Cat Food","ACANA Pacifica Cat - 4.5kg",4,Each,160.28,4,,"0000-00-00 00:00:00",,,,40.07,42.070000,0.000000,Acana,,"03/06/2026 12:12:08 pm","Main Warehouse",,"Default Supplier"
40543,418160,"Dry Dog Food","ORIJEN Puppy Large Breed - 6kg",2,Each,0.00,2,,"0000-00-00 00:00:00",,,,0,74.990000,0.000000,Orijen,,"03/06/2026 12:12:08 pm","Main Warehouse",,"Default Supplier"
40543,471477,"Dry Dog Food","ORIJEN Small Breed Dog - 4.5kg",2,Each,95.88,2,,"0000-00-00 00:00:00",,,,47.94,62.990000,0.000000,Orijen,,"03/06/2026 12:12:08 pm","Main Warehouse",,"Default Supplier"
40543,591646,,"BetterBone Beef Soft Chew - Large",3,Each,43.98,3,,"0000-00-00 00:00:00",,,,14.66,24.990000,0.000000,BetterBone,,"03/06/2026 12:12:08 pm","Main Warehouse",,"Default Supplier"
40559,100111,"Cat Litter &amp; Litter Supplies","World's Best Cat Litter Multiple Cat Lavender Scent Formula 28lb",5,Each,211.25,5,,"0000-00-00 00:00:00",,,,42.25,60.990000,0.000000,"World's Best",,"03/10/2026 2:03:25 pm","Main Warehouse",,"Default Supplier"
40561,310191,"Cat Litter &amp; Litter Supplies","World's Best Cat Litter Multiple-Cat Lotus Blossom Scent Formula - 28lb",1,,0.00,1,,"0000-00-00 00:00:00",,,,0,60.990000,0.000000,"World's Best",,"03/10/2026 2:17:47 pm","Main Warehouse",,"WooCommerce Import"
40563,310191,"Cat Litter &amp; Litter Supplies","World's Best Cat Litter Multiple-Cat Lotus Blossom Scent Formula - 28lb",2,Each,96.50,2,,"0000-00-00 00:00:00",,,,48.25,60.990000,0.000000,"World's Best",,"03/10/2026 2:21:22 pm","Main Warehouse",,"Default Supplier"
40563,300614,"Cat Litter &amp; Litter Supplies","World's Best Cat Litter Multiple Cat Unscented Formula 28lb",5,Each,241.25,5,,"0000-00-00 00:00:00",,,,48.25,60.990000,0.000000,"World's Best",,"03/10/2026 2:21:22 pm","Main Warehouse",,"Default Supplier"
40572,347780,"Dry Dog Food","GO! Dog Skin & Coat Salmon Recipe - 3.5lb",3,Each,47.10,3,,"0000-00-00 00:00:00",,,,15.7,21.990000,0.000000,GO,,"03/11/2026 2:02:42 pm","Main Warehouse",,"Default Supplier"
40572,344149,"Dry Cat Food","GO! Cat Grain Free Carnivore Salmon & Cod - 3lb",4,Each,76.80,4,,"0000-00-00 00:00:00",,,,19.2,26.990000,0.000000,GO!,,"03/11/2026 2:02:42 pm","Main Warehouse",,"Default Supplier"
40572,347375,"Dry Cat Food","GO! Cat Skin & Coat Chicken Recipe - 3lb",4,Each,65.20,4,,"0000-00-00 00:00:00",,,,16.3,22.990000,0.000000,GO,,"03/11/2026 2:02:42 pm","Main Warehouse",,"Default Supplier"
40572,344584,"Dry Cat Food","NOW Cat Trout Salmon & Herring Adult 3 Lb",1,Each,20.85,1,,"0000-00-00 00:00:00",,,,20.85,17.390000,0.000000,"Now Fresh",,"03/11/2026 2:02:42 pm","Main Warehouse",,"Default Supplier"
40572,344578,"Dry Cat Food","NOW Cat Turkey Salmon & Duck Adult - 3lb",1,Each,19.40,1,,"0000-00-00 00:00:00",,,,19.4,26.990000,0.000000,"Now Fresh",,"03/11/2026 2:02:42 pm","Main Warehouse",,"Default Supplier"
40572,347784,"Dry Dog Food","GO! Dog Skin & Coat Lamb Recipe - 3.5lb",2,Each,32.80,2,,"0000-00-00 00:00:00",,,,16.4,13.790000,0.000000,GO,,"03/11/2026 2:02:42 pm","Main Warehouse",,"Default Supplier"
40572,344348,,"GO! Cat Sensitivities Grain Free Duck Recipe - 8lb",2,Each,85.20,2,,"0000-00-00 00:00:00",,,,42.6,59.990000,0.000000,GO!,,"03/11/2026 2:02:42 pm","Main Warehouse",,"Default Supplier"
40572,100750,Cats,"Now Fresh Grain-Free Fish Recipe for Adult Cats - Trout, Salmon & Herring - 8lb",1,Each,0.00,1,,"0000-00-00 00:00:00",,,,0,59.990000,0.000000,"Now Fresh",,"03/11/2026 2:02:42 pm","Main Warehouse",,"Default Supplier"
40572,349002,"Dry Dog Food","NOW Dog Good Gravy Adult Chicken - 3.5lb",2,Each,38.30,2,,"0000-00-00 00:00:00",,,,19.15,26.990000,0.000000,NOW,,"03/11/2026 2:02:42 pm","Main Warehouse",,"Default Supplier"
40572,347379,"Dry Cat Food","GO! Cat Skin & Coat Salmon - 3lb",2,Each,34.10,2,,"0000-00-00 00:00:00",,,,17.05,23.990000,0.000000,GO,,"03/11/2026 2:02:42 pm","Main Warehouse",,"Default Supplier"
40572,347532,,"GO! Cat Hairball Control + Urinary Care Chicken Recipe - 3lb",4,Each,82.40,4,,"0000-00-00 00:00:00",,,,20.6,28.990000,0.000000,GO,,"03/11/2026 2:02:42 pm","Main Warehouse",,"Default Supplier"
40572,45719,Dogs,"Canadian Naturals Lamb & Brown Rice Recipe - 25lbs",6,Each,224.40,6,,"2027-03-11 07:00:00",,,,37.4,54.990000,0.000000,"Canadian Naturals",,"03/11/2026 2:02:42 pm","Main Warehouse",,"Default Supplier"
40572,344341,"Dry Dog Food","GO! Sensitivities Limited Ingredient Lamb 22LB",4,Each,312.36,4,,"2027-03-11 07:00:00",,,,78.09,111.990000,0.000000,GO!,,"03/11/2026 2:02:42 pm","Main Warehouse",,"Default Supplier"
40572,349005,"Dry Dog Food","NOW Dog Good Gravy Adult Salmon - 22lb",2,Each,156.20,2,,"0000-00-00 00:00:00",,,,78.1,109.990000,0.000000,NOW,,"03/11/2026 2:02:42 pm","Main Warehouse",,"Default Supplier"
40572,344127,"Dry Dog Food","GO! Dog Carnivore Grain Free Chicken, Turkey Duck Adult - 22lb",4,Each,255.60,4,,"0000-00-00 00:00:00",,,,63.9,89.990000,0.000000,GO!,,"03/11/2026 2:02:42 pm","Main Warehouse",,"Default Supplier"
40572,344349,"Dry Cat Food","GO! Cat Sensitivities Grain Free Duck Recipe - 16lb",4,Each,290.00,4,,"0000-00-00 00:00:00",,,,72.5,101.990000,0.000000,GO!,,"03/11/2026 2:02:42 pm","Main Warehouse",,"Default Supplier"
40573,cancel,"Dog Treats",cancel,4,Each,24.00,4,,"0000-00-00 00:00:00",,,,6,12.990000,0.000000,"Natural Balance",,"03/11/2026 2:28:05 pm","Main Warehouse",,"Default Supplier"
40573,100691,"Dog Treats","Go! Benefit Chews Digestion+Gut Health Salmon 6OZ",4,Each,28.00,4,,"0000-00-00 00:00:00",,,,7,12.990000,0.000000,GO!,,"03/11/2026 2:28:05 pm","Main Warehouse",,"Default Supplier"
40573,100693,"Dog Treats","GO! Benefit Chews Skin+Coat Care Lamb 6OZ",4,Each,28.00,4,,"0000-00-00 00:00:00",,,,7,12.990000,0.000000,GO!,,"03/11/2026 2:28:05 pm","Main Warehouse",,"Default Supplier"
40618,451060,"Dry Dog Food","ACANA Dog Senior Recipe - 6kg",4,Each,165.12,4,,"0000-00-00 00:00:00",,,,41.28,41.990000,0.000000,Acana,,"03/13/2026 12:55:40 pm","Main Warehouse",,"Default Supplier"
40618,454061,"Dry Dog Food","ACANA Highest Protein Wild Prairie - 6kg",2,Each,93.12,2,,"0000-00-00 00:00:00",,,,46.56,67.990000,0.000000,Acana,,"03/13/2026 12:55:40 pm","Main Warehouse",,"Default Supplier"
40618,452560,"Dry Dog Food","ACANA Dog Adult Recipe - 6kg",2,Each,79.46,2,,"0000-00-00 00:00:00",,,,39.73,60.990000,0.000000,Acana,,"03/13/2026 12:55:40 pm","Main Warehouse",,"Default Supplier"
40618,710047,"Dry Dog Food","FirstMate Dog Grain Free Australian Lamb - 25lb",4,Each,263.40,4,,"0000-00-00 00:00:00",,,,65.85,94.990000,0.000000,FirstMate,,"03/13/2026 12:55:40 pm","Main Warehouse",,"Default Supplier"
40618,472398,"Dry Cat Food","Acana Cat Highest Protein Indoor Dry Food 4.5 kg",3,Each,0.00,3,,"2027-03-13 07:00:00",,,,0,68.990000,0.000000,Acana,,"03/13/2026 12:55:40 pm","Main Warehouse",,"Default Supplier"
40618,710136,"Dry Dog Food","FirstMate Dog Grain Friendly Senior/Weight Control - 25lb",4,Each,167.56,4,,"0000-00-00 00:00:00",,,,41.89,35.390000,0.000000,FirstMate,,"03/13/2026 12:55:40 pm","Main Warehouse",,"Default Supplier"
40618,471444,"Dry Cat Food","ACANA Bountiful Catch Cat - 4.5kg",2,Each,67.80,2,,"0000-00-00 00:00:00",,,,33.9,54.990000,0.000000,Acana,,"03/13/2026 12:55:40 pm","Main Warehouse",,"Default Supplier"
40618,418460,"Dry Dog Food","ORIJEN Regional Red Dog - 6kg",2,Each,98.64,2,,"0000-00-00 00:00:00",,,,49.32,79.990000,0.000000,Orijen,,"03/13/2026 12:55:40 pm","Main Warehouse",,"Default Supplier"
40618,100420,,"Nutram 3.0 Sound Dog S49 Adult Salmon - 11.4kg",4,Each,228.72,4,,"2027-03-13 07:00:00",,,,57.18,83.990000,0.000000,Nutram,,"03/13/2026 12:55:40 pm","Main Warehouse",,"Default Supplier"
40618,450111,"Dry Dog Food","Acana Puppy Recipe Large Breed Dry Food 11.4kg",4,Each,231.68,4,,"2027-03-13 07:00:00",,,,57.92,89.990000,0.000000,Acana,,"03/13/2026 12:55:40 pm","Main Warehouse",,"Default Supplier"
40618,451011,"Dry Dog Food","ACANA Dog Senior Recipe - 11.4kg",4,Each,271.72,4,,"0000-00-00 00:00:00",,,,67.93,79.890000,0.000000,Acana,,"03/13/2026 12:55:40 pm","Main Warehouse",,"Default Supplier"
40618,72440,Dogs,"Acana Healthy Grains Sea to Farm Puppy Food 22.5lb",2,Each,0.00,2,,"0000-00-00 00:00:00",,,,0,95.990000,0.000000,Acana,,"03/13/2026 12:55:40 pm","Main Warehouse",,"Default Supplier"
40618,471548,"Dry Dog Food","Acana Healthy Grains Red Meat Recipe - 10.2kg",4,Each,261.84,4,,"0000-00-00 00:00:00",,,,65.46,80.740000,0.000000,Acana,,"03/13/2026 12:55:40 pm","Main Warehouse",,"Default Supplier"
40618,600115,"Dry Dog Food","ACANA Dog Puppy Recipe - 11.4kg",2,Each,115.84,2,,"0000-00-00 00:00:00",,,,57.92,89.990000,0.000000,Acana,,"03/13/2026 12:55:40 pm","Main Warehouse",,"Default Supplier"
40618,454011,"Dry Dog Food","ACANA Highest Protein Wild Prairie - 11.4kg",4,Each,270.24,4,,"0000-00-00 00:00:00",,,,67.56,108.990000,0.000000,Acana,,"03/13/2026 12:55:40 pm","Main Warehouse",,"Default Supplier"
40618,418171,"Dry Dog Food","Orijen Dog Fit+Trim Grain Free High Protein Dry Food 11.4kg",2,Each,147.98,2,,"0000-00-00 00:00:00",,,,73.99,114.990000,0.000000,Orijen,,"03/13/2026 12:55:40 pm","Main Warehouse",,"Default Supplier"
40618,418612,"Dry Dog Food","Orijen Dog Senior Grain Free High Protein Dry Food 11.4kg",2,Each,141.56,2,,"0000-00-00 00:00:00",,,,70.78,0.000000,0.000000,Orijen,,"03/13/2026 12:55:40 pm","Main Warehouse",,"Default Supplier"
40621,29412,Dogs,"Open Farm Open Prairie Grain-Free RawMix for Dogs - 20lbs",1,Each,90.79,1,,"0000-00-00 00:00:00",,,,90.79,126.990000,0.000000,"Open Farm",,"03/13/2026 1:41:59 pm","Main Warehouse",,"Default Supplier"
40621,29450,Dogs,"Open Farm Wild Ocean Ancient Grains RawMix for Dogs - 20lbs",1,Each,87.93,1,,"0000-00-00 00:00:00",,,,87.93,122.990000,0.000000,"Open Farm",,"03/13/2026 1:41:59 pm","Main Warehouse",,"Default Supplier"
40621,29443,Dogs,"Open Farm Open Prairie Ancient Grains RawMix for Dogs - 20lbs",1,Each,87.93,1,,"0000-00-00 00:00:00",,,,87.93,122.990000,0.000000,"Open Farm",,"03/13/2026 1:41:59 pm","Main Warehouse",,"Default Supplier"
40621,29405,Dogs,"Open Farm Front Range Grain-Free RawMix for Dogs - 20lbs",1,Each,95.09,1,,"0000-00-00 00:00:00",,,,95.09,132.990000,0.000000,"Open Farm",,"03/13/2026 1:41:59 pm","Main Warehouse",,"Default Supplier"
40621,29436,Dogs,"Open Farm Front Range Ancient Grains RawMix for Dogs - 20lbs",1,Each,92.94,1,,"0000-00-00 00:00:00",,,,92.94,129.990000,0.000000,"Open Farm",,"03/13/2026 1:41:59 pm","Main Warehouse",,"Default Supplier"
40621,12942,"Dog Freeze Dried","Open Farm Wild Ocean Grain Free RawMix for Dogs - 20lb",1,Each,90.79,1,,"0000-00-00 00:00:00",,,,90.79,126.990000,0.000000,"Open Farm",,"03/13/2026 1:41:59 pm","Main Warehouse",,"Default Supplier"
40621,12822,Dogs,"Open Farm Homestead Turkey & Chicken Grain-Free Dog Kibble - 22LB",1,Each,81.50,1,,"0000-00-00 00:00:00",,,,81.5,113.990000,0.000000,"Open Farm",,"03/13/2026 1:41:59 pm","Main Warehouse",,"Default Supplier"
40621,12821,Dogs,"Open Farm Homestead Turkey & Chicken Grain-Free Dog Kibble - 11LB",1,Each,46.47,1,,"0000-00-00 00:00:00",,,,46.47,64.990000,0.000000,"Open Farm",,"03/13/2026 1:41:59 pm","Main Warehouse",,"Default Supplier"
40621,12832,Dogs,"Open Farm Grain Free Farmer's Table Pork & Root Vegetable - 22lb",1,Each,81.50,1,,"0000-00-00 00:00:00",,,,81.5,117.990000,0.000000,"Open Farm",,"03/13/2026 1:41:59 pm","Main Warehouse",,"Default Supplier"
40621,12831,Dogs,"Open Farm Grain Free Farmer's Table Pork & Root Vegetable - 11lb",1,Each,46.47,1,,"0000-00-00 00:00:00",,,,46.47,64.990000,0.000000,"Open Farm",,"03/13/2026 1:41:59 pm","Main Warehouse",,"Default Supplier"
40621,12842,"Dry Dog Food","Open Farm Grain Free Catch of the Season Whitefish Recipe",1,Each,90.42,1,,"0000-00-00 00:00:00",,,,90.42,115.990000,0.000000,"Open Farm",,"03/13/2026 1:41:59 pm","Main Warehouse",,"Default Supplier"
40621,12841,Dogs,"Open Farm Grain Free Catch of the Season Whitefish Recipe - 11Lb",1,Each,49.33,1,,"0000-00-00 00:00:00",,,,49.33,68.990000,0.000000,"Open Farm",,"03/13/2026 1:41:59 pm","Main Warehouse",,"Default Supplier"
40621,12872,Dogs,"Open Farm Grain Free Grass-Fed Beef Recipe - 22LB",1,Each,85.08,1,,"0000-00-00 00:00:00",,,,85.08,118.990000,0.000000,"Open Farm",,"03/13/2026 1:41:59 pm","Main Warehouse",,"Default Supplier"
40621,12871,Dogs,"Open Farm Grain Free Grass-Fed Beef Recipe - 11LB",1,Each,50.04,1,,"0000-00-00 00:00:00",,,,50.04,69.990000,0.000000,"Open Farm",,"03/13/2026 1:41:59 pm","Main Warehouse",,"Default Supplier"
40621,12852,Dogs,"Open Farm Grain Free Pastured-Raised Lamb Recipe - 22lb",1,Each,84.36,1,,"0000-00-00 00:00:00",,,,84.36,117.990000,0.000000,"Open Farm",,"03/13/2026 1:41:59 pm","Main Warehouse",,"Default Supplier"
40621,12851,Dogs,"Open Farm Grain Free Pastured-Raised Lamb Recipe - 11lb",1,Each,50.04,1,,"0000-00-00 00:00:00",,,,50.04,64.990000,0.000000,"Open Farm",,"03/13/2026 1:41:59 pm","Main Warehouse",,"Default Supplier"
40621,12862,Dogs,"Open Farm Grain Free Wild-Caught Salmon Recipe - 22lb",1,Each,84.36,1,,"0000-00-00 00:00:00",,,,84.36,117.990000,0.000000,"Open Farm",,"03/13/2026 1:41:59 pm","Main Warehouse",,"Default Supplier"
40621,12861,Dogs,"Open Farm Grain Free Wild-Caught Salmon Recipe - 11lb",1,Each,49.33,1,,"0000-00-00 00:00:00",,,,49.33,68.990000,0.000000,"Open Farm",,"03/13/2026 1:41:59 pm","Main Warehouse",,"Default Supplier"
40622,12534,Dogs,"Open Farm Harvest Chicken & Ancient Grains Dry Dog Food 11lb",1,Each,0.00,1,,"2026-03-13 19:48:53",,,,0,64.990000,0.000000,"Open Farm",,"03/13/2026 1:54:03 pm","Main Warehouse",,"Default Supplier"
40622,12990,Cats,"RawMix Open Prairie Grain-Free Cat Kibble 8lb",1,Each,0.00,1,,"2026-03-13 19:49:49",,,,0,66.990000,0.000000,"Royal Canin",,"03/13/2026 1:54:03 pm","Main Warehouse",,"Default Supplier"
40623,72834,Dogs,"Orijen Amazing Grains Dry Dog Food - Puppy, 21.3lb",1,Each,80.99,1,,"0000-00-00 00:00:00",,,,80.99,114.990000,0.000000,Orijen,,"03/13/2026 2:13:54 pm","Main Warehouse",,"Default Supplier"
40623,12323,Cats,"Open Farm Grain Free Pasture-Raise Lamb Cat Food",1,Each,26.78,1,,"0000-00-00 00:00:00",,,,26.78,37.990000,0.000000,"Open Farm",,"03/13/2026 2:13:54 pm","Main Warehouse",,"Default Supplier"
40623,12240,Cats,"Open Farm Chicken & Turkey Grain-Free Kitten Kibble - 2lb",1,Each,12.59,1,,"0000-00-00 00:00:00",,,,12.59,18.990000,0.000000,"Open Farm",,"03/13/2026 2:13:54 pm","Main Warehouse",,"Default Supplier"
40623,12321,Cats,"Open Farm Grain Free Homestead Turkey & Chicken Cat Food 4lb",1,Each,23.26,1,,"0000-00-00 00:00:00",,,,23.26,32.990000,0.000000,"Open Farm",,"03/13/2026 2:13:54 pm","Main Warehouse",,"Default Supplier"
40623,12241,Cats,"Open Farm Chicken & Turkey Grain-Free Kitten Kibble - 4lb",1,Each,23.79,1,,"0000-00-00 00:00:00",,,,23.79,35.990000,0.000000,"Open Farm",,"03/13/2026 2:13:54 pm","Main Warehouse",,"Default Supplier"
40623,12322,Cats,"Open Farm Grain Free Catch of the Season Whitefish Cat Food - 4lb",1,Each,24.68,1,,"0000-00-00 00:00:00",,,,24.68,34.990000,0.000000,"Open Farm",,"03/13/2026 2:13:54 pm","Main Warehouse",,"Default Supplier"
40623,12327,Cats,"Open Farm Grain Free Catch of the Season Whitefish Cat Food - 8lb",1,Each,42.29,1,,"0000-00-00 00:00:00",,,,42.29,59.990000,0.000000,"Open Farm",,"03/13/2026 2:13:54 pm","Main Warehouse",,"Default Supplier"
40623,12324,Cats,"Open Farm Grain Free Wild-Caught Salmon Cat Food - 4lb",1,Each,26.78,1,,"0000-00-00 00:00:00",,,,26.78,37.990000,0.000000,"Open Farm",,"03/13/2026 2:13:54 pm","Main Warehouse",,"Default Supplier"
40623,12329,Cats,"Open Farm Grain Free Wild-Caught Salmon Cat Food - 8lb",1,Each,43.70,1,,"0000-00-00 00:00:00",,,,43.7,61.990000,0.000000,"Open Farm",,"03/13/2026 2:13:54 pm","Main Warehouse",,"Default Supplier"
40642,371041,"Wet Cat Food","Royal Canin Weight Care Wet Cat Food 5.1oz",48,Each,136.32,48,,"0000-00-00 00:00:00",,,,2.84,4.390000,0.000000,"Royal Canin",,"03/16/2026 11:49:50 am","Main Warehouse",,"Default Supplier"
40642,471967,"Wet Cat Food","Acana Kitten Chicken + Tuna Wet Food 3oz",24,Each,35.52,24,,"0000-00-00 00:00:00",,,,1.48,1.870000,0.000000,Acana,,"03/16/2026 11:49:50 am","Main Warehouse",,"Default Supplier"
40642,471973,"Wet Cat Food","Orijen Kitten Chicken+Salmon entree in Bone Broth Wet Food",24,Each,41.28,24,,"0000-00-00 00:00:00",,,,1.72,2.890000,0.000000,Orijen,,"03/16/2026 11:49:50 am","Main Warehouse",,"Default Supplier"
40642,471613,"Wet Dog Food","Acana Dog Premium Chunks Grain Free Poultry in Bone Broth Wet Food 12.8 OZ",24,Each,88.56,24,,"0000-00-00 00:00:00",,,,3.69,5.990000,0.000000,Acana,,"03/16/2026 11:49:50 am","Main Warehouse",,"Default Supplier"
40642,472217,"Wet Cat Food","Acana Cat Tuna in Bone Broth Wet Food - 5.5oz",12,Each,29.04,12,,"0000-00-00 00:00:00",,,,2.42,3.990000,0.000000,Acana,,"03/16/2026 11:49:50 am","Main Warehouse",,"Default Supplier"
40642,722002,"Wet Cat Food","FirstMate Cat Wild pacific GF Salmon 5.5oz",24,Each,61.92,24,,"0000-00-00 00:00:00",,,,2.58,3.090000,0.000000,FirstMate,,"03/16/2026 11:49:50 am","Main Warehouse",,"Default Supplier"
40642,472220,"Wet Cat Food","Orijen Cat Regional Red in Bone Broth Wet Food",48,Each,130.56,48,,"0000-00-00 00:00:00",,,,2.72,4.490000,0.000000,Orijen,,"03/16/2026 11:49:50 am","Main Warehouse",,"Default Supplier"
40642,472219,"Wet Cat Food","Orijen Cat Original entree in Bone Broth Wet Food",24,Each,65.28,24,,"0000-00-00 00:00:00",,,,2.72,4.490000,0.000000,Orijen,,"03/16/2026 11:49:50 am","Main Warehouse",,"Default Supplier"
40643,621018,"Dog Treats","Oven-Baked Tradition Dog Treats Duck + Blueberry",4,Each,21.96,4,,"0000-00-00 00:00:00",,,,5.49,5.390000,0.000000,Oven-Baked,,"03/16/2026 12:10:02 pm","Main Warehouse",,"Default Supplier"
40643,621017,,"Oven-Baked Tradition Dog Treats Bacon + Apple",4,Each,21.96,4,,"0000-00-00 00:00:00",,,,5.49,8.990000,0.000000,Oven-Baked,,"03/16/2026 12:10:02 pm","Main Warehouse",,"Default Supplier"
40643,200497,"Crunchy Treats","Primal Canine Freeze-Dried Raw Nuggets - Rabbit Recipe",4,Each,0.00,4,,"0000-00-00 00:00:00",,,,0,25.490000,0.000000,Primal,,"03/16/2026 12:10:02 pm","Main Warehouse",,"Default Supplier"
40643,135113,"Dog Treats","Zignature Dog Soft Moist Treats Whitefish",12,Each,59.88,12,,"0000-00-00 00:00:00",,,,4.99,8.990000,0.000000,Zignature,,"03/16/2026 12:10:02 pm","Main Warehouse",,"Default Supplier"
40643,50220,Dogs,"Acana Puppy Small Breed Recipe Dry Dog Food",4,Each,0.00,4,,"0000-00-00 00:00:00",,,,0,33.490000,0.000000,Acana,,"03/16/2026 12:10:02 pm","Main Warehouse",,"Default Supplier"
40643,428018,"Dry Cat Food","Orijen Cat Original Dry Food 1.8kg",4,Each,95.76,4,,"0000-00-00 00:00:00",,,,23.94,0.000000,0.000000,Orijen,,"03/16/2026 12:10:02 pm","Main Warehouse",,"Default Supplier"
40643,471550,"Dry Dog Food","Acana Healthy Grains Puppy - 1.8kg",2,Each,35.50,2,,"0000-00-00 00:00:00",,,,17.75,22.945000,0.000000,Acana,,"03/16/2026 12:10:02 pm","Main Warehouse",,"Default Supplier"
40643,456021,"Dry Dog Food","ACANA Classics Prairie Poultry Recipe - 2kg",4,Each,60.72,4,,"0000-00-00 00:00:00",,,,15.18,24.990000,0.000000,Acana,,"03/16/2026 12:10:02 pm","Main Warehouse",,"Default Supplier"
40643,54626,Cats,"Royal Canin Weight Care Adult Dry Cat Food",4,Each,182.12,4,,"0000-00-00 00:00:00",,,,45.53,69.990000,0.000000,"Royal Canin",,"03/16/2026 12:10:02 pm","Main Warehouse",,"Default Supplier"
40643,44423,Cats,"Royal Canin Digestive Care Cat Food",2,Each,0.00,2,,"0000-00-00 00:00:00",,,,0,69.990000,0.000000,"Royal Canin",,"03/16/2026 12:10:02 pm","Main Warehouse",,"Default Supplier"
40643,52406,Cats,"Royal Canin Hair & Skin Care Cat Food",2,Each,0.00,2,,"0000-00-00 00:00:00",,,,0,69.990000,0.000000,"Royal Canin",,"03/16/2026 12:10:02 pm","Main Warehouse",,"Default Supplier"
40643,710134,"Dry Dog Food","FirstMate Dog Grain Friendly Senior/Weight Control - 5lb",3,Each,44.94,3,,"0000-00-00 00:00:00",,,,14.98,20.990000,0.000000,FirstMate,,"03/16/2026 12:10:02 pm","Main Warehouse",,"Default Supplier"
40643,710090,"Dry Dog Food","FirstMate Dog Grain Free Duck & Pumpkin - 5lb",4,Each,95.16,4,,"0000-00-00 00:00:00",,,,23.79,28.890000,0.000000,FirstMate,,"03/16/2026 12:10:02 pm","Main Warehouse",,"Default Supplier"
40677,712200,"Dog Treats","Fromm Dog Crunchy Os Peanut Butter",24,Each,138.48,24,,"0000-00-00 00:00:00",,,,5.77,9.990000,0.000000,Fromm,,"03/17/2026 12:03:57 pm","Main Warehouse",,"Default Supplier"
40677,500839,"Dog Treats","Wildly Natural Whole Jerky Strips Grilled Bison",8,Each,104.64,8,,"0000-00-00 00:00:00",,,,13.08,24.490000,0.000000,Fruitables,,"03/17/2026 12:03:57 pm","Main Warehouse",,"Default Supplier"
40677,500621,,"Wildly Natural Cat Treats Tuna",12,Each,41.76,12,,"0000-00-00 00:00:00",,,,3.48,6.360000,0.000000,Fruitables,,"03/17/2026 12:03:57 pm","Main Warehouse",,"Default Supplier"
40677,500620,,"Wildly Natural Cat Treats Salmon",4,Each,13.92,4,,"0000-00-00 00:00:00",,,,3.48,7.490000,0.000000,Fruitables,,"03/17/2026 12:03:57 pm","Main Warehouse",,"Default Supplier"
40677,712190,"Dog Treats","Fromm Dog Crunchy O's Salmon",24,Each,138.48,24,,"0000-00-00 00:00:00",,,,5.77,9.990000,0.000000,Fromm,,"03/17/2026 12:03:57 pm","Main Warehouse",,"Default Supplier"
40677,602899,"Dog Health &amp; Wellness","Wellmark Chlorhexidine Shampoo 473ml",2,Each,34.40,2,,"0000-00-00 00:00:00",,,,17.2,34.990000,0.000000,Wellmark,,"03/17/2026 12:03:57 pm","Main Warehouse",,"Default Supplier"
40677,624013,"Dog Treats","Oven-Baked Tradition Dog Treat Chicken + Pumpkin",10,Each,26.40,10,,"0000-00-00 00:00:00",,,,2.64,5.490000,0.000000,Oven-Baked,,"03/17/2026 12:03:57 pm","Main Warehouse",,"Default Supplier"
40677,85230,Cats,"Hill's Science Diet® Sensitive Stomach & Skin Adult Dry Cat Food - Chicken - 3.5lb",6,Each,0.00,6,,"0000-00-00 00:00:00",,,,0,42.990000,0.000000,"Hill's Science",,"03/17/2026 12:03:57 pm","Main Warehouse",,"Default Supplier"
40677,602896,"Dog Health &amp; Wellness","Wellmark Ph Balanced Ear Cleaning Solution",2,Each,0.00,2,,"0000-00-00 00:00:00",,,,0,19.990000,0.000000,Wellmark,,"03/17/2026 12:03:57 pm","Main Warehouse",,"Default Supplier"
40677,700356,,"BFF OMG Gravy Variety Pack 12 Pouches",6,Each,95.34,6,,"0000-00-00 00:00:00",,,,15.89,16.680000,0.000000,Weruva,,"03/17/2026 12:03:57 pm","Main Warehouse",,"Default Supplier"
40677,800086,"Dog Treats","Fruitables Dog Skinny Minis Pumpkin Berry Treats",3,Each,29.13,3,,"0000-00-00 00:00:00",,,,9.71,18.490000,0.000000,Fruitables,,"03/17/2026 12:03:57 pm","Main Warehouse",,"Default Supplier"
40677,624012,,"Oven-Baked Tradition Dog Treats Dental",5,Each,13.20,5,,"0000-00-00 00:00:00",,,,2.64,5.490000,0.000000,Oven-Baked,,"03/17/2026 12:03:57 pm","Main Warehouse",,"Default Supplier"
40677,458532,"Dog Treats","ORIJEN Regional Red Freeze-Dried Dog Treats",4,Each,41.96,4,,"0000-00-00 00:00:00",,,,10.49,16.990000,0.000000,Orijen,,"03/17/2026 12:03:57 pm","Main Warehouse",,"Default Supplier"
40683,346413,"Dry Dog Food","GO! Skin & Coat Large Breed Adult Salmon 25LB",4,Each,284.00,4,,"0000-00-00 00:00:00",,,,71,99.990000,0.000000,GO!,,"03/18/2026 12:29:07 pm","Main Warehouse",,"Default Supplier"
40683,45722,Cats,"Canadian Naturals Cat Food - Chicken & Brown Rice - 15lbs",2,Each,0.00,2,,"0000-00-00 00:00:00",,,,0,42.990000,0.000000,"Canadian Naturals",,"03/18/2026 12:29:07 pm","Main Warehouse",,"Default Supplier"
40683,344130,"Dry Dog Food","GO! Dog Carnivore Grain Free Chicken Turkey Duck for Senior 12 Lb",2,Each,88.20,2,,"2026-03-18 18:06:32",,,,44.1,61.990000,0.000000,GO!,,"03/18/2026 12:29:07 pm","Main Warehouse",,"Default Supplier"
40683,344141,"Dry Cat Food","GO! Cat Grain Free Carnivore Chicken, Turkey & Duck - 3lb",4,Each,74.00,4,,"0000-00-00 00:00:00",,,,18.5,25.990000,0.000000,GO!,,"03/18/2026 12:29:07 pm","Main Warehouse",,"Default Supplier"
40683,8028821,Dogs,"Go! Solutions Skin + Coat Care Dry Food for Dogs - Chicken Recipe with Grains 12lb",4,Each,0.00,4,,"0000-00-00 00:00:00",,,,0,54.990000,0.000000,GO!,,"03/18/2026 12:29:07 pm","Main Warehouse",,"Default Supplier"
40683,344584,"Dry Cat Food","NOW Cat Trout Salmon & Herring Adult 3 Lb",2,Each,41.70,2,,"0000-00-00 00:00:00",,,,20.85,17.390000,0.000000,"Now Fresh",,"03/18/2026 12:29:07 pm","Main Warehouse",,"Default Supplier"
40683,344324,"Dry Dog Food","GO! Dog Sensitivities Grain Free Venison - 3.5lb",4,Each,103.60,4,,"0000-00-00 00:00:00",,,,25.9,35.990000,0.000000,GO!,,"03/18/2026 12:29:07 pm","Main Warehouse",,"Default Supplier"
40683,344347,,"GO! Cat Sensitivities Grain Free Duck Recipe - 3lb",6,Each,123.60,6,,"0000-00-00 00:00:00",,,,20.6,28.990000,0.000000,GO!,,"03/18/2026 12:29:07 pm","Main Warehouse",,"Default Supplier"
40683,344331,"Dry Dog Food","GO! Dog Sensitivities Grain Free Salmon - 3.5lb",4,Each,71.20,4,,"0000-00-00 00:00:00",,,,17.8,14.990000,0.000000,GO!,,"03/18/2026 12:29:07 pm","Main Warehouse",,"Default Supplier"
40683,100821,Cats,"Go! Digestion & Gut Health Salmon With Grains Recipe for Cats 6lb",2,Each,0.00,2,,"0000-00-00 00:00:00",,,,0,39.990000,0.000000,GO,,"03/18/2026 12:29:07 pm","Main Warehouse",,"Default Supplier"
40683,45739,Dogs,"Canadian Naturals Grain Free Red Meat Recipe - 25lbs",4,Each,164.80,4,,"2026-03-18 18:12:38",,,,41.2,61.990000,0.000000,"Canadian Naturals",,"03/18/2026 12:29:07 pm","Main Warehouse",,"Default Supplier"
40683,45730,Dogs,"Canadian Naturals LID Potato & Duck Recipe - 12lb",2,Each,68.20,2,,"0000-00-00 00:00:00",,,,34.1,47.990000,0.000000,"Canadian Naturals",,"03/18/2026 12:29:07 pm","Main Warehouse",,"Default Supplier"
40683,100694,"Dog Treats","GO! BenefitChews Weight Management +Joint Care Chicken 6OZ",5,Each,35.00,5,,"0000-00-00 00:00:00",,,,7,12.990000,0.000000,GO!,,"03/18/2026 12:29:07 pm","Main Warehouse",,"Default Supplier"
40683,100691,"Dog Treats","Go! Benefit Chews Digestion+Gut Health Salmon 6OZ",6,Each,42.00,6,,"0000-00-00 00:00:00",,,,7,12.990000,0.000000,GO!,,"03/18/2026 12:29:07 pm","Main Warehouse",,"Default Supplier"
40683,100693,"Dog Treats","GO! Benefit Chews Skin+Coat Care Lamb 6OZ",5,Each,35.00,5,,"0000-00-00 00:00:00",,,,7,12.990000,0.000000,GO!,,"03/18/2026 12:29:07 pm","Main Warehouse",,"Default Supplier"
40683,347886,Accessories,"World's Best Low Tracking & Dust Control Litter 8lb",6,Each,89.40,6,,"0000-00-00 00:00:00",,,,14.9,20.490000,0.000000,"World's Best",,"03/18/2026 12:29:07 pm","Main Warehouse",,"Default Supplier"
40683,341898,Accessories,"Multiple Cat Scented Clumping Litter",6,Each,144.30,6,,"0000-00-00 00:00:00",,,,24.05,29.240000,0.000000,"World's Best",,"03/18/2026 12:29:07 pm","Main Warehouse",,"Default Supplier"
40683,10190,"Cat Litter &amp; Litter Supplies","World's Best Cat Litter Multiple-Cat Lotus Blossom Scent Formula - 15lb",2,Each,55.40,2,,"0000-00-00 00:00:00",,,,27.7,32.490000,0.000000,"World's Best",,"03/18/2026 12:29:07 pm","Main Warehouse",,"Default Supplier"
40693,512160,"Dog Treats","Fromm Crunchy Os Grain-Free Dog Treats - Pumpkin KranPOW",12,Each,69.24,12,,"0000-00-00 00:00:00",,,,5.77,9.990000,0.000000,Fromm,,"03/19/2026 2:06:08 pm","Main Warehouse",,"Default Supplier"
40693,512180,"Crunchy Treats","Fromm Crunchy Os Multigrain Dog Treats - Pot Roast Punchers",24,Each,66.48,24,,"0000-00-00 00:00:00",,,,2.77,9.990000,0.000000,Fromm,,"03/19/2026 2:06:08 pm","Main Warehouse",,"Default Supplier"
40693,21019,"Dog Treats","Zignature Grain Free, Chicken and Chia Biscuits 454g",4,Each,24.48,4,,"0000-00-00 00:00:00",,,,6.12,9.990000,0.000000,Zignature,,"03/19/2026 2:06:08 pm","Main Warehouse",,"Default Supplier"
40711,12540,Dogs,"Open Farm Wild Salmon with Ancient Grains dog food - 11LB",2,Each,104.38,2,,"0000-00-00 00:00:00",,,,52.19,72.990000,0.000000,"Open Farm",,"03/23/2026 1:38:31 pm","Main Warehouse",,"Default Supplier"
40711,12541,Dogs,"Open Farm Wild Salmon with Ancient Grains dog food - 22LB",2,Each,140.70,2,,"0000-00-00 00:00:00",,,,70.35,103.990000,0.000000,"Open Farm",,"03/23/2026 1:38:31 pm","Main Warehouse",,"Default Supplier"
40711,12535,Dogs,"Open Farm Harvest Chicken & Ancient Grains Dry Dog Food - 22LB",2,Each,148.70,2,,"0000-00-00 00:00:00",,,,74.35,103.990000,0.000000,"Open Farm",,"03/23/2026 1:38:31 pm","Main Warehouse",,"Default Supplier"
40711,12850,Dogs,"Open Farm Grass-Fed Beef & Ancient Grains Dog Kibble - 22LB",1,Each,80.18,1,,"0000-00-00 00:00:00",,,,80.18,109.990000,0.000000,"Open Farm",,"03/23/2026 1:38:31 pm","Main Warehouse",,"Default Supplier"
40711,12579,Dogs,"Open Farm Grass-Fed Beef & Ancient Grains Dry Dog Food 11lb",2,Each,100.10,2,,"0000-00-00 00:00:00",,,,50.05,70.990000,0.000000,"Open Farm",,"03/23/2026 1:38:31 pm","Main Warehouse",,"Default Supplier"
40711,12574,Dogs,"Open Farm Catch-of-the-Season Whitefish & Ancient Grains Dry Dog Food 22LB",2,Each,148.70,2,,"0000-00-00 00:00:00",,,,74.35,103.990000,0.000000,"Open Farm",,"03/23/2026 1:38:31 pm","Main Warehouse",,"Default Supplier"
40711,12991,"Dog Freeze Dried","Open Farm Wild Ocean Grain-Free RawMix for Cats 8LB - 8Lb",2,Each,85.64,2,,"0000-00-00 00:00:00",,,,42.82,59.990000,0.000000,"Open Farm",,"03/23/2026 1:38:31 pm","Main Warehouse",,"Default Supplier"
40711,712534,Dogs,"Open Farm Harvest Chicken & Ancient Grains Dry Dog Food - 11LB",3,Each,133.41,3,,"0000-00-00 00:00:00",,,,44.47,64.000000,0.000000,"Open Farm",,"03/23/2026 1:38:31 pm","Main Warehouse",,"Default Supplier"
40711,12990,Cats,"RawMix Open Prairie Grain-Free Cat Kibble 8lb",1,Each,0.00,1,,"2027-03-23 06:00:00",,,,0,66.990000,0.000000,"Royal Canin",,"03/23/2026 1:38:31 pm","Main Warehouse",,"Default Supplier"
40711,12980,Cats,"RawMix Open Prairie Grain-Free Cat Kibble - 2.2LB",2,Each,35.24,2,,"0000-00-00 00:00:00",,,,17.62,26.990000,0.000000,,,"03/23/2026 1:38:31 pm","Main Warehouse",,"Default Supplier"
40711,12538,Dogs,"open Farm Pasture-Raised Lamb & Ancient Grains Dog Kibble - 22LB",2,Each,147.68,2,,"0000-00-00 00:00:00",,,,73.84,109.990000,0.000000,"open Farm",,"03/23/2026 1:38:31 pm","Main Warehouse",,"Default Supplier"
40711,12537,Dogs,"open Farm Pasture-Raised Lamb & Ancient Grains Dog Kibble - 11LB",2,Each,94.38,2,,"0000-00-00 00:00:00",,,,47.19,72.990000,0.000000,"open Farm",,"03/23/2026 1:38:31 pm","Main Warehouse",,"Default Supplier"
40715,00109,"Cat Litter &amp; Litter Supplies","World's Best Multiple Cat Scented Clumping Litter - 7Lb",2,Each,28.00,2,,"0000-00-00 00:00:00",,,,14,18.990000,0.000000,,,"03/23/2026 2:19:57 pm","Main Warehouse",,"Default Supplier"
40715,11524,Adult,"Blue Buffalo Tastefuls Sensitive Stomach Chicken Adult Dry Cat Food 15LB",2,Each,97.00,2,,"0000-00-00 00:00:00",,,,48.5,71.990000,0.000000,"Blue Buffalo",,"03/23/2026 2:19:57 pm","Main Warehouse",,"Default Supplier"
40715,308708,"Cat Health Foods","Hill's Science Diet Specialty Multiple Benefit Chicken Recipe Adult Cat Food 7LB",2,Each,97.60,2,,"0000-00-00 00:00:00",,,,48.8,74.990000,0.000000,"Hill's Science",,"03/23/2026 2:19:57 pm","Main Warehouse",,"Default Supplier"
40715,92805,"Cat Urinary Care","Adult Oral Care Chicken & Brown Rice Recipe Cat Food 15.5LB",2,Each,173.00,2,,"0000-00-00 00:00:00",,,,86.5,120.990000,0.000000,,,"03/23/2026 2:19:57 pm","Main Warehouse",,"Default Supplier"
40715,72443,Dogs,"Acana Healthy Grains Dry Dog Food - Sea to Stream Recipe 22LB",2,Each,112.92,2,,"0000-00-00 00:00:00",,,,56.46,92.990000,0.000000,Acana,,"03/23/2026 2:19:57 pm","Main Warehouse",,"Default Supplier"
40715,72829,"Dry Dog Food","Orijen Amazing Grains Dry Dog Food - Regional Red - 9.7Kg",2,Each,175.76,2,,"0000-00-00 00:00:00",,,,87.88,129.990000,0.000000,Orijen,,"03/23/2026 2:19:57 pm","Main Warehouse",,"Default Supplier"
40715,10043,Dogs,"FirstMate Limited Ingredient Australian Lamb Meal Formula for Dogs 14.5LB",2,Each,82.06,2,,"0000-00-00 00:00:00",,,,41.03,58.990000,0.000000,FirstMate,,"03/23/2026 2:19:57 pm","Main Warehouse",,"Default Supplier"
40716,00747,Cats,"Now Fresh Grain-Free Recipe for Senior Cats - Turkey, Salmon & Duck - 8LB",2,Each,85.20,2,,"0000-00-00 00:00:00",,,,42.6,59.990000,0.000000,,,"03/23/2026 2:32:19 pm","Main Warehouse",,"Default Supplier"
40716,00746,Cats,"Now Fresh Grain-Free Recipe for Senior Cats - Turkey, Salmon & Duck - 3Lb",2,Each,42.60,2,,"0000-00-00 00:00:00",,,,21.3,29.990000,0.000000,,,"03/23/2026 2:32:19 pm","Main Warehouse",,"Default Supplier"
40716,68004,"Dog Dental Care","Vital Essentials Freeze-Dried Soft Nibs for Dogs - Beef Entrée 25oz",4,Each,197.40,4,,"0000-00-00 00:00:00",,,,49.35,67.990000,0.000000,,,"03/23/2026 2:32:19 pm","Main Warehouse",,"Default Supplier"
40716,00421,"Chews + Bones","Crumps' Naturals Plaque Busters Dog Treats - Bacon - 30.7 oz 30 pack",1,Each,0.00,1,,"0000-00-00 00:00:00",,,,0,30.490000,0.000000,,,"03/23/2026 2:32:19 pm","Main Warehouse",,"Default Supplier"
40716,00148,"Chews + Bones","Crumps' Natural Plaque Busters Original Dental Sticks",1,Each,0.00,1,,"0000-00-00 00:00:00",,,,0,12.990000,0.000000,,,"03/23/2026 2:32:19 pm","Main Warehouse",,"Default Supplier"
40716,00181,"Chews + Bones","Crumps' Naturals Plaque Busters Dog Treats - Bacon - 9.5 10pack",1,Each,0.00,1,,"0000-00-00 00:00:00",,,,0,12.490000,0.000000,,,"03/23/2026 2:32:19 pm","Main Warehouse",,"Default Supplier"
40716,00454,"Chews + Bones","Crumps' Naturals Plaque Busters Advanced Whole Mouth Care Dog Treats 9.5oz",1,Each,0.00,1,,"0000-00-00 00:00:00",,,,0,13.990000,0.000000,,,"03/23/2026 2:32:19 pm","Main Warehouse",,"Default Supplier"
40716,25000,"Crunchy Treats","Oven-Baked Tradition All Natural Grain-Free Dog Treats - Beef Liver",4,Each,58.84,4,,"0000-00-00 00:00:00",,,,14.71,21.990000,0.000000,"Oven Baked",,"03/23/2026 2:32:19 pm","Main Warehouse",,"Default Supplier"
40717,12576,Dogs,"Open Farm Farmer's Table Pork & Ancient Grains Dry Dog Food - 11lb",1,,0.00,1,,"0000-00-00 00:00:00",,,,0,64.990000,0.000000,"Open Farm",,"03/23/2026 2:39:45 pm","Main Warehouse",,"WooCommerce Import"
40725,72616,Adult,"Orijen Wet Cat Chunks + Shreds Regional Red",24,Each,79.92,24,,"0000-00-00 00:00:00",,,,3.33,5.090000,0.000000,Orijen,,"03/24/2026 2:20:32 pm","Main Warehouse",,"Default Supplier"
40725,72608,Cats,"ACANA Chicken & Salmon Recipe Chunks in Broth Kitten Cat Food 5.5oz",24,Each,73.44,24,,"0000-00-00 00:00:00",,,,3.06,4.590000,0.000000,Acana,,"03/24/2026 2:20:32 pm","Main Warehouse",,"Default Supplier"
40725,13614,"Cat Treats","Fussie Cat Tuna with Salmon Purée 4 count",18,Each,50.94,18,,"0000-00-00 00:00:00",,,,2.83,3.990000,0.000000,"Fussie Cat",,"03/24/2026 2:20:32 pm","Main Warehouse",,"Default Supplier"
40725,13925,"Cat Treats","Fussie Cat Oceanfish Purée 4 count",18,Each,50.94,18,,"0000-00-00 00:00:00",,,,2.83,3.990000,0.000000,"Fussie Cat",,"03/24/2026 2:20:32 pm","Main Warehouse",,"Default Supplier"
40725,13618,"Cat Treats","Fussie Cat Tuna with Shrimp Purée 4 count",18,Each,50.94,18,,"0000-00-00 00:00:00",,,,2.83,3.990000,0.000000,"Fussie Cat",,"03/24/2026 2:20:32 pm","Main Warehouse",,"Default Supplier"
40725,13940,"Cat Treats","Fussie Cat Chicken with Liver Purée 4 count",18,Each,0.00,18,,"0000-00-00 00:00:00",,,,0,3.990000,0.000000,"Fussie Cat",,"03/24/2026 2:20:32 pm","Main Warehouse",,"Default Supplier"
40725,35137,"Cat Treats","Fussie Cat  Tuna with Salmon in Goat Milk Purée 4 count",18,Each,50.94,18,,"0000-00-00 00:00:00",,,,2.83,3.990000,0.000000,"Fussie Cat",,"03/24/2026 2:20:32 pm","Main Warehouse",,"Default Supplier"
40725,13628,"Cat Treats","Fussie Cat Tuna with Oceanfish Purée 4 count",18,Each,50.94,18,,"0000-00-00 00:00:00",,,,2.83,3.990000,0.000000,"Fussie Cat",,"03/24/2026 2:20:32 pm","Main Warehouse",,"Default Supplier"
40725,35094,"Cat Treats","Fussie Cat Tuna with Anchovies Purée 4 count",18,Each,50.94,18,,"0000-00-00 00:00:00",,,,2.83,3.990000,0.000000,"Fussie Cat",,"03/24/2026 2:20:32 pm","Main Warehouse",,"Default Supplier"
40725,35130,"Cat Treats","Fussie Cat Tuna with Chicken in Goat Milk Purée 4 count",18,Each,50.94,18,,"0000-00-00 00:00:00",,,,2.83,3.990000,0.000000,"Fussie Cat",,"03/24/2026 2:20:32 pm","Main Warehouse",,"Default Supplier"
40725,14025,"Dog Health &amp; Wellness","Greenies Pill Pockets - Chicken Flavor Tablet Size 90g",2,Each,11.98,2,,"0000-00-00 00:00:00",,,,5.99,9.990000,0.000000,Greenies,,"03/24/2026 2:20:32 pm","Main Warehouse",,"Default Supplier"
40725,35093,"Cat Treats","Fussie Cat Tuna Purée 4 count",18,Each,50.94,18,,"0000-00-00 00:00:00",,,,2.83,3.990000,0.000000,"Fussie Cat",,"03/24/2026 2:20:32 pm","Main Warehouse",,"Default Supplier"
40725,13638,"Cat Treats","Fussie Cat Chicken with Duck Purée, 4 count",18,Each,50.94,18,,"0000-00-00 00:00:00",,,,2.83,3.990000,0.000000,"Fussie Cat",,"03/24/2026 2:20:32 pm","Main Warehouse",,"Default Supplier"
40725,13622,"cat soft treats","Fussie Cat Tuna with Chicken Puree Cat Treats, 4-count",18,Each,50.94,18,,"0000-00-00 00:00:00",,,,2.83,4.990000,0.000000,"Fussie Cat",,"03/24/2026 2:20:32 pm","Main Warehouse",,"Default Supplier"
40727,25021,"Dog Treats","Oven-Baked Tradition Turkey & Hemp Dog Treats 6oz",2,Each,6.98,2,,"0000-00-00 00:00:00",,,,3.49,5.990000,0.000000,"Oven Baked",,"03/24/2026 2:36:39 pm","Main Warehouse",,"Default Supplier"
40727,25003,"Crunchy Treats","Oven-Baked Tradition Turkey & Hemp Dog Treats 6 oz",6,Each,48.90,6,,"0000-00-00 00:00:00",,,,8.15,11.590000,0.000000,"Oven Baked",,"03/24/2026 2:36:39 pm","Main Warehouse",,"Default Supplier"
40727,00164,"Dog Toys","Bullymake Tough Chew Nylon Horseshoe Blue Bacon Flavour Dog Toy",2,Each,28.82,2,,"0000-00-00 00:00:00",,,,14.41,24.990000,0.000000,,,"03/24/2026 2:36:39 pm","Main Warehouse",,"Default Supplier"
40727,24011,"Dog Treats","Oven-Baked Tradition All Natural Soft & Chewy Dog Treats - Bacon Flavour 8oz",10,Each,35.00,10,,"0000-00-00 00:00:00",,,,3.5,6.990000,0.000000,"Oven Baked",,"03/24/2026 2:36:39 pm","Main Warehouse",,"Default Supplier"
40727,02900,"Cat Health &amp; Wellness &amp; hygiene","Wellmark Chlorhexidine Pads",2,Each,31.50,2,,"0000-00-00 00:00:00",,,,15.75,32.990000,0.000000,,,"03/24/2026 2:36:39 pm","Main Warehouse",,"Default Supplier"
40727,02898,"Cat Health &amp; Wellness &amp; hygiene","Wellmark Premium Aloe & Oatmeal Shampoo & Conditioner 473ml",2,Each,25.50,2,,"0000-00-00 00:00:00",,,,12.75,31.990000,0.000000,,,"03/24/2026 2:36:39 pm","Main Warehouse",,"Default Supplier"
40727,54177,Cats,"Royal Canin Appetite Control Spayed/Neutered 12+ Dry Adult Cat Food - 7lb",3,Each,137.04,3,,"0000-00-00 00:00:00",,,,45.68,65.660000,0.000000,"Royal Canin",,"03/24/2026 2:36:39 pm","Main Warehouse",,"Default Supplier"
40744,99031,Dogs,"Oven Baked Tradition - Adult Dog Semi-Moist Dog Food - Fish - 5lb",4,Each,109.20,4,,"0000-00-00 00:00:00",,,,27.3,36.990000,0.000000,"Oven Baked",,"03/26/2026 12:02:15 pm","Main Warehouse",,"Default Supplier"
40744,451260,"Dry Dog Food","ACANA Dog Light + Fit Recipe - 6kg",2,Each,83.58,2,,"2027-03-26 06:00:00",,,,41.79,60.990000,0.000000,Acana,,"03/26/2026 12:02:15 pm","Main Warehouse",,"Default Supplier"
40744,710080,,"FirstMate Dog Grain Free Pacific Ocean Fish Senior / Weight Control - 5lb",2,Each,43.38,2,,"0000-00-00 00:00:00",,,,21.69,18.590000,0.000000,FirstMate,,"03/26/2026 12:02:15 pm","Main Warehouse",,"Default Supplier"
40744,471412,"Dry Dog Food","ACANA Singles Lamb & Apple Recipe - 5.4kg",2,Each,102.72,2,,"0000-00-00 00:00:00",,,,51.36,74.990000,0.000000,Acana,,"03/26/2026 12:02:15 pm","Main Warehouse",,"Default Supplier"
40744,454160,"Dry Dog Food","ACANA Highest Protein Pacifica - 6kg",2,Each,86.32,2,,"0000-00-00 00:00:00",,,,43.16,72.990000,0.000000,Acana,,"03/26/2026 12:02:15 pm","Main Warehouse",,"Default Supplier"
40744,452560,"Dry Dog Food","ACANA Dog Adult Recipe - 6kg",2,Each,79.46,2,,"0000-00-00 00:00:00",,,,39.73,60.990000,0.000000,Acana,,"03/26/2026 12:02:15 pm","Main Warehouse",,"Default Supplier"
40744,454360,"Dry Dog Food","ACANA Highest Protein Ranchlands Dog - 6kg",1,Each,49.39,1,,"0000-00-00 00:00:00",,,,49.39,72.990000,0.000000,Acana,,"03/26/2026 12:02:15 pm","Main Warehouse",,"Default Supplier"
40744,471465,"Dry Cat Food","ACANA Pacifica Cat - 4.5kg",2,Each,80.14,2,,"0000-00-00 00:00:00",,,,40.07,42.070000,0.000000,Acana,,"03/26/2026 12:02:15 pm","Main Warehouse",,"Default Supplier"
40744,471444,"Dry Cat Food","ACANA Bountiful Catch Cat - 4.5kg",4,Each,135.60,4,,"0000-00-00 00:00:00",,,,33.9,54.990000,0.000000,Acana,,"03/26/2026 12:02:15 pm","Main Warehouse",,"Default Supplier"
40744,471451,"Dry Cat Food","ACANA Indoor Entrée Cat - 4.5kg",1,Each,37.77,1,,"2027-03-26 06:00:00",,,,37.77,52.240000,0.000000,Acana,,"03/26/2026 12:02:15 pm","Main Warehouse",,"Default Supplier"
40744,710102,"Dry Dog Food","FirstMate Dog Grain Friendly Chicken & Oats - 25lb",2,Each,83.78,2,,"0000-00-00 00:00:00",,,,41.89,56.040000,0.000000,FirstMate,,"03/26/2026 12:02:15 pm","Main Warehouse",,"Default Supplier"
40744,710083,,"FirstMate Dog Grain Free Pacific Ocean Fish Senior / Weight Control - 25lb",2,Each,131.70,2,,"0000-00-00 00:00:00",,,,65.85,75.640000,0.000000,FirstMate,,"03/26/2026 12:02:15 pm","Main Warehouse",,"Default Supplier"
40744,710047,"Dry Dog Food","FirstMate Dog Grain Free Australian Lamb - 25lb",2,Each,131.70,2,,"0000-00-00 00:00:00",,,,65.85,94.990000,0.000000,FirstMate,,"03/26/2026 12:02:15 pm","Main Warehouse",,"Default Supplier"
40744,710088,,"FirstMate Dog Pacific Ocean Fish Large Breed 25lb",1,Each,65.85,1,,"0000-00-00 00:00:00",,,,65.85,88.990000,0.000000,FirstMate,,"03/26/2026 12:02:15 pm","Main Warehouse",,"Default Supplier"
40744,710026,,"FirstMate Dog Grain Free Pacific Ocean Fish Original - 25lb",1,Each,65.85,1,,"0000-00-00 00:00:00",,,,65.85,88.990000,0.000000,FirstMate,,"03/26/2026 12:02:15 pm","Main Warehouse",,"Default Supplier"
40744,451211,"Dry Dog Food","ACANA Dog Light + Fit Recipe - 11.4kg",2,Each,135.86,2,,"2027-03-26 06:00:00",,,,67.93,79.890000,0.000000,Acana,,"03/26/2026 12:02:15 pm","Main Warehouse",,"Default Supplier"
40744,710128,"Dry Dog Food","FirstMate Dog Grain Friendly Duck & Oats - 25lb",1,Each,44.73,1,,"0000-00-00 00:00:00",,,,44.73,62.990000,0.000000,FirstMate,,"03/26/2026 12:02:15 pm","Main Warehouse",,"Default Supplier"
40744,451011,"Dry Dog Food","ACANA Dog Senior Recipe - 11.4kg",2,Each,135.86,2,,"0000-00-00 00:00:00",,,,67.93,79.890000,0.000000,Acana,,"03/26/2026 12:02:15 pm","Main Warehouse",,"Default Supplier"
40744,471417,"Dry Dog Food","ACANA Singles Duck & Pear Recipe - 10.8kg",2,Each,178.76,2,,"0000-00-00 00:00:00",,,,89.38,123.990000,0.000000,Acana,,"03/26/2026 12:02:15 pm","Main Warehouse",,"Default Supplier"
40744,456011,"Dry Dog Food","ACANA Classics Prairie Poultry Recipe - 9.7kg",2,Each,106.06,2,,"0000-00-00 00:00:00",,,,53.03,69.990000,0.000000,Acana,,"03/26/2026 12:02:15 pm","Main Warehouse",,"Default Supplier"
40744,471421,"Dry Dog Food","ACANA Singles Pork & Squash Recipe - 10.8kg",4,Each,308.88,4,,"0000-00-00 00:00:00",,,,77.22,105.990000,0.000000,Acana,,"03/26/2026 12:02:15 pm","Main Warehouse",,"Default Supplier"
40744,452511,"Dry Dog Food","ACANA Dog Adult Recipe - 11.4kg",2,Each,115.84,2,,"0000-00-00 00:00:00",,,,57.92,76.490000,0.000000,Acana,,"03/26/2026 12:02:15 pm","Main Warehouse",,"Default Supplier"
40744,456112,"Dry Dog Food","ACANA Classics Wild Coast Recipe - 9.7kg",2,Each,120.50,2,,"2027-03-26 06:00:00",,,,60.25,82.990000,0.000000,Acana,,"03/26/2026 12:02:15 pm","Main Warehouse",,"Default Supplier"
40744,454011,"Dry Dog Food","ACANA Highest Protein Wild Prairie - 11.4kg",2,Each,135.12,2,,"0000-00-00 00:00:00",,,,67.56,108.990000,0.000000,Acana,,"03/26/2026 12:02:15 pm","Main Warehouse",,"Default Supplier"
40744,456212,"Dry Dog Food","ACANA Classics Red Meat Recipe - 9.7kg",2,Each,120.36,2,,"0000-00-00 00:00:00",,,,60.18,70.540000,0.000000,Acana,,"03/26/2026 12:02:15 pm","Main Warehouse",,"Default Supplier"
40744,452111,"Dry Dog Food","ACANA Dog Adult Large Breed Recipe - 11.4kg",2,Each,115.84,2,,"2027-03-26 06:00:00",,,,57.92,93.320000,0.000000,Acana,,"03/26/2026 12:02:15 pm","Main Warehouse",,"Default Supplier"
40744,471553,"Dry Dog Food","Acana Dog Healthy Grains Recipe Large Breed Dry Food 10.2kg",2,Each,119.56,2,,"2027-03-26 06:00:00",,,,59.78,88.990000,0.000000,Acana,,"03/26/2026 12:02:15 pm","Main Warehouse",,"Default Supplier"
40744,471413,"Dry Dog Food","ACANA Singles Lamb & Apple Recipe - 10.8kg",2,Each,178.76,2,,"0000-00-00 00:00:00",,,,89.38,124.990000,0.000000,Acana,,"03/26/2026 12:02:15 pm","Main Warehouse",,"Default Supplier"
40744,456217,"Dry Dog Food","ACANA Classics Red Meat Recipe - 14.5kg",5,Each,376.30,5,,"2027-03-26 06:00:00",,,,75.26,94.990000,0.000000,Acana,,"03/26/2026 12:02:15 pm","Main Warehouse",,"Default Supplier"
40744,454111,"Dry Dog Food","ACANA Highest Protein Pacifica - 11.4kg",3,Each,233.22,3,,"0000-00-00 00:00:00",,,,77.74,92.640000,0.000000,Acana,,"03/26/2026 12:02:15 pm","Main Warehouse",,"Default Supplier"
40744,456117,"Dry Dog Food","ACANA Classics Wild Coast Recipe - 14.5kg",2,Each,164.86,2,,"2027-03-26 06:00:00",,,,82.43,109.990000,0.000000,Acana,,"03/26/2026 12:02:15 pm","Main Warehouse",,"Default Supplier"
40744,456017,"Dry Dog Food","ACANA Classics Prairie Poultry Recipe - 14.5kg",2,Each,134.76,2,,"0000-00-00 00:00:00",,,,67.38,85.490000,0.000000,Acana,,"03/26/2026 12:02:15 pm","Main Warehouse",,"Default Supplier"
40744,452117,"Dry Dog Food","ACANA Dog Adult Large Breed Recipe - 17kg",2,Each,173.48,2,,"2027-03-26 06:00:00",,,,86.74,114.940000,0.000000,Acana,,"03/26/2026 12:02:15 pm","Main Warehouse",,"Default Supplier"
40747,722002,"Wet Cat Food","FirstMate Cat Wild pacific GF Salmon 5.5oz",24,Each,61.92,24,,"0000-00-00 00:00:00",,,,2.58,3.090000,0.000000,FirstMate,,"03/26/2026 1:13:56 pm","Main Warehouse",,"Default Supplier"
40747,722032,"Wet Cat Food","FirstMate Cat GF Wild Tuna 5.5oz",24,Each,51.84,24,,"0000-00-00 00:00:00",,,,2.16,3.090000,0.000000,FirstMate,,"03/26/2026 1:13:56 pm","Main Warehouse",,"Default Supplier"
40747,122067,Cats,"FirstMate Cage-free Chicken & Rice Formula for Cats 5.5oz",24,Each,0.00,24,,"0000-00-00 00:00:00",,,,0,3.790000,0.000000,FirstMate,,"03/26/2026 1:13:56 pm","Main Warehouse",,"Default Supplier"
40747,122022,Cats,"FirstMate Cage-Free Chicken Formula Cat Food 5.5oz",24,Each,0.00,24,,"0000-00-00 00:00:00",,,,0,3.090000,0.000000,FirstMate,,"03/26/2026 1:13:56 pm","Main Warehouse",,"Default Supplier"
40747,220210,Adult,"FirstMate Cage-Free Chicken Formula Cat Food 3.2oz",24,Each,64.56,24,,"0000-00-00 00:00:00",,,,2.69,2.790000,0.000000,FirstMate,,"03/26/2026 1:13:56 pm","Main Warehouse",,"Default Supplier"
40747,471965,"Wet Cat Food","Acana Cat Beef Recipe in Bone Broth Wet Food - 3oz",24,Each,35.52,24,,"0000-00-00 00:00:00",,,,1.48,2.370000,0.000000,Acana,,"03/26/2026 1:13:56 pm","Main Warehouse",,"Default Supplier"
40747,671957,"Wet Cat Food","Acana Cat Salmon in Bone Broth Wet Food - 3oz",24,Each,35.76,24,,"0000-00-00 00:00:00",,,,1.49,1.870000,0.000000,Acana,,"03/26/2026 1:13:56 pm","Main Warehouse",,"Default Supplier"
40747,472217,"Wet Cat Food","Acana Cat Tuna in Bone Broth Wet Food - 5.5oz",12,Each,29.04,12,,"0000-00-00 00:00:00",,,,2.42,3.990000,0.000000,Acana,,"03/26/2026 1:13:56 pm","Main Warehouse",,"Default Supplier"
40747,472213,"Wet Cat Food","Acana Cat Chicken in Bone Broth Wet Food",12,Each,29.04,12,,"0000-00-00 00:00:00",,,,2.42,3.391000,0.000000,Acana,,"03/26/2026 1:13:56 pm","Main Warehouse",,"Default Supplier"
40762,66312,"Chews + Bones","Marrow Sticks (Under 15lb)",4,Each,50.00,4,,"0000-00-00 00:00:00",,,,12.5,23.000000,0.000000,,,"03/27/2026 12:11:04 pm","Main Warehouse",,"Default Supplier"
40762,66309,"Chews + Bones","Antler BonesPuppy Pack (Under 15lb)",4,Each,58.00,4,,"0000-00-00 00:00:00",,,,14.5,23.000000,0.000000,Antler,,"03/27/2026 12:11:04 pm","Main Warehouse",,"Default Supplier"
40762,66305,"Chews + Bones","SPLIT Elk Antler Chew - Large (Under 80Lbs)",9,Each,252.00,9,,"0000-00-00 00:00:00",,,,28,43.000000,0.000000,"SPLIT Elk",,"03/27/2026 12:11:04 pm","Main Warehouse",,"Default Supplier"
40762,66303,"Chews + Bones","SPLIT Elk Antler Chew - Medium (Under 55Lbs)",8,Each,160.00,8,,"0000-00-00 00:00:00",,,,20,31.000000,0.000000,"SPLIT Elk",,"03/27/2026 12:11:04 pm","Main Warehouse",,"Default Supplier"
40762,66304,"Chews + Bones","Elk WHOLE Antler Chews - Medium (Under 55Lbs)",6,Each,120.00,6,,"0000-00-00 00:00:00",,,,20,31.000000,0.000000,"Elk WHOLE",,"03/27/2026 12:11:04 pm","Main Warehouse",,"Default Supplier"
40762,66307,"Chews + Bones","SPLIT Elk Antler Chew - Xlarge (Over 80Lbs)",5,Each,195.00,5,,"0000-00-00 00:00:00",,,,39,64.000000,0.000000,"SPLIT Elk",,"03/27/2026 12:11:04 pm","Main Warehouse",,"Default Supplier"
40762,66308,"Chews + Bones","Elk WHOLE Antler Chews - Xlarge (over 85Lbs)",3,Each,117.00,3,,"0000-00-00 00:00:00",,,,39,64.000000,0.000000,"Elk WHOLE",,"03/27/2026 12:11:04 pm","Main Warehouse",,"Default Supplier"
40762,66306,"Chews + Bones","Elk WHOLE Antler Chews - Large (Under 80Lbs)",4,Each,112.00,4,,"0000-00-00 00:00:00",,,,28,43.000000,0.000000,"Elk WHOLE",,"03/27/2026 12:11:04 pm","Main Warehouse",,"Default Supplier"
40764,66302,"Chews + Bones","Elk WHOLE Antler Chews - Small (Under 25lbs)",4,Each,48.00,4,,"0000-00-00 00:00:00",,,,12,19.000000,0.000000,"Elk WHOLE",,"03/27/2026 1:09:59 pm","Main Warehouse",,"Default Supplier"
40764,66301,"Chews + Bones","SPLIT Elk Antler Chew - Small (Under 25Lbs)",5,Each,60.00,5,,"0000-00-00 00:00:00",,,,12,19.000000,0.000000,"SPLIT Elk",,"03/27/2026 1:09:59 pm","Main Warehouse",,"Default Supplier"
40783,13347,"Wet Cat Food","Fussie Cat Goat Milk Gravy Wet Food - Tuna with Chicken 2.47oz",22,Each,47.52,22,,"0000-00-00 00:00:00",,,,2.16,2.990000,0.000000,"Fussie Cat",,"03/31/2026 2:33:38 pm","Main Warehouse",,"Default Supplier"
40783,35153,"Cat Food Toppers","Fussie Cat Goat Milk Gravy Wet Food - Chicken",21,Each,45.99,21,,"2027-03-31 06:00:00",,,,2.19,3.190000,0.000000,"Fussie Cat",,"03/31/2026 2:33:38 pm","Main Warehouse",,"Default Supplier"
40783,13356,"Cat Food Toppers","Fussie Cat Goat Milk Gravy Wet Food - Tuna with Ocean Fish",24,Each,52.56,24,,"2027-03-31 06:00:00",,,,2.19,3.190000,0.000000,"Fussie Cat",,"03/31/2026 2:33:38 pm","Main Warehouse",,"Default Supplier"
40783,13349,"Cat Food Toppers","Fussie Cat Goat Milk Gravy Wet Food - Tuna with Salmon",24,Each,52.56,24,,"2027-03-31 06:00:00",,,,2.19,3.190000,0.000000,"Fussie Cat",,"03/31/2026 2:33:38 pm","Main Warehouse",,"Default Supplier"
40783,471607,"Wet Dog Food","Acana Dog Premium Chunks Grain Free Duck in Bone Broth Wet Food",12,Each,44.28,12,,"0000-00-00 00:00:00",,,,3.69,5.990000,0.000000,Acana,,"03/31/2026 2:33:38 pm","Main Warehouse",,"Default Supplier"
40783,471601,"Wet Dog Food","Acana Dog Premium Chunks Grain Free Lamb in Broth Wet Food",12,Each,44.28,12,,"0000-00-00 00:00:00",,,,3.69,4.490000,0.000000,Acana,,"03/31/2026 2:33:38 pm","Main Warehouse",,"Default Supplier"
40783,471443,"Dry Cat Food","ACANA Bountiful Catch Cat - 1.8kg",5,Each,89.75,5,,"0000-00-00 00:00:00",,,,17.95,29.990000,0.000000,Acana,,"03/31/2026 2:33:38 pm","Main Warehouse",,"Default Supplier"
40783,450020,"Dry Dog Food","ACANA Dog Puppy Recipe - 2kg",1,Each,19.94,1,,"0000-00-00 00:00:00",,,,19.94,17.990000,0.000000,Acana,,"03/31/2026 2:33:38 pm","Main Warehouse",,"Default Supplier"
40783,471430,"Dry Cat Food","Acana Cat First Feast Dry Food - 1.8kg",4,Each,71.80,4,,"0000-00-00 00:00:00",,,,17.95,29.990000,0.000000,Acana,,"03/31/2026 2:33:38 pm","Main Warehouse",,"Default Supplier"
40783,99011,Dogs,"Oven Baked Tradition - Adult Dog Semi-Moist Dog Food - Chicken - 5lb",4,Each,0.00,4,,"0000-00-00 00:00:00",,,,0,36.990000,0.000000,"Oven Baked",,"03/31/2026 2:33:38 pm","Main Warehouse",,"Default Supplier"
40783,471464,"Dry Cat Food","ACANA Pacifica Cat - 1.8kg",2,Each,41.86,2,,"0000-00-00 00:00:00",,,,20.93,21.890000,0.000000,Acana,,"03/31/2026 2:33:38 pm","Main Warehouse",,"Default Supplier"
40783,10067,"Dry Dog Food","FirstMate Dog Grain Free Chicken with Blueberries - 14.5",1,Each,0.00,1,,"0000-00-00 00:00:00",,,,0,58.990000,0.000000,FirstMate,,"03/31/2026 2:33:38 pm","Main Warehouse",,"Default Supplier"
40783,35155,"Cat Food Toppers","Fussie Cat Goat Milk Gravy Wet Food - Chicken with Duck",22,Each,48.18,22,,"2026-03-31 20:17:53",,,,2.19,3.190000,0.000000,"Fussie Cat",,"03/31/2026 2:33:38 pm","Main Warehouse",,"Default Supplier"
40783,35157,"Cat Food Toppers","Fussie Cat Goat Milk Gravy Wet Food - Chicken with Beef",24,Each,52.56,24,,"2026-03-31 20:18:34",,,,2.19,3.190000,0.000000,"Fussie Cat",,"03/31/2026 2:33:38 pm","Main Warehouse",,"Default Supplier"
40783,451020,"Dry Dog Food","ACANA Dog Senior Recipe - 2kg",3,Each,53.85,3,,"0000-00-00 00:00:00",,,,17.95,29.990000,0.000000,Acana,,"03/31/2026 2:33:38 pm","Main Warehouse",,"Default Supplier"
40783,452520,"Dry Dog Food","ACANA Dog Adult Recipe - 2kg",2,Each,39.88,2,,"2026-03-31 20:20:33",,,,19.94,29.990000,0.000000,Acana,,"03/31/2026 2:33:38 pm","Main Warehouse",,"Default Supplier"
40783,456021,"Dry Dog Food","ACANA Classics Prairie Poultry Recipe - 2kg",2,Each,30.36,2,,"0000-00-00 00:00:00",,,,15.18,24.990000,0.000000,Acana,,"03/31/2026 2:33:38 pm","Main Warehouse",,"Default Supplier"
40783,72381,Dogs,"ACANA Premium Pate Duck Recipe Dog Food 362g/12.8 oz",12,Each,0.00,12,,"0000-00-00 00:00:00",,,,0,5.690000,0.000000,Acana,,"03/31/2026 2:33:38 pm","Main Warehouse",,"Default Supplier"
40783,471610,"Wet Dog Food","Acana Dog Premium Chunks Grain Free Beef in Bone Broth Wet Food",12,Each,51.96,12,,"0000-00-00 00:00:00",,,,4.33,4.490000,0.000000,Acana,,"03/31/2026 2:33:38 pm","Main Warehouse",,"Default Supplier"
40783,55314,"Cat Health &amp; Wellness &amp; hygiene","Royal Canin Feline Care Nutrition Appetite Control Care Dry Cat Food 14Lb",3,Each,0.00,3,,"0000-00-00 00:00:00",,,,0,100.990000,0.000000,"Royal Canin",,"03/31/2026 2:33:38 pm","Main Warehouse",,"Default Supplier"
40783,72605,Adult,"ACANA Chicken & Tuna Recipe Chunks in Broth Adult Cat Food",12,Each,0.00,12,,"0000-00-00 00:00:00",,,,0,2.490000,0.000000,Acana,,"03/31/2026 2:33:38 pm","Main Warehouse",,"Default Supplier"
40783,64992,Cats,"Orijen Kitten Chicken+Salmon entree in Bone Broth Wet Food - 5.5oz",12,Each,0.00,12,,"0000-00-00 00:00:00",,,,0,4.590000,0.000000,Orijen,,"03/31/2026 2:33:38 pm","Main Warehouse",,"Default Supplier"
40795,344356,"Wet Dog Food","GO! Dog Skin & Coat Turkey & Salmon Pate",24,Each,86.40,24,,"0000-00-00 00:00:00",,,,3.6,4.990000,0.000000,GO!,,"04/02/2026 11:53:55 am","Main Warehouse",,"Default Supplier"
40795,344360,"Wet Cat Food","GO! Cat Sensitivities Grain Free Duck Pate",48,Each,137.76,48,,"0000-00-00 00:00:00",,,,2.87,3.990000,0.000000,GO!,,"04/02/2026 11:53:55 am","Main Warehouse",,"Default Supplier"
40795,45734,Dogs,"Canadian Naturals LID Sweet Potato & Salmon Recipe 25lb",2,Each,119.20,2,,"0000-00-00 00:00:00",,,,59.6,84.990000,0.000000,"Canadian Naturals",,"04/02/2026 11:53:55 am","Main Warehouse",,"Default Supplier"
40795,344363,"Wet Cat Food","GO! Cat Skin & Coat Salmon Pate",48,Each,137.76,48,,"0000-00-00 00:00:00",,,,2.87,3.990000,0.000000,GO,,"04/02/2026 11:53:55 am","Main Warehouse",,"Default Supplier"
40795,00747,Cats,"Now Fresh Grain-Free Recipe for Senior Cats - Turkey, Salmon & Duck - 8LB",2,Each,85.20,2,,"0000-00-00 00:00:00",,,,42.6,59.990000,0.000000,,,"04/02/2026 11:53:55 am","Main Warehouse",,"Default Supplier"
40795,00746,Cats,"Now Fresh Grain-Free Recipe for Senior Cats - Turkey, Salmon & Duck - 3Lb",4,Each,85.20,4,,"0000-00-00 00:00:00",,,,21.3,29.990000,0.000000,,,"04/02/2026 11:53:55 am","Main Warehouse",,"Default Supplier"
40795,779369457410,Dogs,"Canadian Naturals Grain Free Whitefish Recipe - 25lbs",2,Each,87.80,2,,"0000-00-00 00:00:00",,,,43.9,64.990000,0.000000,"Canadian Naturals",,"04/02/2026 11:53:55 am","Main Warehouse",,"Default Supplier"
40795,344129,"Dry Dog Food","Go! Carnivore Grain Free Chicken Turkey Duck Senior 3.5LB",4,Each,68.40,4,,"0000-00-00 00:00:00",,,,17.1,24.990000,0.000000,GO!,,"04/02/2026 11:53:55 am","Main Warehouse",,"Default Supplier"
40795,344341,"Dry Dog Food","GO! Sensitivities Limited Ingredient Lamb 22LB",4,Each,312.36,4,,"2027-04-02 06:00:00",,,,78.09,111.990000,0.000000,GO!,,"04/02/2026 11:53:55 am","Main Warehouse",,"Default Supplier"
40795,344333,"Dry Dog Food","GO! Dog Sensitivities Grain Free Salmon - 22lb",7,Each,521.85,7,,"0000-00-00 00:00:00",,,,74.55,94.990000,0.000000,GO!,,"04/02/2026 11:53:55 am","Main Warehouse",,"Default Supplier"
40795,347887,Accessories,"World's Best Low Tracking & Dust Control Litter 15lb",2,Each,55.30,2,,"0000-00-00 00:00:00",,,,27.65,34.990000,0.000000,"World's Best",,"04/02/2026 11:53:55 am","Main Warehouse",,"Default Supplier"
40795,10190,"Cat Litter &amp; Litter Supplies","World's Best Cat Litter Multiple-Cat Lotus Blossom Scent Formula - 15lb",2,Each,55.40,2,,"0000-00-00 00:00:00",,,,27.7,32.490000,0.000000,"World's Best",,"04/02/2026 11:53:55 am","Main Warehouse",,"Default Supplier"
40796,100720,Dogs,"Natural Balance Specialized Nutrition Digestive & Joint Health Chicken & Oatmeal Formula Small Breed Adult Dog Food 12lb",2,Each,0.00,2,,"0000-00-00 00:00:00",,,,0,75.990000,0.000000,"Natural Balance",,"04/02/2026 12:47:48 pm","Main Warehouse",,"Default Supplier"
40796,101022,Cats,"Hill's Science Diet® Urinary Hairball Control Adult Wet Cat Food - Savory Chicken - Minced, 5.5 oz",24,Each,62.88,24,,"0000-00-00 00:00:00",,,,2.62,3.790000,0.000000,"Hill's Science",,"04/02/2026 12:47:48 pm","Main Warehouse",,"Default Supplier"
40796,100513,Cats,"Oven-Baked Tradition Cat Care Urinary Tract Chicken 10 lb",4,Each,0.00,4,,"0000-00-00 00:00:00",,,,0,58.990000,0.000000,"Oven Baked",,"04/02/2026 12:47:48 pm","Main Warehouse",,"Default Supplier"
40796,813161,"Dry Dog Food","Zignature Dog Limited Ingredient Pork - 12.5lb",1,Each,33.08,1,,"0000-00-00 00:00:00",,,,33.08,30.890000,0.000000,Zignature,,"04/02/2026 12:47:48 pm","Main Warehouse",,"Default Supplier"
40796,194295,"Dog Freeze Dried Food","Primal Dog Kibble in the Raw - Fish & Pork, 9lb",2,Each,252.00,2,,"0000-00-00 00:00:00",,,,126,171.990000,0.000000,Primal,,"04/02/2026 12:47:48 pm","Main Warehouse",,"Default Supplier"
40796,100517,Cats,"Oven-Baked Tradition Cat Care Dental - GF Chicken 10lb",2,Each,0.00,2,,"0000-00-00 00:00:00",,,,0,66.990000,0.000000,"Oven Baked",,"04/02/2026 12:47:48 pm","Main Warehouse",,"Default Supplier"
40796,711733,,"Fromm Cat Four-Star GF Hasen Duckenpfeffer - 4.5kg",2,Each,85.74,2,,"2027-04-02 06:00:00",,,,42.87,60.950000,0.000000,Fromm,,"04/02/2026 12:47:48 pm","Main Warehouse",,"Default Supplier"
40796,418260,"Dry Dog Food","ORIJEN Original Dog - 6kg",2,Each,94.00,2,,"0000-00-00 00:00:00",,,,47,69.990000,0.000000,Orijen,,"04/02/2026 12:47:48 pm","Main Warehouse",,"Default Supplier"
40796,428354,"Dry Cat Food","ORIJEN Fit & Trim Cat - 5.4kg",2,Each,98.62,2,,"2027-04-02 06:00:00",,,,49.31,79.990000,0.000000,Orijen,,"04/02/2026 12:47:48 pm","Main Warehouse",,"Default Supplier"
40796,450260,"Dry Dog Food","Acana Puppy Recipe Small Breed Dry Food 6kg",4,Each,143.04,4,,"0000-00-00 00:00:00",,,,35.76,0.000000,0.000000,Acana,,"04/02/2026 12:47:48 pm","Main Warehouse",,"Default Supplier"
40796,846454,"Dry Dog Food","Royal Canin Large Weight Care 30lb",2,Each,180.78,2,,"0000-00-00 00:00:00",,,,90.39,139.990000,0.000000,"Royal Canin",,"04/02/2026 12:47:48 pm","Main Warehouse",,"Default Supplier"
40796,710139,"Dry Dog Food","FirstMate Dog Grain Friendly New Zealand Beef & Oats - 25lb",4,Each,178.92,4,,"2027-04-02 06:00:00",,,,44.73,62.990000,0.000000,FirstMate,,"04/02/2026 12:47:48 pm","Main Warehouse",,"Default Supplier"
40796,418160,"Dry Dog Food","ORIJEN Puppy Large Breed - 6kg",2,Each,0.00,2,,"0000-00-00 00:00:00",,,,0,74.990000,0.000000,Orijen,,"04/02/2026 12:47:48 pm","Main Warehouse",,"Default Supplier"
40796,710103,"Dry Dog Food","FirstMate Dog Grain Friendly Wild Pacific Caught Fish & Oats - 25lb",4,Each,167.56,4,,"0000-00-00 00:00:00",,,,41.89,58.990000,0.000000,FirstMate,,"04/02/2026 12:47:48 pm","Main Warehouse",,"Default Supplier"
40796,710108,"Dry Dog Food","FirstMate Dog Grain Friendly Free Range Lamb & Oats - 25lb",4,Each,167.56,4,,"2027-04-02 06:00:00",,,,41.89,56.040000,0.000000,FirstMate,,"04/02/2026 12:47:48 pm","Main Warehouse",,"Default Supplier"
40796,610246,"Dry Dog Food","Nutram 3.0 Ideal Dog I20 Skin Coat & Stomach - 11.4kg",4,Each,244.60,4,,"2027-04-02 06:00:00",,,,61.15,77.340000,0.000000,Nutram,,"04/02/2026 12:47:48 pm","Main Warehouse",,"Default Supplier"
40796,451211,"Dry Dog Food","ACANA Dog Light + Fit Recipe - 11.4kg",4,Each,271.72,4,,"2027-04-02 06:00:00",,,,67.93,79.890000,0.000000,Acana,,"04/02/2026 12:47:48 pm","Main Warehouse",,"Default Supplier"
40796,471548,"Dry Dog Food","Acana Healthy Grains Red Meat Recipe - 10.2kg",4,Each,261.84,4,,"0000-00-00 00:00:00",,,,65.46,80.740000,0.000000,Acana,,"04/02/2026 12:47:48 pm","Main Warehouse",,"Default Supplier"
40796,471551,"Dry Dog Food","Acana Healthy Grains Puppy - 10.2kg",2,Each,121.50,2,,"2027-04-02 06:00:00",,,,60.75,89.990000,0.000000,Acana,,"04/02/2026 12:47:48 pm","Main Warehouse",,"Default Supplier"
40796,72824,Dogs,"Orijen Amazing Grains Dry Dog Food - Original",4,Each,0.00,4,,"2027-04-02 06:00:00",,,,0,114.990000,0.000000,Orijen,,"04/02/2026 12:47:48 pm","Main Warehouse",,"Default Supplier"
40796,471413,"Dry Dog Food","ACANA Singles Lamb & Apple Recipe - 10.8kg",2,Each,178.76,2,,"0000-00-00 00:00:00",,,,89.38,124.990000,0.000000,Acana,,"04/02/2026 12:47:48 pm","Main Warehouse",,"Default Supplier"
40796,813118,`,"Zignature Dog Zssentials - 25lb",2,Each,155.64,2,,"2027-04-02 06:00:00",,,,77.82,108.990000,0.000000,Zignature,,"04/02/2026 12:47:48 pm","Main Warehouse",,"Default Supplier"
40797,12862,Dogs,"Open Farm Grain Free Wild-Caught Salmon Recipe - 22lb",2,Each,168.72,2,,"0000-00-00 00:00:00",,,,84.36,117.990000,0.000000,"Open Farm",,"04/02/2026 1:37:13 pm","Main Warehouse",,"Default Supplier"
40797,29405,Dogs,"Open Farm Front Range Grain-Free RawMix for Dogs - 20lbs",2,Each,190.18,2,,"0000-00-00 00:00:00",,,,95.09,132.990000,0.000000,"Open Farm",,"04/02/2026 1:37:13 pm","Main Warehouse",,"Default Supplier"
40797,371665,"Wet Cat Food","Royal Canin Urinary Care 85g",96,Each,215.04,96,,"0000-00-00 00:00:00",,,,2.24,3.390000,0.000000,"Royal Canin",,"04/02/2026 1:37:13 pm","Main Warehouse",,"Default Supplier"
40797,871028,"Wet Cat Food","Royal Canin Adult Instinctive Loaf 85g",96,Each,215.04,96,,"0000-00-00 00:00:00",,,,2.24,3.040000,0.000000,"Royal Canin",,"04/02/2026 1:37:13 pm","Main Warehouse",,"Default Supplier"
40797,372015,"Wet Dog Food","Royal Canin Puppy Loaf 150g",48,Each,129.60,48,,"0000-00-00 00:00:00",,,,2.7,4.390000,0.000000,"Royal Canin",,"04/02/2026 1:37:13 pm","Main Warehouse",,"Default Supplier"
40797,101022,Cats,"Hill's Science Diet® Urinary Hairball Control Adult Wet Cat Food - Savory Chicken - Minced, 5.5 oz",24,Each,62.88,24,,"0000-00-00 00:00:00",,,,2.62,3.790000,0.000000,"Hill's Science",,"04/02/2026 1:37:13 pm","Main Warehouse",,"Default Supplier"
40797,13347,"Wet Cat Food","Fussie Cat Goat Milk Gravy Wet Food - Tuna with Chicken 2.47oz",48,Each,103.68,48,,"0000-00-00 00:00:00",,,,2.16,2.990000,0.000000,"Fussie Cat",,"04/02/2026 1:37:13 pm","Main Warehouse",,"Default Supplier"
40797,35155,"Cat Food Toppers","Fussie Cat Goat Milk Gravy Wet Food - Chicken with Duck",48,Each,105.12,48,,"2027-04-02 06:00:00",,,,2.19,3.190000,0.000000,"Fussie Cat",,"04/02/2026 1:37:13 pm","Main Warehouse",,"Default Supplier"
40797,13349,"Cat Food Toppers","Fussie Cat Goat Milk Gravy Wet Food - Tuna with Salmon",48,Each,105.12,48,,"2027-04-02 06:00:00",,,,2.19,3.190000,0.000000,"Fussie Cat",,"04/02/2026 1:37:13 pm","Main Warehouse",,"Default Supplier"
40797,712003,"Wet Dog Food","FirstMate Dog LID GF Salmon 12.2oz",24,Each,80.40,24,,"0000-00-00 00:00:00",,,,3.35,4.790000,0.000000,FirstMate,,"04/02/2026 1:37:13 pm","Main Warehouse",,"Default Supplier"
40797,201426,"Wet Dog Food","Dog Beef & Brown Rice Wet Food",24,Each,84.72,24,,"0000-00-00 00:00:00",,,,3.53,5.490000,0.000000,"Natural Balance",,"04/02/2026 1:37:13 pm","Main Warehouse",,"Default Supplier"
40797,700458,"Wet Dog Food","Weruva Grain and Gluten Free Peking Ducken - Chicken & Duck 14oz",24,Each,110.88,24,,"0000-00-00 00:00:00",,,,4.62,5.890000,0.000000,Weruva,,"04/02/2026 1:37:13 pm","Main Warehouse",,"Default Supplier"
40799,813162,,"Zignature Dog Limited Ingredient Pork - 25lb",1,Each,63.22,1,,"0000-00-00 00:00:00",,,,63.22,92.900000,0.000000,Zignature,,"04/02/2026 1:48:45 pm","Main Warehouse",,"Default Supplier"
40799,813132,"Dry Dog Food","Zignature Dog Limited Ingredient Kangaroo - 25lb",2,Each,186.70,2,,"0000-00-00 00:00:00",,,,93.35,139.990000,0.000000,Zignature,,"04/02/2026 1:48:45 pm","Main Warehouse",,"Default Supplier"
40823,99011,Dogs,"Oven Baked Tradition - Adult Dog Semi-Moist Dog Food - Chicken - 5lb",4,Each,109.20,4,,"0000-00-00 00:00:00",,,,27.3,36.990000,0.000000,"Oven Baked",,"04/06/2026 10:33:02 am","Main Warehouse",,"Default Supplier"
40823,91659,"Chews + Bones","BetterBone Classic Medium Chew - Small",4,Each,33.76,4,,"0000-00-00 00:00:00",,,,8.44,19.990000,0.000000,BetterBone,,"04/06/2026 10:33:02 am","Main Warehouse",,"Default Supplier"
40823,91656,"Chews + Bones","BetterBone Classic Medium Chew - Large",4,Each,58.64,4,,"0000-00-00 00:00:00",,,,14.66,27.990000,0.000000,BetterBone,,"04/06/2026 10:33:02 am","Main Warehouse",,"Default Supplier"
40823,91603,"Chews + Bones","BetterBone Classic Dog Chew Hard - Large",4,Each,58.64,4,,"0000-00-00 00:00:00",,,,14.66,27.990000,0.000000,BetterBone,,"04/06/2026 10:33:02 am","Main Warehouse",,"Default Supplier"
40823,591657,"Chews + Bones","BetterBone Beef Medium Chew - Large",4,Each,62.84,4,,"0000-00-00 00:00:00",,,,15.71,24.990000,0.000000,BetterBone,,"04/06/2026 10:33:02 am","Main Warehouse",,"Default Supplier"
40823,124120,,"Weruva Pumpkin Patch Up Coconut Oil & Flaxseed",2,Case,32.88,24,,"0000-00-00 00:00:00",,,,16.44,2.190000,0.000000,Weruva,,"04/06/2026 10:33:02 am","Main Warehouse",,"Default Supplier"
40823,99040,Cats,"Oven-Baked Tradition Semi-Moist Food for Adult Cats - Turkey, 3lb",2,Each,0.00,2,,"0000-00-00 00:00:00",,,,0,36.990000,0.000000,"Oven Baked",,"04/06/2026 10:33:02 am","Main Warehouse",,"Default Supplier"
40823,813160,,"Zignature Dog Limited Ingredient Pork - 4lb",2,Each,24.54,2,,"0000-00-00 00:00:00",,,,12.27,11.690000,0.000000,Zignature,,"04/06/2026 10:33:02 am","Main Warehouse",,"Default Supplier"
40823,813108,,"Zignature Dog Limited Ingredient Turkey - 4lb",2,Each,26.44,2,,"0000-00-00 00:00:00",,,,13.22,7.000000,0.000000,Zignature,,"04/06/2026 10:33:02 am","Main Warehouse",,"Default Supplier"
40823,711710,,"Fromm Cat Four-Star GF Salmon Tunachovy - 1.8kg",1,Each,23.18,1,,"0000-00-00 00:00:00",,,,23.18,19.770000,0.000000,Fromm,,"04/06/2026 10:33:02 am","Main Warehouse",,"Default Supplier"
40823,911075,Kitten,"Tiki Cat Baby Variety Pack Kitten Cat Food -- 2.4oz / 12 pack",4,Each,84.48,4,,"0000-00-00 00:00:00",,,,21.12,29.990000,0.000000,"Tiki Cat",,"04/06/2026 10:33:02 am","Main Warehouse",,"Default Supplier"
40823,11363,"Cat Food Toppers","Tiki Cat Born Carnivore Broths - Variety Pack",1,Each,15.24,1,,"0000-00-00 00:00:00",,,,15.24,24.990000,0.000000,"Tiki Cat",,"04/06/2026 10:33:02 am","Main Warehouse",,"Default Supplier"
40823,500431,,"Primal Dog Freeze Dried Raw Nuggets - Beef, 5.5oz",1,Each,12.90,1,,"0000-00-00 00:00:00",,,,12.9,18.040000,0.000000,Primal,,"04/06/2026 10:33:02 am","Main Warehouse",,"Default Supplier"
40823,621016,"Dog Treats","Oven-Baked Tradition Dog Treats Salmon",6,Each,32.94,6,,"0000-00-00 00:00:00",,,,5.49,5.390000,0.000000,Oven-Baked,,"04/06/2026 10:33:02 am","Main Warehouse",,"Default Supplier"
40823,740005,"Dog Treats","FirstMate Dog Lamb and Blueberry Treats",10,Each,30.00,10,,"0000-00-00 00:00:00",,,,3,3.590000,0.000000,FirstMate,,"04/06/2026 10:33:02 am","Main Warehouse",,"Default Supplier"
40823,500434,,"Primal Cat Freeze Dried Raw Nuggets - Beef + Salmon, 5.5oz",2,Each,25.80,2,,"0000-00-00 00:00:00",,,,12.9,18.990000,0.000000,Primal,,"04/06/2026 10:33:02 am","Main Warehouse",,"Default Supplier"
40823,00181,"Chews + Bones","Crumps' Naturals Plaque Busters Dog Treats - Bacon - 9.5 10pack",6,Each,48.72,6,,"0000-00-00 00:00:00",,,,8.12,12.490000,0.000000,,,"04/06/2026 10:33:02 am","Main Warehouse",,"Default Supplier"
40823,00454,"Chews + Bones","Crumps' Naturals Plaque Busters Advanced Whole Mouth Care Dog Treats 9.5oz",6,Each,52.14,6,,"0000-00-00 00:00:00",,,,8.69,13.990000,0.000000,,,"04/06/2026 10:33:02 am","Main Warehouse",,"Default Supplier"
40823,00421,"Chews + Bones","Crumps' Naturals Plaque Busters Dog Treats - Bacon - 30.7 oz 30 pack",6,Each,124.26,6,,"0000-00-00 00:00:00",,,,20.71,30.490000,0.000000,,,"04/06/2026 10:33:02 am","Main Warehouse",,"Default Supplier"
40823,610270,,"Nutram 3.0 Sound Cat S1 For Kitten - 1.3kg",2,Each,26.20,2,,"0000-00-00 00:00:00",,,,13.1,11.990000,0.000000,Nutram,,"04/06/2026 10:33:02 am","Main Warehouse",,"Default Supplier"
40823,471544,"Dry Dog Food","ACANA Healthy Grains Free-Run Poultry - 1.8kg",3,Each,48.48,3,,"0000-00-00 00:00:00",,,,16.16,26.990000,0.000000,Acana,,"04/06/2026 10:33:02 am","Main Warehouse",,"Default Supplier"
40823,471450,"Dry Cat Food","ACANA Indoor Entrée Cat - 1.8kg",2,Each,35.90,2,,"0000-00-00 00:00:00",,,,17.95,25.990000,0.000000,Acana,,"04/06/2026 10:33:02 am","Main Warehouse",,"Default Supplier"
40823,811112,"Dry Cat Food","Royal Canin Feline Aging 12+ 6lb",2,Each,82.72,2,,"0000-00-00 00:00:00",,,,41.36,65.990000,0.000000,"Royal Canin",,"04/06/2026 10:33:02 am","Main Warehouse",,"Default Supplier"
40823,471419,"Dry Dog Food","ACANA Singles Pork & Squash Recipe - 1.8kg",2,Each,46.52,2,,"0000-00-00 00:00:00",,,,23.26,33.240000,0.000000,Acana,,"04/06/2026 10:33:02 am","Main Warehouse",,"Default Supplier"
40823,428018,"Dry Cat Food","Orijen Cat Original Dry Food 1.8kg",2,Each,47.88,2,,"0000-00-00 00:00:00",,,,23.94,0.000000,0.000000,Orijen,,"04/06/2026 10:33:02 am","Main Warehouse",,"Default Supplier"
40823,471550,"Dry Dog Food","Acana Healthy Grains Puppy - 1.8kg",4,Each,71.00,4,,"0000-00-00 00:00:00",,,,17.75,22.945000,0.000000,Acana,,"04/06/2026 10:33:02 am","Main Warehouse",,"Default Supplier"
40823,980581,,"Tiki Cat Born Carnivore Silver Senior Health non-GMO",2,Each,50.38,2,,"0000-00-00 00:00:00",,,,25.19,26.240000,0.000000,"Tiki Cat",,"04/06/2026 10:33:02 am","Main Warehouse",,"Default Supplier"
40823,980586,"Dry Cat Food","Tiki Cat Born Carnivore Indoor Health Chicken & Turkey - 3lb",2,Each,37.80,2,,"0000-00-00 00:00:00",,,,18.9,28.490000,0.000000,"Tiki Cat",,"04/06/2026 10:33:02 am","Main Warehouse",,"Default Supplier"
40823,354647,"Dry Cat Food","Royal Canin Feline Urinary Care - 6lb",4,Each,179.92,4,,"0000-00-00 00:00:00",,,,44.98,69.990000,0.000000,"Royal Canin",,"04/06/2026 10:33:02 am","Main Warehouse",,"Default Supplier"
40823,99031,Dogs,"Oven Baked Tradition - Adult Dog Semi-Moist Dog Food - Fish - 5lb",3,Each,81.90,3,,"0000-00-00 00:00:00",,,,27.3,36.990000,0.000000,"Oven Baked",,"04/06/2026 10:33:02 am","Main Warehouse",,"Default Supplier"
40823,720061,"Dry Cat Food","FirstMate Cat Grain Free Chicken with Blueberries - 3.96lb",2,Each,36.38,2,,"2027-04-06 06:00:00",,,,18.19,25.990000,0.000000,FirstMate,,"04/06/2026 10:33:02 am","Main Warehouse",,"Default Supplier"
40823,711730,,"Fromm Cat Four-Star GF Hasen Duckenpfeffer - 1.8kg",2,Each,46.36,2,,"0000-00-00 00:00:00",,,,23.18,19.770000,0.000000,Fromm,,"04/06/2026 10:33:02 am","Main Warehouse",,"Default Supplier"
40823,100287,"Dry Cat Food","Nutram 3.0 Sound Cat S5 Adult for Senior - 2kg",2,Each,32.00,2,,"0000-00-00 00:00:00",,,,16,22.940000,0.000000,Nutram,,"04/06/2026 10:33:02 am","Main Warehouse",,"Default Supplier"
40823,471443,"Dry Cat Food","ACANA Bountiful Catch Cat - 1.8kg",2,Each,35.90,2,,"0000-00-00 00:00:00",,,,17.95,29.990000,0.000000,Acana,,"04/06/2026 10:33:02 am","Main Warehouse",,"Default Supplier"
40823,50220,Dogs,"Acana Puppy Small Breed Recipe Dry Dog Food",4,Each,0.00,4,,"0000-00-00 00:00:00",,,,0,33.490000,0.000000,Acana,,"04/06/2026 10:33:02 am","Main Warehouse",,"Default Supplier"
40823,135108,"Dog Treats","Zignature Dog Soft Moist Treats Pork",12,Each,59.88,12,,"0000-00-00 00:00:00",,,,4.99,8.540000,0.000000,Zignature,,"04/06/2026 10:33:02 am","Main Warehouse",,"Default Supplier"
40823,720050,"Dry Cat Food","FirstMate Cat Grain Free Pacific Ocean Fish with Blueberries - 3.96lb",2,Each,36.38,2,,"0000-00-00 00:00:00",,,,18.19,21.990000,0.000000,FirstMate,,"04/06/2026 10:33:02 am","Main Warehouse",,"Default Supplier"
40823,710068,"Dry Dog Food","FirstMate Dog Grain Free Chicken with Blueberries - 5lb",2,Each,43.38,2,,"0000-00-00 00:00:00",,,,21.69,18.590000,0.000000,FirstMate,,"04/06/2026 10:33:02 am","Main Warehouse",,"Default Supplier"
40823,720065,"Dry Cat Food","FirstMate Cat Grain Free Cage Free Duck with Blueberries - 3.96lb",2,Each,39.18,2,,"0000-00-00 00:00:00",,,,19.59,27.990000,0.000000,FirstMate,,"04/06/2026 10:33:02 am","Main Warehouse",,"Default Supplier"
40823,710203,,"FirstMate LID Chicken Small Bites 4lb",2,Each,36.38,2,,"0000-00-00 00:00:00",,,,18.19,26.990000,0.000000,FirstMate,,"04/06/2026 10:33:02 am","Main Warehouse",,"Default Supplier"
40826,11363,"Cat Food Toppers","Tiki Cat Born Carnivore Broths - Variety Pack",2,Each,30.48,2,,"0000-00-00 00:00:00",,,,15.24,24.990000,0.000000,"Tiki Cat",,"04/06/2026 1:09:20 pm","Main Warehouse",,"Default Supplier"
40851,213129,"Cat Litter &amp; Litter Supplies","Intersand Odourlock Multi-Cat Clumping Cat Litter - Lavender Field",4,Each,98.80,4,,"0000-00-00 00:00:00",,,,24.7,28.990000,0.000000,Intersand,,"04/09/2026 2:35:42 pm","Main Warehouse",,"Default Supplier"
40851,710108,"Dry Dog Food","FirstMate Dog Grain Friendly Free Range Lamb & Oats - 25lb",4,Each,167.56,4,,"2027-04-09 06:00:00",,,,41.89,56.040000,0.000000,FirstMate,,"04/09/2026 2:35:42 pm","Main Warehouse",,"Default Supplier"
40851,210128,"Cat Litter &amp; Litter Supplies","Intersand Odourlock Multi-Cat Clumping Cat Litter - Baby Powder",6,Each,148.20,6,,"0000-00-00 00:00:00",,,,24.7,28.990000,0.000000,Intersand,,"04/09/2026 2:35:42 pm","Main Warehouse",,"Default Supplier"
40851,710116,"Dry Dog Food","FirstMate Dog GF High Performance 25lb",2,Each,83.78,2,,"0000-00-00 00:00:00",,,,41.89,58.990000,0.000000,FirstMate,,"04/09/2026 2:35:42 pm","Main Warehouse",,"Default Supplier"
40851,618312,"Dry Dog Food","ORIJEN Six Fish Dog - 11.4kg",5,Each,441.75,5,,"0000-00-00 00:00:00",,,,88.35,87.490000,0.000000,Orijen,,"04/09/2026 2:35:42 pm","Main Warehouse",,"Default Supplier"
40851,100423,,"Nutram 3.0 Ideal Dog I14 Skin Coat & Stomach For Puppy - 11.4kg",2,Each,140.00,2,,"0000-00-00 00:00:00",,,,70,94.990000,0.000000,Nutram,,"04/09/2026 2:35:42 pm","Main Warehouse",,"Default Supplier"
40851,454211,"Dry Dog Food","ACANA Highest Protein Grasslands - 11.4kg",2,Each,135.10,2,,"2027-04-09 06:00:00",,,,67.55,108.990000,0.000000,Acana,,"04/09/2026 2:35:42 pm","Main Warehouse",,"Default Supplier"
40851,454311,"Dry Dog Food","ACANA Highest Protein Ranchlands Dog - 11.4kg",4,Each,314.52,4,,"0000-00-00 00:00:00",,,,78.63,99.990000,0.000000,Acana,,"04/09/2026 2:35:42 pm","Main Warehouse",,"Default Supplier"
40851,471413,"Dry Dog Food","ACANA Singles Lamb & Apple Recipe - 10.8kg",6,Each,536.28,6,,"0000-00-00 00:00:00",,,,89.38,124.990000,0.000000,Acana,,"04/09/2026 2:35:42 pm","Main Warehouse",,"Default Supplier"
40851,813118,`,"Zignature Dog Zssentials - 25lb",1,Each,77.82,1,,"2027-04-09 06:00:00",,,,77.82,108.990000,0.000000,Zignature,,"04/09/2026 2:35:42 pm","Main Warehouse",,"Default Supplier"
40851,29412,Dogs,"Open Farm Open Prairie Grain-Free RawMix for Dogs - 20lbs",2,Each,181.58,2,,"0000-00-00 00:00:00",,,,90.79,126.990000,0.000000,"Open Farm",,"04/09/2026 2:35:42 pm","Main Warehouse",,"Default Supplier"
40851,471421,"Dry Dog Food","ACANA Singles Pork & Squash Recipe - 10.8kg",4,Each,308.88,4,,"0000-00-00 00:00:00",,,,77.22,105.990000,0.000000,Acana,,"04/09/2026 2:35:42 pm","Main Warehouse",,"Default Supplier"
40851,456217,"Dry Dog Food","ACANA Classics Red Meat Recipe - 14.5kg",5,Each,376.30,5,,"2027-04-09 06:00:00",,,,75.26,94.990000,0.000000,Acana,,"04/09/2026 2:35:42 pm","Main Warehouse",,"Default Supplier"
40851,456117,"Dry Dog Food","ACANA Classics Wild Coast Recipe - 14.5kg",6,Each,494.58,6,,"2026-04-09 20:13:05",,,,82.43,109.990000,0.000000,Acana,,"04/09/2026 2:35:42 pm","Main Warehouse",,"Default Supplier"
40851,712140,"Dog Treats","Fromm Dog Crunchy Os Blueberry",12,Each,69.24,12,,"0000-00-00 00:00:00",,,,5.77,9.990000,0.000000,Fromm,,"04/09/2026 2:35:42 pm","Main Warehouse",,"Default Supplier"
40851,712150,"Dog Treats","Fromm Dog Crunchy Os CheesePlosion",12,Each,69.24,12,,"0000-00-00 00:00:00",,,,5.77,9.990000,0.000000,Fromm,,"04/09/2026 2:35:42 pm","Main Warehouse",,"Default Supplier"
40851,194147,"Dog Freeze Dried Food","Primal Freeze Dried Beef Pronto",4,Each,135.92,4,,"0000-00-00 00:00:00",,,,33.98,49.980000,0.000000,Primal,,"04/09/2026 2:35:42 pm","Main Warehouse",,"Default Supplier"
40851,428018,"Dry Cat Food","Orijen Cat Original Dry Food 1.8kg",2,Each,47.88,2,,"0000-00-00 00:00:00",,,,23.94,0.000000,0.000000,Orijen,,"04/09/2026 2:35:42 pm","Main Warehouse",,"Default Supplier"
40851,12780,"Cat Food Toppers","Tiki Cat Born Carnivore Complements - Variety Pack",2,Each,0.00,2,,"0000-00-00 00:00:00",,,,0,29.990000,0.000000,"Tiki Cat",,"04/09/2026 2:35:42 pm","Main Warehouse",,"Default Supplier"
40851,710126,"Dry Dog Food","FirstMate Dog Grain Friendly Duck & Oats - 5lb",4,Each,62.48,4,,"0000-00-00 00:00:00",,,,15.62,13.190000,0.000000,FirstMate,,"04/09/2026 2:35:42 pm","Main Warehouse",,"Default Supplier"
40851,100287,"Dry Cat Food","Nutram 3.0 Sound Cat S5 Adult for Senior - 2kg",2,Each,32.00,2,,"0000-00-00 00:00:00",,,,16,22.940000,0.000000,Nutram,,"04/09/2026 2:35:42 pm","Main Warehouse",,"Default Supplier"
40851,100419,,"Nutram 3.0 Sound Dog S49 Adult Salmon - 2kg",1,Each,18.32,1,,"0000-00-00 00:00:00",,,,18.32,16.790000,0.000000,Nutram,,"04/09/2026 2:35:42 pm","Main Warehouse",,"Default Supplier"
40851,428118,"Dry Cat Food","ORIJEN Six Fish Cat - 1.8kg",2,Each,53.20,2,,"0000-00-00 00:00:00",,,,26.6,39.990000,0.000000,Orijen,,"04/09/2026 2:35:42 pm","Main Warehouse",,"Default Supplier"
40851,418020,"Dry Dog Food","ORIJEN Puppy - 2kg",1,Each,20.93,1,,"0000-00-00 00:00:00",,,,20.93,34.990000,0.000000,Orijen,,"04/09/2026 2:35:42 pm","Main Warehouse",,"Default Supplier"
40851,471411,"Dry Dog Food","ACANA Singles Lamb & Apple Recipe - 1.8kg",1,Each,20.94,1,,"0000-00-00 00:00:00",,,,20.94,34.990000,0.000000,Acana,,"04/09/2026 2:35:42 pm","Main Warehouse",,"Default Supplier"
40851,50220,Dogs,"Acana Puppy Small Breed Recipe Dry Dog Food",4,Each,83.76,4,,"0000-00-00 00:00:00",,,,20.94,33.490000,0.000000,Acana,,"04/09/2026 2:35:42 pm","Main Warehouse",,"Default Supplier"
40851,13352,"Cat Food Toppers","Fussie Cat Goat Milk Gravy Wet Food - Tuna with Small Anchovies",24,Each,52.56,24,,"2027-04-09 06:00:00",,,,2.19,3.190000,0.000000,"Fussie Cat",,"04/09/2026 2:35:42 pm","Main Warehouse",,"Default Supplier"
40851,471967,"Wet Cat Food","Acana Kitten Chicken + Tuna Wet Food 3oz",48,Each,71.04,48,,"0000-00-00 00:00:00",,,,1.48,1.870000,0.000000,Acana,,"04/09/2026 2:35:42 pm","Main Warehouse",,"Default Supplier"
40851,471412,"Dry Dog Food","ACANA Singles Lamb & Apple Recipe - 5.4kg",2,Each,102.72,2,,"0000-00-00 00:00:00",,,,51.36,74.990000,0.000000,Acana,,"04/09/2026 2:35:42 pm","Main Warehouse",,"Default Supplier"
40851,813161,"Dry Dog Food","Zignature Dog Limited Ingredient Pork - 12.5lb",2,Each,66.16,2,,"0000-00-00 00:00:00",,,,33.08,30.890000,0.000000,Zignature,,"04/09/2026 2:35:42 pm","Main Warehouse",,"Default Supplier"
40851,813117,"Dry Dog Food","Zignature Dog Zssentials - 12.5lb",2,Each,81.26,2,,"2027-04-09 06:00:00",,,,40.63,20.820000,0.000000,Zignature,,"04/09/2026 2:35:42 pm","Main Warehouse",,"Default Supplier"
40851,450260,"Dry Dog Food","Acana Puppy Recipe Small Breed Dry Food 6kg",3,Each,107.28,3,,"0000-00-00 00:00:00",,,,35.76,0.000000,0.000000,Acana,,"04/09/2026 2:35:42 pm","Main Warehouse",,"Default Supplier"
40851,471451,"Dry Cat Food","ACANA Indoor Entrée Cat - 4.5kg",4,Each,151.08,4,,"2027-04-09 06:00:00",,,,37.77,52.240000,0.000000,Acana,,"04/09/2026 2:35:42 pm","Main Warehouse",,"Default Supplier"
40851,200235,"CAT FOOD DRY","Natural Balance Cat Chicken & Green Pea Dry Food",1,Each,36.52,1,,"0000-00-00 00:00:00",,,,36.52,50.990000,0.000000,"Natural Balance",,"04/09/2026 2:35:42 pm","Main Warehouse",,"Default Supplier"
40851,618360,"Dry Dog Food","ORIJEN Six Fish Dog - 6kg",5,Each,246.50,5,,"0000-00-00 00:00:00",,,,49.3,79.990000,0.000000,Orijen,,"04/09/2026 2:35:42 pm","Main Warehouse",,"Default Supplier"
40851,428254,"Dry Cat Food","ORIJEN Regional Red Cat - 5.4kg",2,Each,123.26,2,,"0000-00-00 00:00:00",,,,61.63,84.990000,0.000000,Orijen,,"04/09/2026 2:35:42 pm","Main Warehouse",,"Default Supplier"
40851,472398,"Dry Cat Food","Acana Cat Highest Protein Indoor Dry Food 4.5 kg",4,Each,0.00,4,,"2027-04-09 06:00:00",,,,0,68.990000,0.000000,Acana,,"04/09/2026 2:35:42 pm","Main Warehouse",,"Default Supplier"
40851,721006,,"Intersand Cat Litter OdourLock Baby Powder - 6kg",2,Each,21.86,2,,"0000-00-00 00:00:00",,,,10.93,15.990000,0.000000,Intersand,,"04/09/2026 2:35:42 pm","Main Warehouse",,"Default Supplier"
40854,100111,"Cat Litter &amp; Litter Supplies","World's Best Cat Litter Multiple Cat Lavender Scent Formula 28lb",2,Each,96.50,2,,"0000-00-00 00:00:00",,,,48.25,60.990000,0.000000,"World's Best",,"04/09/2026 2:43:39 pm","Main Warehouse",,"Default Supplier"
40854,344130,"Dry Dog Food","GO! Dog Carnivore Grain Free Chicken Turkey Duck for Senior 12 Lb",2,Each,88.20,2,,"2026-04-09 20:36:09",,,,44.1,61.990000,0.000000,GO!,,"04/09/2026 2:43:39 pm","Main Warehouse",,"Default Supplier"
40854,341898,Accessories,"Multiple Cat Scented Clumping Litter",4,Each,96.20,4,,"0000-00-00 00:00:00",,,,24.05,29.240000,0.000000,"World's Best",,"04/09/2026 2:43:39 pm","Main Warehouse",,"Default Supplier"
40854,344579,"Dry Cat Food","NOW Cat Turkey Salmon & Duck Adult - 8lb",4,Each,166.80,4,,"0000-00-00 00:00:00",,,,41.7,57.990000,0.000000,"Now Fresh",,"04/09/2026 2:43:39 pm","Main Warehouse",,"Default Supplier"
40854,344578,"Dry Cat Food","NOW Cat Turkey Salmon & Duck Adult - 3lb",2,Each,38.80,2,,"0000-00-00 00:00:00",,,,19.4,26.990000,0.000000,"Now Fresh",,"04/09/2026 2:43:39 pm","Main Warehouse",,"Default Supplier"
40854,347780,"Dry Dog Food","GO! Dog Skin & Coat Salmon Recipe - 3.5lb",4,Each,62.80,4,,"0000-00-00 00:00:00",,,,15.7,21.990000,0.000000,GO,,"04/09/2026 2:43:39 pm","Main Warehouse",,"Default Supplier"
40854,349002,"Dry Dog Food","NOW Dog Good Gravy Adult Chicken - 3.5lb",2,Each,38.30,2,,"0000-00-00 00:00:00",,,,19.15,26.990000,0.000000,NOW,,"04/09/2026 2:43:39 pm","Main Warehouse",,"Default Supplier"
40854,45719,Dogs,"Canadian Naturals Lamb & Brown Rice Recipe - 25lbs",2,Each,74.80,2,,"2027-04-09 06:00:00",,,,37.4,54.990000,0.000000,"Canadian Naturals",,"04/09/2026 2:43:39 pm","Main Warehouse",,"Default Supplier"
40854,45743,Dogs,"Canadian Naturals Pork and Brown Rice Recipe - 30lbs",2,Each,72.40,2,,"0000-00-00 00:00:00",,,,36.2,54.990000,0.000000,"Canadian Naturals",,"04/09/2026 2:43:39 pm","Main Warehouse",,"Default Supplier"
40854,45718,Dogs,"Canadian Naturals Chicken & Brown Rice Recipe - 30lbs",2,Each,71.40,2,,"0000-00-00 00:00:00",,,,35.7,53.990000,0.000000,"Canadian Naturals",,"04/09/2026 2:43:39 pm","Main Warehouse",,"Default Supplier"
40854,344329,"Dry Dog Food","GO! Dog Sensitivities Grain Free Duck - 22lb",4,Each,320.80,4,,"0000-00-00 00:00:00",,,,80.2,107.990000,0.000000,GO!,,"04/09/2026 2:43:39 pm","Main Warehouse",,"Default Supplier"
40854,349003,"Dry Dog Food","NOW Dog Good Gravy Adult Chicken - 22lb",1,Each,74.55,1,,"0000-00-00 00:00:00",,,,74.55,104.990000,0.000000,NOW,,"04/09/2026 2:43:39 pm","Main Warehouse",,"Default Supplier"
40854,344131,"Dry Dog Food","GO! Dog Carnivore GF Chicken Turkey Duck Senior 22lb",6,Each,396.60,6,,"2026-04-09 20:42:00",,,,66.1,93.990000,0.000000,GO!,,"04/09/2026 2:43:39 pm","Main Warehouse",,"Default Supplier"
40854,344554,"Dry Dog Food","NOW Dog Turkey Salmon & Duck Adult - 22lb",4,Each,310.80,4,,"2026-04-09 20:42:41",,,,77.7,107.990000,0.000000,"Now Fresh",,"04/09/2026 2:43:39 pm","Main Warehouse",,"Default Supplier"
40854,21200,"Chews + Bones","RedBarn Bully Stick 12inch",210,Each,0.00,210,,"0000-00-00 00:00:00",,,,0,13.990000,0.000000,RedBarn,,"04/09/2026 2:43:39 pm","Main Warehouse",,"Default Supplier"
40860,11034,Cats,"Tiki Cat After Dark Pate+ Cat Food - Variety Pack",4,Each,103.20,4,,"0000-00-00 00:00:00",,,,25.8,35.490000,0.000000,"Tiki Cat",,"04/10/2026 1:50:52 pm","Main Warehouse",,"Default Supplier"
40860,00201,Cats,"Weruva Outback Grill Canned Cat Food 5.5oz",24,Each,60.00,24,,"0000-00-00 00:00:00",,,,2.5,3.590000,0.000000,,,"04/10/2026 1:50:52 pm","Main Warehouse",,"Default Supplier"
40860,00238,"Chews + Bones","Crumps' Natural Plaque Busters Pumpkin Spice Dental Sticks",6,Each,48.72,6,,"0000-00-00 00:00:00",,,,8.12,12.490000,0.000000,,,"04/10/2026 1:50:52 pm","Main Warehouse",,"Default Supplier"
40911,100422,,"Nutram 3.0 Ideal Dog I14 Skin Coat & Stomach For Puppy - 2kg",4,Each,82.28,4,,"0000-00-00 00:00:00",,,,20.57,21.590000,0.000000,Nutram,,"04/17/2026 11:27:10 am","Main Warehouse",,"Default Supplier"
40911,135174,,"Zignature Dog Puppy Multi-Protein - 4lb",2,Each,30.78,2,,"0000-00-00 00:00:00",,,,15.39,18.690000,0.000000,Zignature,,"04/17/2026 11:27:10 am","Main Warehouse",,"Default Supplier"
40911,428018,"Dry Cat Food","Orijen Cat Original Dry Food 1.8kg",2,Each,47.88,2,,"0000-00-00 00:00:00",,,,23.94,0.000000,0.000000,Orijen,,"04/17/2026 11:27:10 am","Main Warehouse",,"Default Supplier"
40911,107627,Dogs,"Hill's Science Diet Small & Mini Adult Dry Dog Food - Chicken & Brown Rice - 4.5lb",2,Each,49.32,2,,"0000-00-00 00:00:00",,,,24.66,38.990000,0.000000,"Hill's Science",,"04/17/2026 11:27:10 am","Main Warehouse",,"Default Supplier"
40911,471567,"Dog Freeze Dried Food","Acana Dog Freeze Dried Food Patties Beef 397g",2,Each,50.68,2,,"0000-00-00 00:00:00",,,,25.34,32.940000,0.000000,Acana,,"04/17/2026 11:27:10 am","Main Warehouse",,"Default Supplier"
40911,00148,"Chews + Bones","Crumps' Natural Plaque Busters Original Dental Sticks",3,Each,0.00,3,,"0000-00-00 00:00:00",,,,0,12.990000,0.000000,,,"04/17/2026 11:27:10 am","Main Warehouse",,"Default Supplier"
40911,50220,Dogs,"Acana Puppy Small Breed Recipe Dry Dog Food",4,Each,83.76,4,,"0000-00-00 00:00:00",,,,20.94,33.490000,0.000000,Acana,,"04/17/2026 11:27:10 am","Main Warehouse",,"Default Supplier"
40911,11363,"Cat Food Toppers","Tiki Cat Born Carnivore Broths - Variety Pack",2,Each,30.48,2,,"0000-00-00 00:00:00",,,,15.24,24.990000,0.000000,"Tiki Cat",,"04/17/2026 11:27:10 am","Main Warehouse",,"Default Supplier"
40911,12981,Cats,"Open Farm Wild Ocean Grain-Free RawMix for Cats 8LB - 2.25Lb",2,Each,0.00,2,,"0000-00-00 00:00:00",,,,0,27.990000,0.000000,"Open Farm",,"04/17/2026 11:27:10 am","Main Warehouse",,"Default Supplier"
40911,14700,"Cat Food Toppers","Goat Milk Powder with Taurine for Cats",4,Each,0.00,4,,"0000-00-00 00:00:00",,,,0,25.490000,0.000000,,,"04/17/2026 11:27:10 am","Main Warehouse",,"Default Supplier"
40911,911075,Kitten,"Tiki Cat Baby Variety Pack Kitten Cat Food -- 2.4oz / 12 pack",6,Each,126.72,6,,"0000-00-00 00:00:00",,,,21.12,29.990000,0.000000,"Tiki Cat",,"04/17/2026 11:27:10 am","Main Warehouse",,"Default Supplier"
40911,471450,"Dry Cat Food","ACANA Indoor Entrée Cat - 1.8kg",4,Each,71.80,4,,"0000-00-00 00:00:00",,,,17.95,25.990000,0.000000,Acana,,"04/17/2026 11:27:10 am","Main Warehouse",,"Default Supplier"
40911,25021,"Dog Treats","Oven-Baked Tradition Turkey & Hemp Dog Treats 6oz",6,Each,20.94,6,,"0000-00-00 00:00:00",,,,3.49,5.990000,0.000000,"Oven Baked",,"04/17/2026 11:27:10 am","Main Warehouse",,"Default Supplier"
40911,354647,"Dry Cat Food","Royal Canin Feline Urinary Care - 6lb",4,Each,179.92,4,,"0000-00-00 00:00:00",,,,44.98,69.990000,0.000000,"Royal Canin",,"04/17/2026 11:27:10 am","Main Warehouse",,"Default Supplier"
40911,200232,"CAT FOOD DRY","Natural Balance Cat Salmon & Green Pea Dry Food",4,Each,146.08,4,,"0000-00-00 00:00:00",,,,36.52,50.990000,0.000000,"Natural Balance",,"04/17/2026 11:27:10 am","Main Warehouse",,"Default Supplier"
40911,100513,Cats,"Oven-Baked Tradition Cat Care Urinary Tract Chicken 10 lb",4,Each,0.00,4,,"0000-00-00 00:00:00",,,,0,58.990000,0.000000,"Oven Baked",,"04/17/2026 11:27:10 am","Main Warehouse",,"Default Supplier"
40911,720063,"Dry Cat Food","FirstMate Cat Grain Free Chicken with Blueberries - 10lb",4,Each,120.36,4,,"0000-00-00 00:00:00",,,,30.09,42.990000,0.000000,FirstMate,,"04/17/2026 11:27:10 am","Main Warehouse",,"Default Supplier"
40911,450260,"Dry Dog Food","Acana Puppy Recipe Small Breed Dry Food 6kg",4,Each,143.04,4,,"0000-00-00 00:00:00",,,,35.76,0.000000,0.000000,Acana,,"04/17/2026 11:27:10 am","Main Warehouse",,"Default Supplier"
40911,451060,"Dry Dog Food","ACANA Dog Senior Recipe - 6kg",2,Each,82.56,2,,"0000-00-00 00:00:00",,,,41.28,41.990000,0.000000,Acana,,"04/17/2026 11:27:10 am","Main Warehouse",,"Default Supplier"
40911,354646,"Dry Cat Food","Royal Canin Feline Urinary Care - 14lb",2,Each,153.40,2,,"2027-04-17 06:00:00",,,,76.7,117.990000,0.000000,"Royal Canin",,"04/17/2026 11:27:10 am","Main Warehouse",,"Default Supplier"
40911,55314,"Cat Health &amp; Wellness &amp; hygiene","Royal Canin Feline Care Nutrition Appetite Control Care Dry Cat Food 14Lb",2,Each,0.00,2,,"0000-00-00 00:00:00",,,,0,100.990000,0.000000,"Royal Canin",,"04/17/2026 11:27:10 am","Main Warehouse",,"Default Supplier"
40911,418260,"Dry Dog Food","ORIJEN Original Dog - 6kg",2,Each,94.00,2,,"0000-00-00 00:00:00",,,,47,69.990000,0.000000,Orijen,,"04/17/2026 11:27:10 am","Main Warehouse",,"Default Supplier"
40911,841673,"Dry Dog Food","Royal Canin Breed Health Labrador 30lb",2,Each,169.20,2,,"2026-04-17 17:10:49",,,,84.6,124.990000,0.000000,"Royal Canin",,"04/17/2026 11:27:10 am","Main Warehouse",,"Default Supplier"
40911,72443,Dogs,"Acana Healthy Grains Dry Dog Food - Sea to Stream Recipe 22LB",2,Each,112.92,2,,"0000-00-00 00:00:00",,,,56.46,92.990000,0.000000,Acana,,"04/17/2026 11:27:10 am","Main Warehouse",,"Default Supplier"
40911,618312,"Dry Dog Food","ORIJEN Six Fish Dog - 11.4kg",2,Each,176.70,2,,"0000-00-00 00:00:00",,,,88.35,87.490000,0.000000,Orijen,,"04/17/2026 11:27:10 am","Main Warehouse",,"Default Supplier"
40911,471472,"Dry Cat Food","ACANA Grasslands Cat - 4.5kg",2,Each,91.14,2,,"0000-00-00 00:00:00",,,,45.57,64.990000,0.000000,Acana,,"04/17/2026 11:27:10 am","Main Warehouse",,"Default Supplier"
40911,450111,"Dry Dog Food","Acana Puppy Recipe Large Breed Dry Food 11.4kg",2,Each,115.84,2,,"2027-04-17 06:00:00",,,,57.92,89.990000,0.000000,Acana,,"04/17/2026 11:27:10 am","Main Warehouse",,"Default Supplier"
40911,456011,"Dry Dog Food","ACANA Classics Prairie Poultry Recipe - 9.7kg",2,Each,106.06,2,,"0000-00-00 00:00:00",,,,53.03,69.990000,0.000000,Acana,,"04/17/2026 11:27:10 am","Main Warehouse",,"Default Supplier"
40911,72440,Dogs,"Acana Healthy Grains Sea to Farm Puppy Food 22.5lb",2,Each,0.00,2,,"0000-00-00 00:00:00",,,,0,95.990000,0.000000,Acana,,"04/17/2026 11:27:10 am","Main Warehouse",,"Default Supplier"
40911,418212,"Dry Dog Food","ORIJEN Original Dog - 11.4kg",2,Each,157.30,2,,"2027-04-17 06:00:00",,,,78.65,109.990000,0.000000,Orijen,,"04/17/2026 11:27:10 am","Main Warehouse",,"Default Supplier"
40911,456212,"Dry Dog Food","ACANA Classics Red Meat Recipe - 9.7kg",3,Each,180.54,3,,"0000-00-00 00:00:00",,,,60.18,70.540000,0.000000,Acana,,"04/17/2026 11:27:10 am","Main Warehouse",,"Default Supplier"
40911,507373,"Dry Dog Food","Hill's Science Diet Large Breed Adult 1-5 Dog Food - Chicken & Barley Recipe 35lbs",4,Each,0.00,4,,"0000-00-00 00:00:00",,,,0,112.990000,0.000000,"Hill's Science",,"04/17/2026 11:27:10 am","Main Warehouse",,"Default Supplier"
40911,456217,"Dry Dog Food","ACANA Classics Red Meat Recipe - 14.5kg",4,Each,301.04,4,,"2027-04-17 06:00:00",,,,75.26,94.990000,0.000000,Acana,,"04/17/2026 11:27:10 am","Main Warehouse",,"Default Supplier"
40911,800511,"Wet Dog Food","Weruva Grain & Gluten Free Paw Lickin Chicken in Gravy 14oz",24,Each,98.16,24,,"0000-00-00 00:00:00",,,,4.09,5.890000,0.000000,Weruva,,"04/17/2026 11:27:10 am","Main Warehouse",,"Default Supplier"
40911,800513,"Wet Dog Food","Weruva Funky Chunky Chicken Soup With Pumpkin",12,Each,49.08,12,,"0000-00-00 00:00:00",,,,4.09,5.890000,0.000000,Weruva,,"04/17/2026 11:27:10 am","Main Warehouse",,"Default Supplier"
40911,800517,"Wet Dog Food","Weruva Grain & Gluten Free Wok the Dog - Chicken, Beef & Pumpkin 14oz",12,Each,55.44,12,,"0000-00-00 00:00:00",,,,4.62,5.890000,0.000000,Weruva,,"04/17/2026 11:27:10 am","Main Warehouse",,"Default Supplier"
40911,471975,"Wet Cat Food","Orijen Cat Tuna+Beef entree in Bone Broth Wet Food",48,Each,82.56,48,,"0000-00-00 00:00:00",,,,1.72,2.890000,0.000000,Orijen,,"04/17/2026 11:27:10 am","Main Warehouse",,"Default Supplier"
40911,472220,"Wet Cat Food","Orijen Cat Regional Red in Bone Broth Wet Food",24,Each,65.28,24,,"0000-00-00 00:00:00",,,,2.72,4.490000,0.000000,Orijen,,"04/17/2026 11:27:10 am","Main Warehouse",,"Default Supplier"
40911,471967,"Wet Cat Food","Acana Kitten Chicken + Tuna Wet Food 3oz",48,Each,71.04,48,,"0000-00-00 00:00:00",,,,1.48,1.870000,0.000000,Acana,,"04/17/2026 11:27:10 am","Main Warehouse",,"Default Supplier"
40911,800114,"Wet Cat Food","Weruva Cat Amazon Living chicken and liver",48,Each,79.20,48,,"0000-00-00 00:00:00",,,,1.65,2.690000,0.000000,Weruva,,"04/17/2026 11:27:10 am","Main Warehouse",,"Default Supplier"
40911,800108,"Wet Cat Food","Weruva Cat Polynesian BBQ",24,Each,39.60,24,,"0000-00-00 00:00:00",,,,1.65,2.280000,0.000000,Weruva,,"04/17/2026 11:27:10 am","Main Warehouse",,"Default Supplier"
40911,800107,"Wet Cat Food","Weruva Cat Mideast Feast",48,Each,79.20,48,,"0000-00-00 00:00:00",,,,1.65,2.690000,0.000000,Weruva,,"04/17/2026 11:27:10 am","Main Warehouse",,"Default Supplier"
40919,61355,"Dog Weight Management","Diamond Care Weight Management Formula Adult Dog Food 25lb",4,Each,0.00,4,,"0000-00-00 00:00:00",,,,0,85.990000,0.000000,"Diamond Care",,"04/21/2026 11:35:00 am","Main Warehouse",,"Default Supplier"
40923,0055,"Chews + Bones","Red Barn Dog Chew - Puff Braid",20,Each,0.00,20,,"0000-00-00 00:00:00",,,,0,10.990000,0.000000,,,"04/21/2026 1:29:10 pm","Main Warehouse",,"Default Supplier"
40923,25062,"Chews + Bones","Red Barn Beef Cheek Roll Dog Chew - Bully Flavour Glaze sm/med",50,Each,0.00,50,,"0000-00-00 00:00:00",,,,0,10.790000,0.000000,RedBarn,,"04/21/2026 1:29:10 pm","Main Warehouse",,"Default Supplier"
40923,96234,"Chews + Bones","Red Barn Dog Chew - Bully Wrapped Collagen Stick Large",60,Each,0.00,60,,"0000-00-00 00:00:00",,,,0,9.990000,0.000000,RedBarn,,"04/21/2026 1:29:10 pm","Main Warehouse",,"Default Supplier"
40930,624012,,"Oven-Baked Tradition Dog Treats Dental",1,Each,2.64,1,,"0000-00-00 00:00:00",,,,2.64,5.490000,0.000000,Oven-Baked,,"04/22/2026 1:11:42 pm","Main Warehouse",,"Default Supplier"
40949,452320,"Dry Dog Food","ACANA Dog Adult Small Breed Recipe - 2kg",4,Each,71.80,4,,"0000-00-00 00:00:00",,,,17.95,29.990000,0.000000,Acana,,"04/23/2026 1:36:09 pm","Main Warehouse",,"Default Supplier"
40950,451220,"Dry Dog Food","ACANA Dog Light + Fit Recipe - 2kg",2,Each,35.90,2,,"0000-00-00 00:00:00",,,,17.95,29.990000,0.000000,Acana,,"04/23/2026 1:37:07 pm","Main Warehouse",,"Default Supplier"
40951,947017,,"Tiki Cat Born Carnivore Herring & Salmon non-GMO - 2.8lb",2,Each,50.38,2,,"0000-00-00 00:00:00",,,,25.19,26.590000,0.000000,"Tiki Cat",,"04/23/2026 1:40:36 pm","Main Warehouse",,"Default Supplier"
40952,428018,"Dry Cat Food","Orijen Cat Original Dry Food 1.8kg",2,Each,47.88,2,,"0000-00-00 00:00:00",,,,23.94,0.000000,0.000000,Orijen,,"04/23/2026 1:45:22 pm","Main Warehouse",,"Default Supplier"
40953,471420,"Dry Dog Food","ACANA Singles Pork & Squash Recipe - 5.4kg",4,Each,178.72,4,,"0000-00-00 00:00:00",,,,44.68,65.990000,0.000000,Acana,,"04/23/2026 1:51:19 pm","Main Warehouse",,"Default Supplier"
40954,813109,"Dry Dog Food","Zignature Dog Limited Ingredient Turkey - 12.5lb",1,Each,35.93,1,,"0000-00-00 00:00:00",,,,35.93,33.890000,0.000000,Zignature,,"04/23/2026 2:02:50 pm","Main Warehouse",,"Default Supplier"
40955,100285,"Dry Dog Food","Nutram 3.0 Sound Dog S7 Small Breed Adult - 5.4kg",1,Each,31.40,1,,"2027-08-22 06:00:00",,,,31.4,46.990000,0.000000,Nutram,,"04/23/2026 2:06:17 pm","Main Warehouse",,"Default Supplier"
40956,100285,"Dry Dog Food","Nutram 3.0 Sound Dog S7 Small Breed Adult - 5.4kg",1,Each,31.40,1,,"2027-08-22 06:00:00",,,,31.4,46.990000,0.000000,Nutram,,"04/23/2026 2:08:55 pm","Main Warehouse",,"Default Supplier"
40957,452360,"Dry Dog Food","ACANA Dog Adult Small Breed Recipe - 6kg",4,Each,143.04,4,,"2027-08-22 06:00:00",,,,35.76,54.990000,0.000000,Acana,,"04/23/2026 2:14:09 pm","Main Warehouse",,"Default Supplier"
40958,428054,"Dry Cat Food","ORIJEN Original Cat - 5.4kg",6,Each,345.12,6,,"2027-08-22 06:00:00",,,,57.52,79.990000,0.000000,Orijen,,"04/23/2026 2:18:27 pm","Main Warehouse",,"Default Supplier"
40959,710139,"Dry Dog Food","FirstMate Dog Grain Friendly New Zealand Beef & Oats - 25lb",4,Each,178.92,4,,"2027-09-24 06:00:00",,,,44.73,62.990000,0.000000,FirstMate,,"04/23/2026 2:21:47 pm","Main Warehouse",,"Default Supplier"
40960,710092,"Dry Dog Food","FirstMate Dog Grain Free Duck & Pumpkin - 25lb",4,Each,281.16,4,,"2027-09-11 06:00:00",,,,70.29,94.990000,0.000000,FirstMate,,"04/23/2026 2:27:13 pm","Main Warehouse",,"Default Supplier"
40983,100420,,"Nutram 3.0 Sound Dog S49 Adult Salmon - 11.4kg",2,Each,114.36,2,,"2027-08-15 06:00:00",,,,57.18,83.990000,0.000000,Nutram,,"04/27/2026 11:54:24 am","Main Warehouse",,"Default Supplier"
40984,418112,"Dry Dog Food","ORIJEN Puppy Large Breed - 11.4kg",3,Each,221.97,3,,"2027-08-15 06:00:00",,,,73.99,80.490000,0.000000,Orijen,,"04/27/2026 12:00:29 pm","Main Warehouse",,"Default Supplier"
40985,452111,"Dry Dog Food","ACANA Dog Adult Large Breed Recipe - 11.4kg",2,Each,115.84,2,,"2027-08-15 06:00:00",,,,57.92,93.320000,0.000000,Acana,,"04/27/2026 12:06:05 pm","Main Warehouse",,"Default Supplier"
40986,454311,"Dry Dog Food","ACANA Highest Protein Ranchlands Dog - 11.4kg",2,Each,157.26,2,,"0000-00-00 00:00:00",,,,78.63,99.990000,0.000000,Acana,,"04/27/2026 12:06:51 pm","Main Warehouse",,"Default Supplier"
40987,418212,"Dry Dog Food","ORIJEN Original Dog - 11.4kg",2,Each,157.30,2,,"2027-08-15 06:00:00",,,,78.65,109.990000,0.000000,Orijen,,"04/27/2026 12:08:16 pm","Main Warehouse",,"Default Supplier"
40988,451211,"Dry Dog Food","ACANA Dog Light + Fit Recipe - 11.4kg",2,Each,135.86,2,,"2027-08-15 06:00:00",,,,67.93,79.890000,0.000000,Acana,,"04/27/2026 12:09:36 pm","Main Warehouse",,"Default Supplier"
40989,800111,"Wet Cat Food","Weruva Cat Paw Licking Chicken",48,Each,79.20,48,,"0000-00-00 00:00:00",,,,1.65,2.290000,0.000000,Weruva,,"04/27/2026 12:14:09 pm","Main Warehouse",,"Default Supplier"
40990,100708,Dogs,"Natural Balance Specialized Nutrition Joint & Muscle Health Adult Wet Dog Food - Chicken & Rice",12,Each,59.40,12,,"0000-00-00 00:00:00",,,,4.95,6.990000,0.000000,"Natural Balance",,"04/27/2026 12:17:21 pm","Main Warehouse",,"Default Supplier"
40991,100201,Dogs,"Hill's® Science Diet Perfect Weight Adult Wet Dog Food - Vegetable & Chicken Stew, 12.5 oz",24,Each,88.80,24,,"0000-00-00 00:00:00",,,,3.7,5.190000,0.000000,"Hill's Science",,"04/27/2026 12:20:44 pm","Main Warehouse",,"Default Supplier"
41188,371041,"Wet Cat Food","Royal Canin Weight Care Wet Cat Food 5.1oz",72,Each,204.48,72,,"0000-00-00 00:00:00",,,,2.84,4.390000,0.000000,"Royal Canin",,"04/29/2026 2:13:42 pm","Main Warehouse",,"Default Supplier"
41188,371665,"Wet Cat Food","Royal Canin Urinary Care 85g",96,Each,215.04,96,,"0000-00-00 00:00:00",,,,2.24,3.390000,0.000000,"Royal Canin",,"04/29/2026 2:13:42 pm","Main Warehouse",,"Default Supplier"
41188,871028,"Wet Cat Food","Royal Canin Adult Instinctive Loaf 85g",48,Each,107.52,48,,"0000-00-00 00:00:00",,,,2.24,3.040000,0.000000,"Royal Canin",,"04/29/2026 2:13:42 pm","Main Warehouse",,"Default Supplier"
41188,101022,Cats,"Hill's Science Diet® Urinary Hairball Control Adult Wet Cat Food - Savory Chicken - Minced, 5.5 oz",48,Each,125.76,48,,"0000-00-00 00:00:00",,,,2.62,3.790000,0.000000,"Hill's Science",,"04/29/2026 2:13:42 pm","Main Warehouse",,"Default Supplier"
41188,377178,"Wet Cat Food","Royal Canin Indoor Adult Morsels in Gravy 85g",48,Each,107.52,48,,"0000-00-00 00:00:00",,,,2.24,3.390000,0.000000,"Royal Canin",,"04/29/2026 2:13:42 pm","Main Warehouse",,"Default Supplier"
41188,471966,"Wet Cat Food","Acana Cat Lamb + Lamb Liver in Bone Broth Wet Food - 3oz",24,Each,35.52,24,,"0000-00-00 00:00:00",,,,1.48,2.490000,0.000000,Acana,,"04/29/2026 2:13:42 pm","Main Warehouse",,"Default Supplier"
41188,13352,"Cat Food Toppers","Fussie Cat Goat Milk Gravy Wet Food - Tuna with Small Anchovies",24,Each,52.56,24,,"2026-04-29 20:13:36",,,,2.19,3.190000,0.000000,"Fussie Cat",,"04/29/2026 2:13:42 pm","Main Warehouse",,"Default Supplier"
41190,72405,"Dry Dog Food","ORIJEN Dog Large Breed Adult - 11.4 kg",3,,0.00,3,,"0000-00-00 00:00:00",,,,0,120.990000,0.000000,,,"04/29/2026 3:21:10 pm","Main Warehouse",,"WooCommerce Import"
41190,410229,"Dry Dog Food","Nutram Sound Balanced Wellness S6 - Adult Dog Food - 11.4Kg",2,,0.00,2,,"0000-00-00 00:00:00",,,,0,81.990000,0.000000,,,"04/29/2026 3:21:10 pm","Main Warehouse",,"WooCommerce Import"
41190,508259,"Cat Health &amp; Wellness &amp; hygiene","Hill's Science Diet® Urinary Hairball Control Adult Dry Cat Food - Chicken and Rice - 3.5lb",3,,0.00,3,,"0000-00-00 00:00:00",,,,0,42.990000,0.000000,,,"04/29/2026 3:21:10 pm","Main Warehouse",,"WooCommerce Import"
41217,812642,,"Open Farm Dog Meal Topper Salmon",24,Each,58.56,24,,"0000-00-00 00:00:00",,,,2.44,3.490000,0.000000,"Open Farm",,"04/30/2026 1:16:02 pm","Main Warehouse",,"Default Supplier"
41217,812645,,"Open Farm Dog Meal Topper Salmon & Cod",24,Each,58.56,24,,"0000-00-00 00:00:00",,,,2.44,3.490000,0.000000,"Open Farm",,"04/30/2026 1:16:02 pm","Main Warehouse",,"Default Supplier"
41217,508259,"Cat Health &amp; Wellness &amp; hygiene","Hill's Science Diet® Urinary Hairball Control Adult Dry Cat Food - Chicken and Rice - 3.5lb",4,Each,0.00,4,,"0000-00-00 00:00:00",,,,0,42.990000,0.000000,,,"04/30/2026 1:16:02 pm","Main Warehouse",,"Default Supplier"
41217,88840,Cats,"Hill's Science Diet® Sensitive Stomach & Skin Adult Dry Cat Food - Chicken - 7lb",2,Each,0.00,2,,"0000-00-00 00:00:00",,,,0,73.990000,0.000000,"Hill's Science",,"04/30/2026 1:16:02 pm","Main Warehouse",,"Default Supplier"
41217,107385,Dogs,"Hill's Science Small & Mini Senior 7+ Dry Dog Food - Chicken & Brown Rice - 4.5lb",3,Each,0.00,3,,"0000-00-00 00:00:00",,,,0,38.990000,0.000000,"Hill's Science",,"04/30/2026 1:16:02 pm","Main Warehouse",,"Default Supplier"
41217,72732,Cats,"Acana Cat First Feast Dry Food - 3.17kg",1,Each,0.00,1,,"0000-00-00 00:00:00",,,,0,43.990000,0.000000,Acana,,"04/30/2026 1:16:02 pm","Main Warehouse",,"Default Supplier"
41217,471476,"Dry Dog Food","ORIJEN Small Breed Dog - 1.8kg",2,Each,41.86,2,,"0000-00-00 00:00:00",,,,20.93,24.490000,0.000000,Orijen,,"04/30/2026 1:16:02 pm","Main Warehouse",,"Default Supplier"
41217,428018,"Dry Cat Food","Orijen Cat Original Dry Food 1.8kg",2,Each,47.88,2,,"0000-00-00 00:00:00",,,,23.94,0.000000,0.000000,Orijen,,"04/30/2026 1:16:02 pm","Main Warehouse",,"Default Supplier"
41217,456220,"Dry Dog Food","ACANA Classics Red Meat Recipe - 2kg",2,Each,33.90,2,,"0000-00-00 00:00:00",,,,16.95,23.740000,0.000000,Acana,,"04/30/2026 1:16:02 pm","Main Warehouse",,"Default Supplier"
41217,472397,"Dry Cat Food","Acana Cat Highest Protein Indoor Dry Food 1.8kg",2,Each,41.90,2,,"0000-00-00 00:00:00",,,,20.95,34.990000,0.000000,Acana,,"04/30/2026 1:16:02 pm","Main Warehouse",,"Default Supplier"
41217,740026,"Dog Treats","FirstMate Dog Treats Cookies Beef & Blueberries",3,Each,9.00,3,,"0000-00-00 00:00:00",,,,3,5.990000,0.000000,FirstMate,,"04/30/2026 1:16:02 pm","Main Warehouse",,"Default Supplier"
41217,194297,,"Primal Dog Kibble in the Raw - Small Breed, 4lb",1,Each,65.69,1,,"0000-00-00 00:00:00",,,,65.69,81.990000,0.000000,Primal,,"04/30/2026 1:16:02 pm","Main Warehouse",,"Default Supplier"
41217,100687,Cats,"Natural Balance Ultra Protein Kitten Dry Cat Food 6lb",4,Each,0.00,4,,"0000-00-00 00:00:00",,,,0,45.990000,0.000000,"Natural Balance",,"04/30/2026 1:16:02 pm","Main Warehouse",,"Default Supplier"
41217,135175,,"Zignature Dog Puppy Multi-Protein - 12.5lb",2,Each,77.00,2,,"0000-00-00 00:00:00",,,,38.5,47.160000,0.000000,Zignature,,"04/30/2026 1:16:02 pm","Main Warehouse",,"Default Supplier"
41217,471477,"Dry Dog Food","ORIJEN Small Breed Dog - 4.5kg",4,Each,191.76,4,,"0000-00-00 00:00:00",,,,47.94,62.990000,0.000000,Orijen,,"04/30/2026 1:16:02 pm","Main Warehouse",,"Default Supplier"
41217,471451,"Dry Cat Food","ACANA Indoor Entrée Cat - 4.5kg",5,Each,188.85,5,,"2026-04-30 19:07:38",,,,37.77,52.240000,0.000000,Acana,,"04/30/2026 1:16:02 pm","Main Warehouse",,"Default Supplier"
41217,100684,Cats,"Natural Balance Ultra Protein Dry Cat Food - Real Chicken - 6lb",3,Each,0.00,3,,"0000-00-00 00:00:00",,,,0,45.990000,0.000000,"Natural Balance",,"04/30/2026 1:16:02 pm","Main Warehouse",,"Default Supplier"
41217,650060,"Dry Dog Food","ACANA Dog Puppy Recipe - 6kg",1,Each,39.73,1,,"0000-00-00 00:00:00",,,,39.73,57.990000,0.000000,Acana,,"04/30/2026 1:16:02 pm","Main Warehouse",,"Default Supplier"
41217,471412,"Dry Dog Food","ACANA Singles Lamb & Apple Recipe - 5.4kg",2,Each,102.72,2,,"0000-00-00 00:00:00",,,,51.36,74.990000,0.000000,Acana,,"04/30/2026 1:16:02 pm","Main Warehouse",,"Default Supplier"
41217,710032,"Dry Dog Food","FirstMate SKOKI Dog Food - Skoki Coastal (Large Breed), 40lb",2,Each,110.24,2,,"0000-00-00 00:00:00",,,,55.12,73.990000,0.000000,Skoki,,"04/30/2026 1:16:02 pm","Main Warehouse",,"Default Supplier"
41217,710031,"Dry Dog Food","FirstMate SKOKI Dog Food - Skoki Ranch, 40lb",1,Each,55.12,1,,"0000-00-00 00:00:00",,,,55.12,73.990000,0.000000,Skoki,,"04/30/2026 1:16:02 pm","Main Warehouse",,"Default Supplier"
41217,710075,"Dry Dog Food","FirstMate Dog Grain Free Chicken with Blueberries - 25lb",2,Each,131.70,2,,"0000-00-00 00:00:00",,,,65.85,88.990000,0.000000,FirstMate,,"04/30/2026 1:16:02 pm","Main Warehouse",,"Default Supplier"
41217,610238,,"Nutram 3.0 Sound Dog S10 For Senior - 11.4kg",2,Each,101.86,2,,"0000-00-00 00:00:00",,,,50.93,71.990000,0.000000,Nutram,,"04/30/2026 1:16:02 pm","Main Warehouse",,"Default Supplier"
41218,99010,Dogs,"Oven Baked Tradition - Adult Dog Semi-Moist Dog Food - Chicken - 20lb",2,Each,0.00,2,,"0000-00-00 00:00:00",,,,0,113.490000,0.000000,"Oven Baked",,"04/30/2026 1:35:28 pm","Main Warehouse",,"Default Supplier"
41218,610246,"Dry Dog Food","Nutram 3.0 Ideal Dog I20 Skin Coat & Stomach - 11.4kg",2,Each,122.30,2,,"2027-04-30 06:00:00",,,,61.15,77.340000,0.000000,Nutram,,"04/30/2026 1:35:28 pm","Main Warehouse",,"Default Supplier"
41218,454311,"Dry Dog Food","ACANA Highest Protein Ranchlands Dog - 11.4kg",2,Each,157.26,2,,"0000-00-00 00:00:00",,,,78.63,99.990000,0.000000,Acana,,"04/30/2026 1:35:28 pm","Main Warehouse",,"Default Supplier"
41218,471548,"Dry Dog Food","Acana Healthy Grains Red Meat Recipe - 10.2kg",2,Each,130.92,2,,"0000-00-00 00:00:00",,,,65.46,80.740000,0.000000,Acana,,"04/30/2026 1:35:28 pm","Main Warehouse",,"Default Supplier"
41218,72829,"Dry Dog Food","Orijen Amazing Grains Dry Dog Food - Regional Red - 9.7Kg",1,Each,87.88,1,,"0000-00-00 00:00:00",,,,87.88,129.990000,0.000000,Orijen,,"04/30/2026 1:35:28 pm","Main Warehouse",,"Default Supplier"
41218,12822,Dogs,"Open Farm Homestead Turkey & Chicken Grain-Free Dog Kibble - 22LB",2,Each,163.00,2,,"0000-00-00 00:00:00",,,,81.5,113.990000,0.000000,"Open Farm",,"04/30/2026 1:35:28 pm","Main Warehouse",,"Default Supplier"
41218,418412,"Dry Dog Food","ORIJEN Regional Red Dog - 11.4kg",4,Each,353.40,4,,"0000-00-00 00:00:00",,,,88.35,87.490000,0.000000,Orijen,,"04/30/2026 1:35:28 pm","Main Warehouse",,"Default Supplier"
41218,451211,"Dry Dog Food","ACANA Dog Light + Fit Recipe - 11.4kg",2,Each,135.86,2,,"2027-04-30 06:00:00",,,,67.93,79.890000,0.000000,Acana,,"04/30/2026 1:35:28 pm","Main Warehouse",,"Default Supplier"
41218,452117,"Dry Dog Food","ACANA Dog Adult Large Breed Recipe - 17kg",2,Each,173.48,2,,"2027-04-30 06:00:00",,,,86.74,114.940000,0.000000,Acana,,"04/30/2026 1:35:28 pm","Main Warehouse",,"Default Supplier"
41219,344130,"Dry Dog Food","GO! Dog Carnivore Grain Free Chicken Turkey Duck for Senior 12 Lb",4,Each,176.40,4,,"2027-04-30 06:00:00",,,,44.1,61.990000,0.000000,GO!,,"04/30/2026 1:53:01 pm","Main Warehouse",,"Default Supplier"
41219,347530,"Dry Cat Food","GO! Cat Sensitivities Grain Free Salmon - 12lb",4,Each,213.00,4,,"2027-04-30 06:00:00",,,,53.25,74.990000,0.000000,GO,,"04/30/2026 1:53:01 pm","Main Warehouse",,"Default Supplier"
41219,346413,"Dry Dog Food","GO! Skin & Coat Large Breed Adult Salmon 25LB",4,Each,284.00,4,,"0000-00-00 00:00:00",,,,71,99.990000,0.000000,GO!,,"04/30/2026 1:53:01 pm","Main Warehouse",,"Default Supplier"
41219,340085,"Dry Dog Food","Go! Dog Weight Management & Joint Care Salmon - 22lb",4,Each,284.00,4,,"0000-00-00 00:00:00",,,,71,99.990000,0.000000,GO!,,"04/30/2026 1:53:01 pm","Main Warehouse",,"Default Supplier"
41219,347534,"Dry Cat Food","GO! Cat Hairball Control + Urinary Care Chicken Recipe - 12lb",6,Each,336.60,6,,"0000-00-00 00:00:00",,,,56.1,75.040000,0.000000,GO,,"04/30/2026 1:53:01 pm","Main Warehouse",,"Default Supplier"
41219,344329,"Dry Dog Food","GO! Dog Sensitivities Grain Free Duck - 22lb",2,Each,160.40,2,,"0000-00-00 00:00:00",,,,80.2,107.990000,0.000000,GO!,,"04/30/2026 1:53:01 pm","Main Warehouse",,"Default Supplier"
41219,344333,"Dry Dog Food","GO! Dog Sensitivities Grain Free Salmon - 22lb",8,Each,596.40,8,,"0000-00-00 00:00:00",,,,74.55,94.990000,0.000000,GO!,,"04/30/2026 1:53:01 pm","Main Warehouse",,"Default Supplier"
41219,342641,"Dry Dog Food","GO! Dog Skin & Coat Salmon Recipe - 22lb",2,Each,136.90,2,,"0000-00-00 00:00:00",,,,68.45,94.990000,0.000000,GO!,,"04/30/2026 1:53:01 pm","Main Warehouse",,"Default Supplier"
41219,344131,"Dry Dog Food","GO! Dog Carnivore GF Chicken Turkey Duck Senior 22lb",4,Each,264.40,4,,"2027-04-30 06:00:00",,,,66.1,93.990000,0.000000,GO!,,"04/30/2026 1:53:01 pm","Main Warehouse",,"Default Supplier"
41219,344554,"Dry Dog Food","NOW Dog Turkey Salmon & Duck Adult - 22lb",2,Each,155.40,2,,"2026-04-30 19:52:13",,,,77.7,107.990000,0.000000,"Now Fresh",,"04/30/2026 1:53:01 pm","Main Warehouse",,"Default Supplier"
41220,610245,,"Nutram 3.0 Ideal Dog I20 Skin Coat & Stomach - 2kg",3,Each,61.05,3,,"0000-00-00 00:00:00",,,,20.35,0.000000,0.000000,Nutram,,"04/30/2026 1:55:06 pm","Main Warehouse",,"Default Supplier"
41220,88840,Cats,"Hill's Science Diet® Sensitive Stomach & Skin Adult Dry Cat Food - Chicken - 7lb",2,Each,0.00,2,,"0000-00-00 00:00:00",,,,0,73.990000,0.000000,"Hill's Science",,"04/30/2026 1:55:06 pm","Main Warehouse",,"Default Supplier"
41623,364614,"Dry Cat Food","Royal Canin Feline Dental Care - 14lb",4,Each,303.12,4,,"0000-00-00 00:00:00",,,,75.78,117.990000,0.000000,"Royal Canin",,"05/08/2026 11:46:53 am","Main Warehouse",,"Default Supplier"
41623,472398,"Dry Cat Food","Acana Cat Highest Protein Indoor Dry Food 4.5 kg",2,Each,94.78,2,,"2027-05-08 06:00:00",,,,47.39,68.990000,0.000000,Acana,,"05/08/2026 11:46:53 am","Main Warehouse",,"Default Supplier"
41623,472018,"Dry Cat Food","Orijen Cat Guardian 8 Dry Food 4.5kg",4,Each,202.60,4,,"0000-00-00 00:00:00",,,,50.65,0.000000,0.000000,Orijen,,"05/08/2026 11:46:53 am","Main Warehouse",,"Default Supplier"
41623,72401,"Dry Cat Food","Orijen Cat Guardian 8 Senior Dry Food 1.8kg - 4.5KG",4,Each,202.44,4,,"0000-00-00 00:00:00",,,,50.61,79.990000,0.000000,Orijen,,"05/08/2026 11:46:53 am","Main Warehouse",,"Default Supplier"
41623,350573,"Dry Dog Food","Royal Canin Medium Dental Care 28lb",2,Each,179.02,2,,"0000-00-00 00:00:00",,,,89.51,139.990000,0.000000,"Royal Canin",,"05/08/2026 11:46:53 am","Main Warehouse",,"Default Supplier"
41623,721106,,"Intersand OdourLock Unscented Original Litter - 6kg",4,Each,43.72,4,,"0000-00-00 00:00:00",,,,10.93,15.990000,0.000000,Intersand,,"05/08/2026 11:46:53 am","Main Warehouse",,"Default Supplier"
41623,214126,"Cat Litter &amp; Litter Supplies","Intersand Odourlock Multi-Cat Clumping Cat Litter - Calming Breeze",2,Each,28.40,2,,"0000-00-00 00:00:00",,,,14.2,28.990000,0.000000,Intersand,,"05/08/2026 11:46:53 am","Main Warehouse",,"Default Supplier"
41623,721006,,"Intersand Cat Litter OdourLock Baby Powder - 6kg",2,Each,21.86,2,,"0000-00-00 00:00:00",,,,10.93,15.990000,0.000000,Intersand,,"05/08/2026 11:46:53 am","Main Warehouse",,"Default Supplier"
41623,710139,"Dry Dog Food","FirstMate Dog Grain Friendly New Zealand Beef & Oats - 25lb",4,Each,178.92,4,,"2027-05-08 06:00:00",,,,44.73,62.990000,0.000000,FirstMate,,"05/08/2026 11:46:53 am","Main Warehouse",,"Default Supplier"
41623,710032,"Dry Dog Food","FirstMate SKOKI Dog Food - Skoki Coastal (Large Breed), 40lb",1,Each,55.12,1,,"0000-00-00 00:00:00",,,,55.12,73.990000,0.000000,Skoki,,"05/08/2026 11:46:53 am","Main Warehouse",,"Default Supplier"
41623,710108,"Dry Dog Food","FirstMate Dog Grain Friendly Free Range Lamb & Oats - 25lb",4,Each,167.56,4,,"2027-05-08 06:00:00",,,,41.89,56.040000,0.000000,FirstMate,,"05/08/2026 11:46:53 am","Main Warehouse",,"Default Supplier"
41623,109606,Dogs,"Oven-Baked Tradition Dog Care Urinary Adult GF Duck 20lb",2,Each,0.00,2,,"0000-00-00 00:00:00",,,,0,113.990000,0.000000,"Oven Baked",,"05/08/2026 11:46:53 am","Main Warehouse",,"Default Supplier"
41623,454111,"Dry Dog Food","ACANA Highest Protein Pacifica - 11.4kg",4,Each,310.96,4,,"0000-00-00 00:00:00",,,,77.74,92.640000,0.000000,Acana,,"05/08/2026 11:46:53 am","Main Warehouse",,"Default Supplier"
41623,618312,"Dry Dog Food","ORIJEN Six Fish Dog - 11.4kg",2,Each,176.70,2,,"0000-00-00 00:00:00",,,,88.35,87.490000,0.000000,Orijen,,"05/08/2026 11:46:53 am","Main Warehouse",,"Default Supplier"
41623,471553,"Dry Dog Food","Acana Dog Healthy Grains Recipe Large Breed Dry Food 10.2kg",2,Each,119.56,2,,"2027-05-08 06:00:00",,,,59.78,88.990000,0.000000,Acana,,"05/08/2026 11:46:53 am","Main Warehouse",,"Default Supplier"
41623,471421,"Dry Dog Food","ACANA Singles Pork & Squash Recipe - 10.8kg",4,Each,308.88,4,,"0000-00-00 00:00:00",,,,77.22,105.990000,0.000000,Acana,,"05/08/2026 11:46:53 am","Main Warehouse",,"Default Supplier"
41623,471417,"Dry Dog Food","ACANA Singles Duck & Pear Recipe - 10.8kg",4,Each,357.52,4,,"0000-00-00 00:00:00",,,,89.38,123.990000,0.000000,Acana,,"05/08/2026 11:46:53 am","Main Warehouse",,"Default Supplier"
41623,456217,"Dry Dog Food","ACANA Classics Red Meat Recipe - 14.5kg",4,Each,301.04,4,,"2027-05-08 06:00:00",,,,75.26,94.990000,0.000000,Acana,,"05/08/2026 11:46:53 am","Main Warehouse",,"Default Supplier"
41623,456017,"Dry Dog Food","ACANA Classics Prairie Poultry Recipe - 14.5kg",2,Each,134.76,2,,"0000-00-00 00:00:00",,,,67.38,85.490000,0.000000,Acana,,"05/08/2026 11:46:53 am","Main Warehouse",,"Default Supplier"
41623,45722,Cats,"Canadian Naturals Cat Food - Chicken & Brown Rice - 15lbs",2,Each,0.00,2,,"0000-00-00 00:00:00",,,,0,42.990000,0.000000,"Canadian Naturals",,"05/08/2026 11:46:53 am","Main Warehouse",,"Default Supplier"
41624,10191,"Wet Dog Food","Blue Buffalo® Basics™ Skin & Stomach Care Adult Wet Dog Food - Duck & Potato, 12.5 oz",12,Each,37.44,12,,"0000-00-00 00:00:00",,,,3.12,4.790000,0.000000,"Blue Buffalo",,"05/08/2026 12:28:26 pm","Main Warehouse",,"Default Supplier"
41624,471971,"Wet Cat Food","Orijen Cat Regional Red in Bone Broth Wet Food",96,Each,165.12,96,,"0000-00-00 00:00:00",,,,1.72,2.460000,0.000000,Orijen,,"05/08/2026 12:28:26 pm","Main Warehouse",,"Default Supplier"
41624,472223,"Wet Cat Food","Orijen Cat Duck+Chicken entree in Bone Broth Wet Food",12,Each,32.64,12,,"0000-00-00 00:00:00",,,,2.72,4.490000,0.000000,Orijen,,"05/08/2026 12:28:26 pm","Main Warehouse",,"Default Supplier"
41624,471975,"Wet Cat Food","Orijen Cat Tuna+Beef entree in Bone Broth Wet Food",72,Each,123.84,72,,"0000-00-00 00:00:00",,,,1.72,2.890000,0.000000,Orijen,,"05/08/2026 12:28:26 pm","Main Warehouse",,"Default Supplier"
41624,471970,"Wet Cat Food","Orijen Cat Original entree in Bone Broth Wet Food",48,Each,82.56,48,,"0000-00-00 00:00:00",,,,1.72,2.890000,0.000000,Orijen,,"05/08/2026 12:28:26 pm","Main Warehouse",,"Default Supplier"
41624,471968,"Wet Cat Food","Acana Cat Tuna in Bone Broth Wet Food - 3oz",72,Each,106.56,72,,"0000-00-00 00:00:00",,,,1.48,1.870000,0.000000,Acana,,"05/08/2026 12:28:26 pm","Main Warehouse",,"Default Supplier"
41624,11034,Cats,"Tiki Cat After Dark Pate+ Cat Food - Variety Pack",2,Each,51.60,2,,"0000-00-00 00:00:00",,,,25.8,35.490000,0.000000,"Tiki Cat",,"05/08/2026 12:28:26 pm","Main Warehouse",,"Default Supplier"
41624,100546,"Wet Dog Food","GO! Carnivore Chicken, Turkey & Duck 12.5OZ",12,Each,43.20,12,,"0000-00-00 00:00:00",,,,3.6,4.990000,0.000000,GO!,,"05/08/2026 12:28:26 pm","Main Warehouse",,"Default Supplier"
41624,340083,"Dry Dog Food","Go! Dog Weight Management & Joint Care Salmon - 3.5lb",2,Each,36.90,2,,"0000-00-00 00:00:00",,,,18.45,25.990000,0.000000,GO!,,"05/08/2026 12:28:26 pm","Main Warehouse",,"Default Supplier"
41624,100821,Cats,"Go! Digestion & Gut Health Salmon With Grains Recipe for Cats 6lb",2,Each,59.60,2,,"0000-00-00 00:00:00",,,,29.8,39.990000,0.000000,GO,,"05/08/2026 12:28:26 pm","Main Warehouse",,"Default Supplier"
41624,347379,"Dry Cat Food","GO! Cat Skin & Coat Salmon - 3lb",2,Each,34.10,2,,"0000-00-00 00:00:00",,,,17.05,23.990000,0.000000,GO,,"05/08/2026 12:28:26 pm","Main Warehouse",,"Default Supplier"
41624,344149,"Dry Cat Food","GO! Cat Grain Free Carnivore Salmon & Cod - 3lb",4,Each,76.80,4,,"0000-00-00 00:00:00",,,,19.2,26.990000,0.000000,GO!,,"05/08/2026 12:28:26 pm","Main Warehouse",,"Default Supplier"
41624,45721,Cats,"Canadian Naturals Cat Food - Chicken & Brown Rice - 6.5lbs",2,Each,0.00,2,,"0000-00-00 00:00:00",,,,0,22.540000,0.000000,"Canadian Naturals",,"05/08/2026 12:28:26 pm","Main Warehouse",,"Default Supplier"
41624,45722,Cats,"Canadian Naturals Cat Food - Chicken & Brown Rice - 15lbs",2,Each,0.00,2,,"0000-00-00 00:00:00",,,,0,42.990000,0.000000,"Canadian Naturals",,"05/08/2026 12:28:26 pm","Main Warehouse",,"Default Supplier"
41624,29412,Dogs,"Open Farm Open Prairie Grain-Free RawMix for Dogs - 20lbs",1,Each,90.79,1,,"0000-00-00 00:00:00",,,,90.79,126.990000,0.000000,"Open Farm",,"05/08/2026 12:28:26 pm","Main Warehouse",,"Default Supplier"
41624,29450,Dogs,"Open Farm Wild Ocean Ancient Grains RawMix for Dogs - 20lbs",2,Each,175.86,2,,"0000-00-00 00:00:00",,,,87.93,122.990000,0.000000,"Open Farm",,"05/08/2026 12:28:26 pm","Main Warehouse",,"Default Supplier"
41624,12541,Dogs,"Open Farm Wild Salmon with Ancient Grains dog food - 22LB",1,Each,70.35,1,,"0000-00-00 00:00:00",,,,70.35,103.990000,0.000000,"Open Farm",,"05/08/2026 12:28:26 pm","Main Warehouse",,"Default Supplier"
41624,100201,Dogs,"Hill's® Science Diet Perfect Weight Adult Wet Dog Food - Vegetable & Chicken Stew, 12.5 oz",24,Each,88.80,24,,"0000-00-00 00:00:00",,,,3.7,5.190000,0.000000,"Hill's Science",,"05/08/2026 12:28:26 pm","Main Warehouse",,"Default Supplier"
41624,101022,Cats,"Hill's Science Diet® Urinary Hairball Control Adult Wet Cat Food - Savory Chicken - Minced, 5.5 oz",144,Each,377.28,144,,"0000-00-00 00:00:00",,,,2.62,3.790000,0.000000,"Hill's Science",,"05/08/2026 12:28:26 pm","Main Warehouse",,"Default Supplier"
41703,1001106,,"World's Best Multiple Cat Scented Clumping Litter - 14Lb",5,,0.00,5,,"0000-00-00 00:00:00",,,,0,32.490000,0.000000,,,"05/12/2026 2:27:36 pm","Main Warehouse",,"WooCommerce Import"
41897,253226,,"Natural Balance Cat Ultra Tuna & Shrimp Recipe Wet Food",24,Each,40.80,24,,"0000-00-00 00:00:00",,,,1.7,2.120000,0.000000,"Natural Balance",,"05/19/2026 12:27:51 pm","Main Warehouse",,"Default Supplier"
41897,700072,Uncategorized,"Weruva Pumpkin Patch Up Pureed Pumpkin",12,Each,15.36,12,,"0000-00-00 00:00:00",,,,1.28,2.690000,0.000000,Weruva,,"05/19/2026 12:27:51 pm","Main Warehouse",,"Default Supplier"
41897,700824,"Wet Cat Food","Weruva Cats in the Kitchen Pumpkin Jack Splash",12,Each,19.92,12,,"0000-00-00 00:00:00",,,,1.66,2.690000,0.000000,Weruva,,"05/19/2026 12:27:51 pm","Main Warehouse",,"Default Supplier"
41897,700356,,"BFF OMG Gravy Variety Pack 12 Pouches",4,Each,63.56,4,,"0000-00-00 00:00:00",,,,15.89,16.680000,0.000000,Weruva,,"05/19/2026 12:27:51 pm","Main Warehouse",,"Default Supplier"
41897,618320,"Dry Dog Food","ORIJEN Six Fish Dog - 2kg",2,Each,53.18,2,,"0000-00-00 00:00:00",,,,26.59,39.990000,0.000000,Orijen,,"05/19/2026 12:27:51 pm","Main Warehouse",,"Default Supplier"
41897,428018,"Dry Cat Food","Orijen Cat Original Dry Food 1.8kg",2,Each,47.88,2,,"0000-00-00 00:00:00",,,,23.94,0.000000,0.000000,Orijen,,"05/19/2026 12:27:51 pm","Main Warehouse",,"Default Supplier"
41898,194150,"Dog Freeze Dried Food","Primal Freeze Dried Pork Pronto",2,Each,67.96,2,,"0000-00-00 00:00:00",,,,33.98,49.980000,0.000000,Primal,,"05/19/2026 12:41:13 pm","Main Warehouse",,"Default Supplier"
41898,710100,"Dry Dog Food","FirstMate Dog Grain Friendly Chicken & Oats - 5lb",2,Each,29.96,2,,"0000-00-00 00:00:00",,,,14.98,12.590000,0.000000,FirstMate,,"05/19/2026 12:41:13 pm","Main Warehouse",,"Default Supplier"
41898,508259,"Cat Health &amp; Wellness &amp; hygiene","Hill's Science Diet® Urinary Hairball Control Adult Dry Cat Food - Chicken and Rice - 3.5lb",4,Each,0.00,4,,"0000-00-00 00:00:00",,,,0,42.990000,0.000000,,,"05/19/2026 12:41:13 pm","Main Warehouse",,"Default Supplier"
41898,471476,"Dry Dog Food","ORIJEN Small Breed Dog - 1.8kg",2,Each,41.86,2,,"0000-00-00 00:00:00",,,,20.93,24.490000,0.000000,Orijen,,"05/19/2026 12:41:13 pm","Main Warehouse",,"Default Supplier"
41898,456220,"Dry Dog Food","ACANA Classics Red Meat Recipe - 2kg",2,Each,33.90,2,,"0000-00-00 00:00:00",,,,16.95,23.740000,0.000000,Acana,,"05/19/2026 12:41:13 pm","Main Warehouse",,"Default Supplier"
41898,471450,"Dry Cat Food","ACANA Indoor Entrée Cat - 1.8kg",1,Each,17.95,1,,"0000-00-00 00:00:00",,,,17.95,25.990000,0.000000,Acana,,"05/19/2026 12:41:13 pm","Main Warehouse",,"Default Supplier"
41898,428018,"Dry Cat Food","Orijen Cat Original Dry Food 1.8kg",2,Each,47.88,2,,"0000-00-00 00:00:00",,,,23.94,0.000000,0.000000,Orijen,,"05/19/2026 12:41:13 pm","Main Warehouse",,"Default Supplier"
41898,351272,"Dry Dog Food","RC Small Breed Senior",3,Each,61.29,3,,"0000-00-00 00:00:00",,,,20.43,31.990000,0.000000,"Royal Canin",,"05/19/2026 12:41:13 pm","Main Warehouse",,"Default Supplier"
41898,800161,"Dog Freeze Dried Food","Stella&Chewys Dog Raw Coated Kibble Chicken",1,Each,41.30,1,,"0000-00-00 00:00:00",,,,41.3,59.490000,0.000000,Stella&Chewy,,"05/19/2026 12:41:13 pm","Main Warehouse",,"Default Supplier"
41898,12831,Dogs,"Open Farm Grain Free Farmer's Table Pork & Root Vegetable - 11lb",4,Each,185.88,4,,"0000-00-00 00:00:00",,,,46.47,64.990000,0.000000,"Open Farm",,"05/19/2026 12:41:13 pm","Main Warehouse",,"Default Supplier"
41898,851251,"Dry Dog Food","Size Health Small Adult 14lb",2,Each,103.30,2,,"0000-00-00 00:00:00",,,,51.65,79.990000,0.000000,"Royal Canin",,"05/19/2026 12:41:13 pm","Main Warehouse",,"Default Supplier"
41898,135175,,"Zignature Dog Puppy Multi-Protein - 12.5lb",2,Each,77.00,2,,"0000-00-00 00:00:00",,,,38.5,47.160000,0.000000,Zignature,,"05/19/2026 12:41:13 pm","Main Warehouse",,"Default Supplier"
41898,720016,"Dry Cat Food","FirstMate Cat & Kitten Grain Friendly Fish + Chicken - 13.2lb",1,Each,31.24,1,,"2027-05-19 06:00:00",,,,31.24,26.390000,0.000000,FirstMate,,"05/19/2026 12:41:13 pm","Main Warehouse",,"Default Supplier"
41898,711583,,"Fromm Cat Gold Kitten - 4.54kg",1,Each,41.47,1,,"0000-00-00 00:00:00",,,,41.47,58.950000,0.000000,Fromm,,"05/19/2026 12:41:13 pm","Main Warehouse",,"Default Supplier"
41898,354646,"Dry Cat Food","Royal Canin Feline Urinary Care - 14lb",1,Each,76.70,1,,"2027-05-19 06:00:00",,,,76.7,117.990000,0.000000,"Royal Canin",,"05/19/2026 12:41:13 pm","Main Warehouse",,"Default Supplier"
41898,841673,"Dry Dog Food","Royal Canin Breed Health Labrador 30lb",3,Each,253.80,3,,"2027-05-19 06:00:00",,,,84.6,124.990000,0.000000,"Royal Canin",,"05/19/2026 12:41:13 pm","Main Warehouse",,"Default Supplier"
41898,618360,"Dry Dog Food","ORIJEN Six Fish Dog - 6kg",2,Each,98.60,2,,"0000-00-00 00:00:00",,,,49.3,79.990000,0.000000,Orijen,,"05/19/2026 12:41:13 pm","Main Warehouse",,"Default Supplier"
41898,418260,"Dry Dog Food","ORIJEN Original Dog - 6kg",2,Each,94.00,2,,"0000-00-00 00:00:00",,,,47,69.990000,0.000000,Orijen,,"05/19/2026 12:41:13 pm","Main Warehouse",,"Default Supplier"
41898,456112,"Dry Dog Food","ACANA Classics Wild Coast Recipe - 9.7kg",2,Each,120.50,2,,"2027-05-19 06:00:00",,,,60.25,82.990000,0.000000,Acana,,"05/19/2026 12:41:13 pm","Main Warehouse",,"Default Supplier"
41899,456011,"Dry Dog Food","ACANA Classics Prairie Poultry Recipe - 9.7kg",2,Each,106.06,2,,"0000-00-00 00:00:00",,,,53.03,69.990000,0.000000,Acana,,"05/19/2026 12:47:08 pm","Main Warehouse",,"Default Supplier"
41899,710542,"Dry Dog Food","Fromm Dog Classics Puppy - 13.61kg",2,Each,98.42,2,,"0000-00-00 00:00:00",,,,49.21,69.950000,0.000000,Fromm,,"05/19/2026 12:47:08 pm","Main Warehouse",,"Default Supplier"
41899,454211,"Dry Dog Food","ACANA Highest Protein Grasslands - 11.4kg",1,Each,67.55,1,,"2027-05-19 06:00:00",,,,67.55,108.990000,0.000000,Acana,,"05/19/2026 12:47:08 pm","Main Warehouse",,"Default Supplier"
41899,456212,"Dry Dog Food","ACANA Classics Red Meat Recipe - 9.7kg",2,Each,120.36,2,,"0000-00-00 00:00:00",,,,60.18,70.540000,0.000000,Acana,,"05/19/2026 12:47:08 pm","Main Warehouse",,"Default Supplier"
41899,418412,"Dry Dog Food","ORIJEN Regional Red Dog - 11.4kg",2,Each,176.70,2,,"0000-00-00 00:00:00",,,,88.35,87.490000,0.000000,Orijen,,"05/19/2026 12:47:08 pm","Main Warehouse",,"Default Supplier"
41899,454311,"Dry Dog Food","ACANA Highest Protein Ranchlands Dog - 11.4kg",2,Each,157.26,2,,"0000-00-00 00:00:00",,,,78.63,99.990000,0.000000,Acana,,"05/19/2026 12:47:08 pm","Main Warehouse",,"Default Supplier"
41899,418212,"Dry Dog Food","ORIJEN Original Dog - 11.4kg",2,Each,157.30,2,,"2027-05-19 06:00:00",,,,78.65,109.990000,0.000000,Orijen,,"05/19/2026 12:47:08 pm","Main Warehouse",,"Default Supplier"
41899,456017,"Dry Dog Food","ACANA Classics Prairie Poultry Recipe - 14.5kg",2,Each,134.76,2,,"0000-00-00 00:00:00",,,,67.38,85.490000,0.000000,Acana,,"05/19/2026 12:47:08 pm","Main Warehouse",,"Default Supplier"
41900,104160,Cats,"Hill's Science Diet Adult Perfect Digestion Chicken, Vegetable & Rice Stew Canned Cat Food - 2.9 oz",48,Each,0.00,48,,"0000-00-00 00:00:00",,,,0,3.190000,0.000000,"Hill's Science",,"05/19/2026 12:51:33 pm","Main Warehouse",,"Default Supplier"
41900,72380,Dogs,"Acana Premium Pate Wet Dog Food - Beef Recipe 363g/12.8oz",12,Each,0.00,12,,"0000-00-00 00:00:00",,,,0,5.690000,0.000000,Acana,,"05/19/2026 12:51:33 pm","Main Warehouse",,"Default Supplier"
41900,671957,"Wet Cat Food","Acana Cat Salmon in Bone Broth Wet Food - 3oz",24,Each,35.76,24,,"0000-00-00 00:00:00",,,,1.49,1.870000,0.000000,Acana,,"05/19/2026 12:51:33 pm","Main Warehouse",,"Default Supplier"
41900,472218,"Wet Cat Food","Acana Cat Salmon in Bone Broth Wet Food - 5.5oz",24,Each,58.08,24,,"0000-00-00 00:00:00",,,,2.42,3.392500,0.000000,Acana,,"05/19/2026 12:51:33 pm","Main Warehouse",,"Default Supplier"
41900,371121,"Wet Cat Food","Royal Canin Digestive Care Wet Cat Food - 5.1oz",48,Each,136.32,48,,"0000-00-00 00:00:00",,,,2.84,4.390000,0.000000,"Royal Canin",,"05/19/2026 12:51:33 pm","Main Warehouse",,"Default Supplier"
41901,507629,"Cat Urinary Care","Hills Science Diet Adult Oral Care Chicken & Brown Rice Recipe Cat Food - 3.5lb",1,,0.00,1,,"0000-00-00 00:00:00",,,,0,40.990000,0.000000,,,"05/19/2026 1:09:22 pm","Main Warehouse",,"WooCommerce Import"
41901,200254,"Cat Health &amp; Wellness &amp; hygiene","Hill's Science Diet® Urinary Hairball Control Adult Dry Cat Food - Chicken and Rice - 15.5lb",3,,0.00,3,,"0000-00-00 00:00:00",,,,0,118.990000,0.000000,,,"05/19/2026 1:09:22 pm","Main Warehouse",,"WooCommerce Import"
41902,505613,"Dry Dog Food","Royal Canin Dental Care Small Adult Dog Food - 17lb",2,,0.00,2,,"0000-00-00 00:00:00",,,,0,108.990000,0.000000,,,"05/19/2026 1:19:49 pm","Main Warehouse",,"WooCommerce Import"
41907,371508,"Wet Cat Food","Royal Canin Kitten Thin Slices In Gravy Canned Cat Food 3oz",24,,0.00,24,,"0000-00-00 00:00:00",,,,0,3.290000,0.000000,,,"05/19/2026 2:39:12 pm","Main Warehouse",,"WooCommerce Import"
41907,371528,"Wet Cat Food","Royal Canin Hair & Skin Care Thin Slices In Gravy Canned Cat Food - 3oz",24,,0.00,24,,"0000-00-00 00:00:00",,,,0,3.390000,0.000000,,,"05/19/2026 2:39:12 pm","Main Warehouse",,"WooCommerce Import"
41907,800822,"Wet Cat Food","Weruva Cats in the Kitchen - Chick Magnet",12,,0.00,12,,"0000-00-00 00:00:00",,,,0,2.690000,0.000000,,,"05/19/2026 2:39:12 pm","Main Warehouse",,"WooCommerce Import"
41907,800823,"Wet Cat Food","Weruva Cats in the Kitchen Love Me Tender",12,,0.00,12,,"0000-00-00 00:00:00",,,,0,2.690000,0.000000,,,"05/19/2026 2:39:12 pm","Main Warehouse",,"WooCommerce Import"
41958,100304,Dogs,"Go! Solutions Sensitivities Limited Ingredient Grain-Free Insect Recipe Adult Dog Food, 12lb",2,Each,113.60,2,,"0000-00-00 00:00:00",,,,56.8,79.990000,0.000000,GO!,,"05/20/2026 1:40:06 pm","Main Warehouse",,"Default Supplier"
41958,344332,"Dry Dog Food","GO! Dog Sensitivities Grain Free Salmon - 12lb",2,Each,92.40,2,,"0000-00-00 00:00:00",,,,46.2,64.990000,0.000000,GO!,,"05/20/2026 1:40:06 pm","Main Warehouse",,"Default Supplier"
41958,344126,"Dry Dog Food","GO! Dog Carnivore Grain Free Chicken, Turkey Duck Adult - 12lb",2,Each,85.20,2,,"0000-00-00 00:00:00",,,,42.6,59.990000,0.000000,GO!,,"05/20/2026 1:40:06 pm","Main Warehouse",,"Default Supplier"
41958,347532,,"GO! Cat Hairball Control + Urinary Care Chicken Recipe - 3lb",4,Each,82.40,4,,"0000-00-00 00:00:00",,,,20.6,28.990000,0.000000,GO,,"05/20/2026 1:40:06 pm","Main Warehouse",,"Default Supplier"
41958,45719,Dogs,"Canadian Naturals Lamb & Brown Rice Recipe - 25lbs",6,Each,224.40,6,,"2027-05-20 06:00:00",,,,37.4,54.990000,0.000000,"Canadian Naturals",,"05/20/2026 1:40:06 pm","Main Warehouse",,"Default Supplier"
41958,45731,Dogs,"Canadian Naturals LID Potato & Duck Recipe - 25lb",2,Each,127.20,2,,"0000-00-00 00:00:00",,,,63.6,88.990000,0.000000,"Canadian Naturals",,"05/20/2026 1:40:06 pm","Main Warehouse",,"Default Supplier"
41958,45734,Dogs,"Canadian Naturals LID Sweet Potato & Salmon Recipe 25lb",4,Each,238.40,4,,"0000-00-00 00:00:00",,,,59.6,84.990000,0.000000,"Canadian Naturals",,"05/20/2026 1:40:06 pm","Main Warehouse",,"Default Supplier"
41958,779369457410,Dogs,"Canadian Naturals Grain Free Whitefish Recipe - 25lbs",2,Each,87.80,2,,"0000-00-00 00:00:00",,,,43.9,64.990000,0.000000,"Canadian Naturals",,"05/20/2026 1:40:06 pm","Main Warehouse",,"Default Supplier"
41958,45743,Dogs,"Canadian Naturals Pork and Brown Rice Recipe - 30lbs",2,Each,72.40,2,,"0000-00-00 00:00:00",,,,36.2,54.990000,0.000000,"Canadian Naturals",,"05/20/2026 1:40:06 pm","Main Warehouse",,"Default Supplier"
41958,347379,"Dry Cat Food","GO! Cat Skin & Coat Salmon - 3lb",2,Each,34.10,2,,"0000-00-00 00:00:00",,,,17.05,23.990000,0.000000,GO,,"05/20/2026 1:40:06 pm","Main Warehouse",,"Default Supplier"
41958,346413,"Dry Dog Food","GO! Skin & Coat Large Breed Adult Salmon 25LB",6,Each,426.00,6,,"0000-00-00 00:00:00",,,,71,99.990000,0.000000,GO!,,"05/20/2026 1:40:06 pm","Main Warehouse",,"Default Supplier"
41958,344329,"Dry Dog Food","GO! Dog Sensitivities Grain Free Duck - 22lb",1,Each,80.20,1,,"0000-00-00 00:00:00",,,,80.2,107.990000,0.000000,GO!,,"05/20/2026 1:40:06 pm","Main Warehouse",,"Default Supplier"
41958,344127,"Dry Dog Food","GO! Dog Carnivore Grain Free Chicken, Turkey Duck Adult - 22lb",4,Each,255.60,4,,"0000-00-00 00:00:00",,,,63.9,89.990000,0.000000,GO!,,"05/20/2026 1:40:06 pm","Main Warehouse",,"Default Supplier"
41958,342642,"Dry Dog Food","GO! Dog Skin & Coat Lamb Recipe - 22lb",2,Each,137.70,2,,"0000-00-00 00:00:00",,,,68.85,95.990000,0.000000,GO!,,"05/20/2026 1:40:06 pm","Main Warehouse",,"Default Supplier"
41958,344546,"Dry Dog Food","NOW Dog Turkey Salmon Duck Large Breed Puppy 25 Lbs",2,Each,181.30,2,,"0000-00-00 00:00:00",,,,90.65,116.990000,0.000000,"Now Fresh",,"05/20/2026 1:40:06 pm","Main Warehouse",,"Default Supplier"
41960,85197,"Dry Dog Food","Go! Solutions Carnivore Grain-Free Dry Food for Dogs - Lamb & Wild Boar Recipe - 22lb",5,,0.00,5,,"0000-00-00 00:00:00",,,,0,117.990000,0.000000,,,"05/20/2026 2:06:19 pm","Main Warehouse",,"WooCommerce Import"
41960,85180,"Dry Dog Food","Go! Solutions Carnivore Grain-Free Dry Food for Dogs - Lamb & Wild Boar Recipe - 12lb",2,,0.00,2,,"0000-00-00 00:00:00",,,,0,77.990000,0.000000,,,"05/20/2026 2:06:19 pm","Main Warehouse",,"WooCommerce Import"
41960,85173,"Dry Dog Food","Go! Solutions Carnivore Grain-Free Dry Food for Dogs - Lamb & Wild Boar Recipe - 3.5lb",1,,0.00,1,,"0000-00-00 00:00:00",,,,0,29.990000,0.000000,,,"05/20/2026 2:06:19 pm","Main Warehouse",,"WooCommerce Import"
42025,102103,Cats,"Nulo Paté Cat & Kitten Wet Food - Salmon & Mackerel Recipe",48,Each,159.84,48,,"0000-00-00 00:00:00",,,,3.33,4.990000,0.000000,Nulo,,"05/22/2026 12:30:26 pm","Main Warehouse",,"Default Supplier"
42025,102044,"Wet Cat Food","Nulo No Grain Added Trout & Salmon Pate",96,Each,214.08,96,,"0000-00-00 00:00:00",,,,2.23,2.990000,0.000000,Nulo,,"05/22/2026 12:30:26 pm","Main Warehouse",,"Default Supplier"
42025,102046,"Wet Cat Food","Nulo No Grain Added Duck & Tuna Pate 5.5 oz",48,Each,107.04,48,,"0000-00-00 00:00:00",,,,2.23,2.990000,0.000000,Nulo,,"05/22/2026 12:30:26 pm","Main Warehouse",,"Default Supplier"
42025,102047,,"Nulo Paté Cat & Kitten Wet Food - Chicken & Herring Recipe - 5.5oz",24,Each,53.52,24,,"0000-00-00 00:00:00",,,,2.23,2.440000,0.000000,Nulo,,"05/22/2026 12:30:26 pm","Main Warehouse",,"Default Supplier"
42026,29429,"Crunchy Treats","Nulo Jerky Strips Dog Treats - Salmon with Strawberries Recipe",6,Each,61.50,6,,"0000-00-00 00:00:00",,,,10.25,18.990000,0.000000,Nulo,,"05/22/2026 12:59:28 pm","Main Warehouse",,"Default Supplier"
42027,29043,Cats,"Nulo Finely Minced Wet Cat Food - Tuna, Chicken & Pumpkin, Whole Protein, 6 Oz",16,Each,51.04,16,,"0000-00-00 00:00:00",,,,3.19,4.690000,0.000000,Nulo,,"05/22/2026 1:29:51 pm","Main Warehouse",,"Default Supplier"
42027,29015,Adult,"Nulo Real Shreds Chicken & Lamb Cat & Kitten Wet Food, Grain Free, 2.8 Oz",12,Each,22.68,12,,"0000-00-00 00:00:00",,,,1.89,2.690000,0.000000,Nulo,,"05/22/2026 1:29:51 pm","Main Warehouse",,"Default Supplier"
42027,29014,Adult,"Nulo Real Shreds Chicken & Duck Cat & Kitten Wet Food, Grain Free, 2.8 Oz",12,Each,22.92,12,,"0000-00-00 00:00:00",,,,1.91,2.690000,0.000000,Nulo,,"05/22/2026 1:29:51 pm","Main Warehouse",,"Default Supplier"
42034,100848,Uncategorized,"Go! Solutions ​Dental Plus Immune Health Chicken & Salmon Recipe Adult Cat Food",2,,0.00,2,,"0000-00-00 00:00:00",,,,0,42.990000,0.000000,,,"05/25/2026 11:19:25 am","Main Warehouse",,"WooCommerce Import"
42034,813188,Dogs,"Zignature Limited Ingredient Small Bites Zssential Formula - Multi-Protein - 12.5lb",1,,0.00,1,,"0000-00-00 00:00:00",,,,0,59.490000,0.000000,,,"05/25/2026 11:19:25 am","Main Warehouse",,"WooCommerce Import"
42034,600699,"Cat Grain Free","GO! Cat Sensitivities Grain Free Salmon - 3lb",2,,0.00,2,,"0000-00-00 00:00:00",,,,0,29.990000,0.000000,,,"05/25/2026 11:19:25 am","Main Warehouse",,"WooCommerce Import"
42068,214126,"Cat Litter &amp; Litter Supplies","Intersand Odourlock Multi-Cat Clumping Cat Litter - Calming Breeze",2,Each,28.40,2,,"0000-00-00 00:00:00",,,,14.2,28.990000,0.000000,Intersand,,"05/26/2026 11:04:06 am","Main Warehouse",,"Default Supplier"
42068,213129,"Cat Litter &amp; Litter Supplies","Intersand Odourlock Multi-Cat Clumping Cat Litter - Lavender Field",2,Each,49.40,2,,"0000-00-00 00:00:00",,,,24.7,28.990000,0.000000,Intersand,,"05/26/2026 11:04:06 am","Main Warehouse",,"Default Supplier"
42068,12780,"Cat Food Toppers","Tiki Cat Born Carnivore Complements - Variety Pack",2,Each,0.00,2,,"0000-00-00 00:00:00",,,,0,29.990000,0.000000,"Tiki Cat",,"05/26/2026 11:04:06 am","Main Warehouse",,"Default Supplier"
42068,100513,Cats,"Oven-Baked Tradition Cat Care Urinary Tract Chicken 10 lb",2,Each,0.00,2,,"0000-00-00 00:00:00",,,,0,58.990000,0.000000,"Oven Baked",,"05/26/2026 11:04:06 am","Main Warehouse",,"Default Supplier"
42068,11034,Cats,"Tiki Cat After Dark Pate+ Cat Food - Variety Pack",2,Each,51.60,2,,"0000-00-00 00:00:00",,,,25.8,35.490000,0.000000,"Tiki Cat",,"05/26/2026 11:04:06 am","Main Warehouse",,"Default Supplier"
42068,100463,,"Nutram Dog OC Dental Chew Mobility+ Lamb Small",4,Each,26.84,4,,"0000-00-00 00:00:00",,,,6.71,11.990000,0.000000,Nutram,,"05/26/2026 11:04:06 am","Main Warehouse",,"Default Supplier"
42068,720061,"Dry Cat Food","FirstMate Cat Grain Free Chicken with Blueberries - 3.96lb",2,Each,36.38,2,,"2027-05-26 06:00:00",,,,18.19,25.990000,0.000000,FirstMate,,"05/26/2026 11:04:06 am","Main Warehouse",,"Default Supplier"
42068,910086,,"Tiki Cat Treats Soft & Chewy Chicken",2,Each,7.10,2,,"0000-00-00 00:00:00",,,,3.55,13.490000,0.000000,"Tiki Cat",,"05/26/2026 11:04:06 am","Main Warehouse",,"Default Supplier"
42068,700356,,"BFF OMG Gravy Variety Pack 12 Pouches",3,Each,47.67,3,,"0000-00-00 00:00:00",,,,15.89,16.680000,0.000000,Weruva,,"05/26/2026 11:04:06 am","Main Warehouse",,"Default Supplier"
42068,710090,"Dry Dog Food","FirstMate Dog Grain Free Duck & Pumpkin - 5lb",2,Each,47.58,2,,"0000-00-00 00:00:00",,,,23.79,28.890000,0.000000,FirstMate,,"05/26/2026 11:04:06 am","Main Warehouse",,"Default Supplier"
42068,720050,"Dry Cat Food","FirstMate Cat Grain Free Pacific Ocean Fish with Blueberries - 3.96lb",2,Each,36.38,2,,"0000-00-00 00:00:00",,,,18.19,21.990000,0.000000,FirstMate,,"05/26/2026 11:04:06 am","Main Warehouse",,"Default Supplier"
42068,428018,"Dry Cat Food","Orijen Cat Original Dry Food 1.8kg",2,Each,47.88,2,,"0000-00-00 00:00:00",,,,23.94,0.000000,0.000000,Orijen,,"05/26/2026 11:04:06 am","Main Warehouse",,"Default Supplier"
42068,428254,"Dry Cat Food","ORIJEN Regional Red Cat - 5.4kg",2,Each,123.26,2,,"0000-00-00 00:00:00",,,,61.63,84.990000,0.000000,Orijen,,"05/26/2026 11:04:06 am","Main Warehouse",,"Default Supplier"
42068,710032,"Dry Dog Food","FirstMate SKOKI Dog Food - Skoki Coastal (Large Breed), 40lb",1,Each,55.12,1,,"0000-00-00 00:00:00",,,,55.12,73.990000,0.000000,Skoki,,"05/26/2026 11:04:06 am","Main Warehouse",,"Default Supplier"
42068,710103,"Dry Dog Food","FirstMate Dog Grain Friendly Wild Pacific Caught Fish & Oats - 25lb",2,Each,83.78,2,,"0000-00-00 00:00:00",,,,41.89,58.990000,0.000000,FirstMate,,"05/26/2026 11:04:06 am","Main Warehouse",,"Default Supplier"
42068,721612,,"Intersand Odourlock Max Care 12kg",2,Each,46.70,2,,"0000-00-00 00:00:00",,,,23.35,27.190000,0.000000,Intersand,,"05/26/2026 11:04:06 am","Main Warehouse",,"Default Supplier"
42068,452111,"Dry Dog Food","ACANA Dog Adult Large Breed Recipe - 11.4kg",2,Each,115.84,2,,"2027-05-26 06:00:00",,,,57.92,93.320000,0.000000,Acana,,"05/26/2026 11:04:06 am","Main Warehouse",,"Default Supplier"
42068,99010,Dogs,"Oven Baked Tradition - Adult Dog Semi-Moist Dog Food - Chicken - 20lb",1,Each,0.00,1,,"0000-00-00 00:00:00",,,,0,113.490000,0.000000,"Oven Baked",,"05/26/2026 11:04:06 am","Main Warehouse",,"Default Supplier"
42068,813118,`,"Zignature Dog Zssentials - 25lb",2,Each,155.64,2,,"2027-05-26 06:00:00",,,,77.82,108.990000,0.000000,Zignature,,"05/26/2026 11:04:06 am","Main Warehouse",,"Default Supplier"
42068,471413,"Dry Dog Food","ACANA Singles Lamb & Apple Recipe - 10.8kg",2,Each,178.76,2,,"0000-00-00 00:00:00",,,,89.38,124.990000,0.000000,Acana,,"05/26/2026 11:04:06 am","Main Warehouse",,"Default Supplier"
42068,456117,"Dry Dog Food","ACANA Classics Wild Coast Recipe - 14.5kg",1,Each,82.43,1,,"2026-05-26 17:00:57",,,,82.43,109.990000,0.000000,Acana,,"05/26/2026 11:04:06 am","Main Warehouse",,"Default Supplier"
42068,418171,"Dry Dog Food","Orijen Dog Fit+Trim Grain Free High Protein Dry Food 11.4kg",1,Each,73.99,1,,"0000-00-00 00:00:00",,,,73.99,114.990000,0.000000,Orijen,,"05/26/2026 11:04:06 am","Main Warehouse",,"Default Supplier"
42068,451211,"Dry Dog Food","ACANA Dog Light + Fit Recipe - 11.4kg",1,Each,67.93,1,,"2026-05-26 17:02:34",,,,67.93,79.890000,0.000000,Acana,,"05/26/2026 11:04:06 am","Main Warehouse",,"Default Supplier"
42068,471548,"Dry Dog Food","Acana Healthy Grains Red Meat Recipe - 10.2kg",1,Each,65.46,1,,"0000-00-00 00:00:00",,,,65.46,80.740000,0.000000,Acana,,"05/26/2026 11:04:06 am","Main Warehouse",,"Default Supplier"
42068,372601,"Wet Dog Food","Royal Canin Digestive Care 385g",12,Each,40.08,12,,"0000-00-00 00:00:00",,,,3.34,5.290000,0.000000,"Royal Canin",,"05/26/2026 11:04:06 am","Main Warehouse",,"Default Supplier"
42338,72824,Dogs,"Orijen Amazing Grains Dry Dog Food - Original",3,Each,243.84,3,,"2027-08-31 06:00:00",,,,81.28,114.990000,0.000000,Orijen,,"06/03/2026 11:50:05 am","Main Warehouse",,"Default Supplier"
42338,454311,"Dry Dog Food","ACANA Highest Protein Ranchlands Dog - 11.4kg",2,Each,157.26,2,,"0000-00-00 00:00:00",,,,78.63,99.990000,0.000000,Acana,,"06/03/2026 11:50:05 am","Main Warehouse",,"Default Supplier"
42338,471413,"Dry Dog Food","ACANA Singles Lamb & Apple Recipe - 10.8kg",5,Each,446.90,5,,"0000-00-00 00:00:00",,,,89.38,124.990000,0.000000,Acana,,"06/03/2026 11:50:05 am","Main Warehouse",,"Default Supplier"
42338,813118,`,"Zignature Dog Zssentials - 25lb",2,Each,155.64,2,,"2027-08-31 06:00:00",,,,77.82,108.990000,0.000000,Zignature,,"06/03/2026 11:50:05 am","Main Warehouse",,"Default Supplier"
42338,471421,"Dry Dog Food","ACANA Singles Pork & Squash Recipe - 10.8kg",4,Each,308.88,4,,"0000-00-00 00:00:00",,,,77.22,105.990000,0.000000,Acana,,"06/03/2026 11:50:05 am","Main Warehouse",,"Default Supplier"
42338,451011,"Dry Dog Food","ACANA Dog Senior Recipe - 11.4kg",4,Each,271.72,4,,"0000-00-00 00:00:00",,,,67.93,79.890000,0.000000,Acana,,"06/03/2026 11:50:05 am","Main Warehouse",,"Default Supplier"
42338,106054,Dogs,"Hill's Science Diet Perfect Weight Adult Dry Dog Food - Chicken - 25lb",2,Each,188.88,2,,"0000-00-00 00:00:00",,,,94.44,124.990000,0.000000,"Hill's Science",,"06/03/2026 11:50:05 am","Main Warehouse",,"Default Supplier"
42338,418412,"Dry Dog Food","ORIJEN Regional Red Dog - 11.4kg",10,Each,883.50,10,,"0000-00-00 00:00:00",,,,88.35,87.490000,0.000000,Orijen,,"06/03/2026 11:50:05 am","Main Warehouse",,"Default Supplier"
42338,451211,"Dry Dog Food","ACANA Dog Light + Fit Recipe - 11.4kg",5,Each,339.65,5,,"2027-09-30 06:00:00",,,,67.93,79.890000,0.000000,Acana,,"06/03/2026 11:50:05 am","Main Warehouse",,"Default Supplier"
42338,456217,"Dry Dog Food","ACANA Classics Red Meat Recipe - 14.5kg",4,Each,301.04,4,,"2027-08-31 06:00:00",,,,75.26,94.990000,0.000000,Acana,,"06/03/2026 11:50:05 am","Main Warehouse",,"Default Supplier"
42338,456017,"Dry Dog Food","ACANA Classics Prairie Poultry Recipe - 14.5kg",2,Each,134.76,2,,"0000-00-00 00:00:00",,,,67.38,85.490000,0.000000,Acana,,"06/03/2026 11:50:05 am","Main Warehouse",,"Default Supplier"
42338,452117,"Dry Dog Food","ACANA Dog Adult Large Breed Recipe - 17kg",5,Each,433.70,5,,"2026-06-03 17:48:15",,,,86.74,114.940000,0.000000,Acana,,"06/03/2026 11:50:05 am","Main Warehouse",,"Default Supplier"
42338,371121,"Wet Cat Food","Royal Canin Digestive Care Wet Cat Food - 5.1oz",48,Each,136.32,48,,"0000-00-00 00:00:00",,,,2.84,4.390000,0.000000,"Royal Canin",,"06/03/2026 11:50:05 am","Main Warehouse",,"Default Supplier"
42338,800104,"Wet Cat Food","Weruva Cat Mack & Jack",24,Each,39.60,24,,"0000-00-00 00:00:00",,,,1.65,2.690000,0.000000,Weruva,,"06/03/2026 11:50:05 am","Main Warehouse",,"Default Supplier"
42339,354646,"Dry Cat Food","Royal Canin Feline Urinary Care - 14lb",5,Each,383.50,5,,"2027-09-30 06:00:00",,,,76.7,117.990000,0.000000,"Royal Canin",,"06/03/2026 12:07:33 pm","Main Warehouse",,"Default Supplier"
42339,711733,,"Fromm Cat Four-Star GF Hasen Duckenpfeffer - 4.5kg",2,Each,85.74,2,,"2027-09-30 06:00:00",,,,42.87,60.950000,0.000000,Fromm,,"06/03/2026 12:07:33 pm","Main Warehouse",,"Default Supplier"
42339,100513,Cats,"Oven-Baked Tradition Cat Care Urinary Tract Chicken 10 lb",4,Each,166.36,4,,"0000-00-00 00:00:00",,,,41.59,58.990000,0.000000,"Oven Baked",,"06/03/2026 12:07:33 pm","Main Warehouse",,"Default Supplier"
42339,471451,"Dry Cat Food","ACANA Indoor Entrée Cat - 4.5kg",4,Each,151.08,4,,"2027-08-31 06:00:00",,,,37.77,52.240000,0.000000,Acana,,"06/03/2026 12:07:33 pm","Main Warehouse",,"Default Supplier"
42339,862816,"Dry Cat Food","Royal Canin Cat Indoor Adult 15lb",1,Each,67.61,1,,"0000-00-00 00:00:00",,,,67.61,104.990000,0.000000,"Royal Canin",,"06/03/2026 12:07:33 pm","Main Warehouse",,"Default Supplier"
42339,472398,"Dry Cat Food","Acana Cat Highest Protein Indoor Dry Food 4.5 kg",2,Each,94.78,2,,"2027-09-30 06:00:00",,,,47.39,68.990000,0.000000,Acana,,"06/03/2026 12:07:33 pm","Main Warehouse",,"Default Supplier"
42339,428254,"Dry Cat Food","ORIJEN Regional Red Cat - 5.4kg",4,Each,246.52,4,,"0000-00-00 00:00:00",,,,61.63,84.990000,0.000000,Orijen,,"06/03/2026 12:07:33 pm","Main Warehouse",,"Default Supplier"
42339,710103,"Dry Dog Food","FirstMate Dog Grain Friendly Wild Pacific Caught Fish & Oats - 25lb",8,Each,335.12,8,,"0000-00-00 00:00:00",,,,41.89,58.990000,0.000000,FirstMate,,"06/03/2026 12:07:33 pm","Main Warehouse",,"Default Supplier"
42339,710116,"Dry Dog Food","FirstMate Dog GF High Performance 25lb",3,Each,125.67,3,,"0000-00-00 00:00:00",,,,41.89,58.990000,0.000000,FirstMate,,"06/03/2026 12:07:33 pm","Main Warehouse",,"Default Supplier"
42339,710003,"Dry Dog Food","FirstMate Dog Grain Free New Zealand Beef - 25lb",4,Each,281.16,4,,"2027-06-03 06:00:00",,,,70.29,80.740000,0.000000,FirstMate,,"06/03/2026 12:07:33 pm","Main Warehouse",,"Default Supplier"
42339,710108,"Dry Dog Food","FirstMate Dog Grain Friendly Free Range Lamb & Oats - 25lb",8,Each,335.12,8,,"2027-06-03 06:00:00",,,,41.89,56.040000,0.000000,FirstMate,,"06/03/2026 12:07:33 pm","Main Warehouse",,"Default Supplier"
42339,618312,"Dry Dog Food","ORIJEN Six Fish Dog - 11.4kg",10,Each,883.50,10,,"0000-00-00 00:00:00",,,,88.35,87.490000,0.000000,Orijen,,"06/03/2026 12:07:33 pm","Main Warehouse",,"Default Supplier"
42341,452111,"Dry Dog Food","ACANA Dog Adult Large Breed Recipe - 11.4kg",2,Each,115.84,2,,"2026-06-03 18:08:09",,,,57.92,93.320000,0.000000,Acana,,"06/03/2026 12:16:37 pm","Main Warehouse",,"Default Supplier"
42341,947014,"Dry Cat Food","Tiki Cat Born Carnivore Chicken & Egg non-GMO - 5.6lb",4,Each,163.80,4,,"0000-00-00 00:00:00",,,,40.95,60.490000,0.000000,"Tiki Cat",,"06/03/2026 12:16:37 pm","Main Warehouse",,"Default Supplier"
42341,11034,Cats,"Tiki Cat After Dark Pate+ Cat Food - Variety Pack",8,Each,206.40,8,,"0000-00-00 00:00:00",,,,25.8,35.490000,0.000000,"Tiki Cat",,"06/03/2026 12:16:37 pm","Main Warehouse",,"Default Supplier"
42341,710001,"Dry Dog Food","FirstMate Dog Grain Free New Zealand Beef - 5lb",1,Each,23.79,1,,"0000-00-00 00:00:00",,,,23.79,33.990000,0.000000,FirstMate,,"06/03/2026 12:16:37 pm","Main Warehouse",,"Default Supplier"
42341,507629,"Cat Urinary Care","Hills Science Diet Adult Oral Care Chicken & Brown Rice Recipe Cat Food - 3.5lb",2,Each,56.62,2,,"0000-00-00 00:00:00",,,,28.31,40.990000,0.000000,,,"06/03/2026 12:16:37 pm","Main Warehouse",,"Default Supplier"
42341,351272,"Dry Dog Food","RC Small Breed Senior",4,Each,81.72,4,,"0000-00-00 00:00:00",,,,20.43,31.990000,0.000000,"Royal Canin",,"06/03/2026 12:16:37 pm","Main Warehouse",,"Default Supplier"
42341,854257,"Dry Cat Food","Royal Canin Kitten Dry Food - 7lb",2,Each,94.26,2,,"0000-00-00 00:00:00",,,,47.13,74.990000,0.000000,"Royal Canin",,"06/03/2026 12:16:37 pm","Main Warehouse",,"Default Supplier"
42341,471476,"Dry Dog Food","ORIJEN Small Breed Dog - 1.8kg",2,Each,41.86,2,,"0000-00-00 00:00:00",,,,20.93,24.490000,0.000000,Orijen,,"06/03/2026 12:16:37 pm","Main Warehouse",,"Default Supplier"
42341,428018,"Dry Cat Food","Orijen Cat Original Dry Food 1.8kg",1,Each,23.94,1,,"0000-00-00 00:00:00",,,,23.94,0.000000,0.000000,Orijen,,"06/03/2026 12:16:37 pm","Main Warehouse",,"Default Supplier"
42341,471548,"Dry Dog Food","Acana Healthy Grains Red Meat Recipe - 10.2kg",1,Each,65.46,1,,"0000-00-00 00:00:00",,,,65.46,80.740000,0.000000,Acana,,"06/03/2026 12:16:37 pm","Main Warehouse",,"Default Supplier"
42341,471545,"Dry Dog Food","ACANA Healthy Grains Free-Run Poultry - 10.2kg",2,Each,120.12,2,,"0000-00-00 00:00:00",,,,60.06,88.990000,0.000000,Acana,,"06/03/2026 12:16:37 pm","Main Warehouse",,"Default Supplier"
42341,471551,"Dry Dog Food","Acana Healthy Grains Puppy - 10.2kg",1,Each,60.75,1,,"2027-06-03 06:00:00",,,,60.75,89.990000,0.000000,Acana,,"06/03/2026 12:16:37 pm","Main Warehouse",,"Default Supplier"
42341,456011,"Dry Dog Food","ACANA Classics Prairie Poultry Recipe - 9.7kg",4,Each,212.12,4,,"0000-00-00 00:00:00",,,,53.03,69.990000,0.000000,Acana,,"06/03/2026 12:16:37 pm","Main Warehouse",,"Default Supplier"
42341,100420,,"Nutram 3.0 Sound Dog S49 Adult Salmon - 11.4kg",4,Each,228.72,4,,"2027-06-03 06:00:00",,,,57.18,83.990000,0.000000,Nutram,,"06/03/2026 12:16:37 pm","Main Warehouse",,"Default Supplier"
42341,710136,"Dry Dog Food","FirstMate Dog Grain Friendly Senior/Weight Control - 25lb",2,Each,83.78,2,,"0000-00-00 00:00:00",,,,41.89,35.390000,0.000000,FirstMate,,"06/03/2026 12:16:37 pm","Main Warehouse",,"Default Supplier"
42341,72824,Dogs,"Orijen Amazing Grains Dry Dog Food - Original",1,Each,81.28,1,,"2027-06-03 06:00:00",,,,81.28,114.990000,0.000000,Orijen,,"06/03/2026 12:16:37 pm","Main Warehouse",,"Default Supplier"
42345,45739,Dogs,"Canadian Naturals Grain Free Red Meat Recipe - 25lbs",4,Each,164.80,4,,"2027-06-03 06:00:00",,,,41.2,61.990000,0.000000,"Canadian Naturals",,"06/03/2026 1:20:51 pm","Main Warehouse",,"Default Supplier"
42345,100546,"Wet Dog Food","GO! Carnivore Chicken, Turkey & Duck 12.5OZ",12,Each,43.20,12,,"0000-00-00 00:00:00",,,,3.6,4.990000,0.000000,GO!,,"06/03/2026 1:20:51 pm","Main Warehouse",,"Default Supplier"
42345,100541,"Dog Food Toppers","Go! Solutions Skin + Coat Care Shredded Chicken Recipe Dog Food 12.5oz",12,Each,0.00,12,,"0000-00-00 00:00:00",,,,0,5.990000,0.000000,GO!,,"06/03/2026 1:20:51 pm","Main Warehouse",,"Default Supplier"
42345,100547,"Wet Cat Food","GO! Carnivore Chicken,Turkey&Duck Cat Food 6.4oz",48,Each,139.20,48,,"0000-00-00 00:00:00",,,,2.9,3.590000,0.000000,GO!,,"06/03/2026 1:20:51 pm","Main Warehouse",,"Default Supplier"
42345,344366,"Wet Cat Food","GO! Cat Carnivore Salmon & Cod Pate",24,Each,68.88,24,,"0000-00-00 00:00:00",,,,2.87,3.990000,0.000000,GO!,,"06/03/2026 1:20:51 pm","Main Warehouse",,"Default Supplier"
42345,344363,"Wet Cat Food","GO! Cat Skin & Coat Salmon Pate",24,Each,68.88,24,,"0000-00-00 00:00:00",,,,2.87,3.990000,0.000000,GO,,"06/03/2026 1:20:51 pm","Main Warehouse",,"Default Supplier"
42345,344138,"Dry Dog Food","GO! Dog Carnivore Grain Free Salmon & Cod - 12lb",4,Each,193.00,4,,"0000-00-00 00:00:00",,,,48.25,68.990000,0.000000,GO!,,"06/03/2026 1:20:51 pm","Main Warehouse",,"Default Supplier"
42345,344332,"Dry Dog Food","GO! Dog Sensitivities Grain Free Salmon - 12lb",2,Each,92.40,2,,"0000-00-00 00:00:00",,,,46.2,64.990000,0.000000,GO!,,"06/03/2026 1:20:51 pm","Main Warehouse",,"Default Supplier"
42345,344130,"Dry Dog Food","GO! Dog Carnivore Grain Free Chicken Turkey Duck for Senior 12 Lb",2,Each,88.20,2,,"2027-06-03 06:00:00",,,,44.1,61.990000,0.000000,GO!,,"06/03/2026 1:20:51 pm","Main Warehouse",,"Default Supplier"
42345,344126,"Dry Dog Food","GO! Dog Carnivore Grain Free Chicken, Turkey Duck Adult - 12lb",2,Each,85.20,2,,"0000-00-00 00:00:00",,,,42.6,59.990000,0.000000,GO!,,"06/03/2026 1:20:51 pm","Main Warehouse",,"Default Supplier"
42345,347529,"Dry Cat Food","GO! Cat Sensitivities Grain Free Salmon - 6lb",2,Each,63.90,2,,"0000-00-00 00:00:00",,,,31.95,44.990000,0.000000,GO,,"06/03/2026 1:20:51 pm","Main Warehouse",,"Default Supplier"
42345,344328,"Dry Dog Food","GO! Dog Sensitivities Grain Free Duck - 12lb",2,Each,100.80,2,,"2027-06-03 06:00:00",,,,50.4,70.990000,0.000000,GO!,,"06/03/2026 1:20:51 pm","Main Warehouse",,"Default Supplier"
42345,45718,Dogs,"Canadian Naturals Chicken & Brown Rice Recipe - 30lbs",6,Each,214.20,6,,"0000-00-00 00:00:00",,,,35.7,53.990000,0.000000,"Canadian Naturals",,"06/03/2026 1:20:51 pm","Main Warehouse",,"Default Supplier"
42345,779369457410,Dogs,"Canadian Naturals Grain Free Whitefish Recipe - 25lbs",2,Each,87.80,2,,"0000-00-00 00:00:00",,,,43.9,64.990000,0.000000,"Canadian Naturals",,"06/03/2026 1:20:51 pm","Main Warehouse",,"Default Supplier"
42345,344341,"Dry Dog Food","GO! Sensitivities Limited Ingredient Lamb 22LB",8,Each,624.72,8,,"2027-06-03 06:00:00",,,,78.09,111.990000,0.000000,GO!,,"06/03/2026 1:20:51 pm","Main Warehouse",,"Default Supplier"
42345,346413,"Dry Dog Food","GO! Skin & Coat Large Breed Adult Salmon 25LB",2,Each,142.00,2,,"0000-00-00 00:00:00",,,,71,99.990000,0.000000,GO!,,"06/03/2026 1:20:51 pm","Main Warehouse",,"Default Supplier"
42345,340085,"Dry Dog Food","Go! Dog Weight Management & Joint Care Salmon - 22lb",10,Each,710.00,10,,"0000-00-00 00:00:00",,,,71,99.990000,0.000000,GO!,,"06/03/2026 1:20:51 pm","Main Warehouse",,"Default Supplier"
42345,344333,"Dry Dog Food","GO! Dog Sensitivities Grain Free Salmon - 22lb",20,Each,1491.00,20,,"0000-00-00 00:00:00",,,,74.55,94.990000,0.000000,GO!,,"06/03/2026 1:20:51 pm","Main Warehouse",,"Default Supplier"
42348,85197,"Dry Dog Food","Go! Solutions Carnivore Grain-Free Dry Food for Dogs - Lamb & Wild Boar Recipe - 22lb",4,Each,335.00,4,,"0000-00-00 00:00:00",,,,83.75,117.990000,0.000000,,,"06/03/2026 1:32:49 pm","Main Warehouse",,"Default Supplier"
42348,344139,"Dry Dog Food","GO! Dog Carnivore Grain Free Salmon & Cod - 22lb",5,Each,376.50,5,,"0000-00-00 00:00:00",,,,75.3,105.990000,0.000000,GO!,,"06/03/2026 1:32:49 pm","Main Warehouse",,"Default Supplier"
42348,340084,"Dry Dog Food","Go! Dog Weight Management & Joint Care Salmon - 12lb",6,Each,276.90,6,,"0000-00-00 00:00:00",,,,46.15,64.990000,0.000000,GO!,,"06/03/2026 1:32:49 pm","Main Warehouse",,"Default Supplier"
42348,340092,"Dry Cat Food","Go! Cat Weight & Joint Care Chicken - Salmon, 12lb",2,Each,96.50,2,,"0000-00-00 00:00:00",,,,48.25,67.990000,0.000000,GO!,,"06/03/2026 1:32:49 pm","Main Warehouse",,"Default Supplier"
42348,347534,"Dry Cat Food","GO! Cat Hairball Control + Urinary Care Chicken Recipe - 12lb",4,Each,224.40,4,,"0000-00-00 00:00:00",,,,56.1,75.040000,0.000000,GO,,"06/03/2026 1:32:49 pm","Main Warehouse",,"Default Supplier"
42348,344329,"Dry Dog Food","GO! Dog Sensitivities Grain Free Duck - 22lb",8,Each,641.60,8,,"0000-00-00 00:00:00",,,,80.2,107.990000,0.000000,GO!,,"06/03/2026 1:32:49 pm","Main Warehouse",,"Default Supplier"
42348,342642,"Dry Dog Food","GO! Dog Skin & Coat Lamb Recipe - 22lb",6,Each,413.10,6,,"0000-00-00 00:00:00",,,,68.85,95.990000,0.000000,GO!,,"06/03/2026 1:32:49 pm","Main Warehouse",,"Default Supplier"
42348,344546,"Dry Dog Food","NOW Dog Turkey Salmon Duck Large Breed Puppy 25 Lbs",2,Each,181.30,2,,"0000-00-00 00:00:00",,,,90.65,116.990000,0.000000,"Now Fresh",,"06/03/2026 1:32:49 pm","Main Warehouse",,"Default Supplier"
42348,344131,"Dry Dog Food","GO! Dog Carnivore GF Chicken Turkey Duck Senior 22lb",4,Each,264.40,4,,"2027-06-03 06:00:00",,,,66.1,93.990000,0.000000,GO!,,"06/03/2026 1:32:49 pm","Main Warehouse",,"Default Supplier"
42348,344127,"Dry Dog Food","GO! Dog Carnivore Grain Free Chicken, Turkey Duck Adult - 22lb",6,Each,383.40,6,,"0000-00-00 00:00:00",,,,63.9,89.990000,0.000000,GO!,,"06/03/2026 1:32:49 pm","Main Warehouse",,"Default Supplier"
42348,342641,"Dry Dog Food","GO! Dog Skin & Coat Salmon Recipe - 22lb",6,Each,410.70,6,,"0000-00-00 00:00:00",,,,68.45,94.990000,0.000000,GO!,,"06/03/2026 1:32:49 pm","Main Warehouse",,"Default Supplier"
42358,810771,"Dry Dog Food","Now Fresh Good Gravy Recipe for Senior Dogs - Beef Coated in Bone Broth - 22lb",1,,0.00,1,,"0000-00-00 00:00:00",,,,0,109.990000,0.000000,,,"06/04/2026 12:26:50 pm","Main Warehouse",,"WooCommerce Import"
42358,810770,"Dry Dog Food","Now Fresh Good Gravy Recipe for Senior Dogs - Beef Coated in Bone Broth - 3.5lb",1,,0.00,1,,"0000-00-00 00:00:00",,,,0,29.990000,0.000000,,,"06/04/2026 12:26:50 pm","Main Warehouse",,"WooCommerce Import"
42358,800211,"Dry Dog Food","Go! Solutions Weight Management + Joint Care Grain-Free Dry Food for Adult Dogs - Chicken Recipe - 22lb",4,,0.00,4,,"0000-00-00 00:00:00",,,,0,94.990000,0.000000,,,"06/04/2026 12:26:50 pm","Main Warehouse",,"WooCommerce Import"
42358,100205,"Dry Dog Food","Go! Solutions Weight Management + Joint Care Grain-Free Dry Food for Adult Dogs - Chicken Recipe - 12lb",4,,0.00,4,,"0000-00-00 00:00:00",,,,0,61.990000,0.000000,,,"06/04/2026 12:26:50 pm","Main Warehouse",,"WooCommerce Import"
42358,600616,"Dog Health &amp; Wellness","Go! Solutions Skin + Coat Care Dry Food for Dogs - Chicken Recipe with Grains - 22lb",4,,0.00,4,,"0000-00-00 00:00:00",,,,0,87.990000,0.000000,,,"06/04/2026 12:26:50 pm","Main Warehouse",,"WooCommerce Import"
42358,44426,"Cat Health &amp; Wellness &amp; hygiene","Royal Canin Digestive Care Cat Food - 14lb",5,,0.00,5,,"0000-00-00 00:00:00",,,,0,116.990000,0.000000,,,"06/04/2026 12:26:50 pm","Main Warehouse",,"WooCommerce Import"
42358,600679,"Dog Health &amp; Wellness","GO! Skin & Coat Large Breed Adult Salmon - 12lb",2,,0.00,2,,"0000-00-00 00:00:00",,,,0,57.990000,0.000000,,,"06/04/2026 12:26:50 pm","Main Warehouse",,"WooCommerce Import"
42358,500574,Dogs,"GO! Sensitivities Limited Ingredient Lamb - 12lb",2,,0.00,2,,"0000-00-00 00:00:00",,,,0,74.990000,0.000000,,,"06/04/2026 12:26:50 pm","Main Warehouse",,"WooCommerce Import"
42621,851743,"Dry Dog Food","Royal Canin Dog Medium Adult - 30lb",2,Each,154.98,2,,"2027-09-30 06:00:00",,,,77.49,118.990000,0.000000,"Royal Canin",,"06/22/2026 3:34:05 pm","Main Warehouse",,"Default Supplier"
42621,610246,"Dry Dog Food","Nutram 3.0 Ideal Dog I20 Skin Coat & Stomach - 11.4kg",2,Each,122.30,2,,"2026-06-22 19:35:55",,,,61.15,77.340000,0.000000,Nutram,,"06/22/2026 3:34:05 pm","Main Warehouse",,"Default Supplier"
42621,72405,"Dry Dog Food","ORIJEN Dog Large Breed Adult - 11.4 kg",4,Each,0.00,4,,"0000-00-00 00:00:00",,,,0,120.990000,0.000000,,,"06/22/2026 3:34:05 pm","Main Warehouse",,"Default Supplier"
42621,72440,Dogs,"Acana Healthy Grains Sea to Farm Puppy Food 22.5lb",2,Each,0.00,2,,"0000-00-00 00:00:00",,,,0,95.990000,0.000000,Acana,,"06/22/2026 3:34:05 pm","Main Warehouse",,"Default Supplier"
42621,107372,Dogs,"Hill's Science Diet Adult Sensitive Stomach & Skin Dog Food - 30lb",2,Each,0.00,2,,"0000-00-00 00:00:00",,,,0,114.990000,0.000000,"Hill's Science",,"06/22/2026 3:34:05 pm","Main Warehouse",,"Default Supplier"
42621,600115,"Dry Dog Food","ACANA Dog Puppy Recipe - 11.4kg",1,Each,57.92,1,,"0000-00-00 00:00:00",,,,57.92,89.990000,0.000000,Acana,,"06/22/2026 3:34:05 pm","Main Warehouse",,"Default Supplier"
42621,354646,"Dry Cat Food","Royal Canin Feline Urinary Care - 14lb",4,Each,306.80,4,,"2027-09-30 06:00:00",,,,76.7,117.990000,0.000000,"Royal Canin",,"06/22/2026 3:34:05 pm","Main Warehouse",,"Default Supplier"
42621,712534,Dogs,"Open Farm Harvest Chicken & Ancient Grains Dry Dog Food - 11LB",2,Each,88.94,2,,"0000-00-00 00:00:00",,,,44.47,64.000000,0.000000,"Open Farm",,"06/22/2026 3:34:05 pm","Main Warehouse",,"Default Supplier"
42621,862816,"Dry Cat Food","Royal Canin Cat Indoor Adult 15lb",2,Each,135.22,2,,"0000-00-00 00:00:00",,,,67.61,104.990000,0.000000,"Royal Canin",,"06/22/2026 3:34:05 pm","Main Warehouse",,"Default Supplier"
42621,54755,Cats,"Royal Canin Indoor 7+ Adult Cat Food",2,Each,0.00,2,,"2027-09-30 06:00:00",,,,0,114.990000,0.000000,"Royal Canin",,"06/22/2026 3:34:05 pm","Main Warehouse",,"Default Supplier"
42621,194293,"Dog Freeze Dried Food","Primal Dog Kibble in the Raw - Beef, 9lb",2,Each,252.00,2,,"2027-09-30 06:00:00",,,,126,171.990000,0.000000,Primal,,"06/22/2026 3:34:05 pm","Main Warehouse",,"Default Supplier"
42621,44426,"Cat Health &amp; Wellness &amp; hygiene","Royal Canin Digestive Care Cat Food - 14lb",1,Each,0.00,1,,"0000-00-00 00:00:00",,,,0,116.990000,0.000000,,,"06/22/2026 3:34:05 pm","Main Warehouse",,"Default Supplier"
42621,720016,"Dry Cat Food","FirstMate Cat & Kitten Grain Friendly Fish + Chicken - 13.2lb",2,Each,62.48,2,,"2027-09-30 06:00:00",,,,31.24,26.390000,0.000000,FirstMate,,"06/22/2026 3:34:05 pm","Main Warehouse",,"Default Supplier"
42621,471451,"Dry Cat Food","ACANA Indoor Entrée Cat - 4.5kg",6,Each,226.62,6,,"2027-09-30 06:00:00",,,,37.77,52.240000,0.000000,Acana,,"06/22/2026 3:34:05 pm","Main Warehouse",,"Default Supplier"
42621,471472,"Dry Cat Food","ACANA Grasslands Cat - 4.5kg",2,Each,91.14,2,,"0000-00-00 00:00:00",,,,45.57,64.990000,0.000000,Acana,,"06/22/2026 3:34:05 pm","Main Warehouse",,"Default Supplier"
42621,418260,"Dry Dog Food","ORIJEN Original Dog - 6kg",2,Each,94.00,2,,"0000-00-00 00:00:00",,,,47,69.990000,0.000000,Orijen,,"06/22/2026 3:34:05 pm","Main Warehouse",,"Default Supplier"
42621,452360,"Dry Dog Food","ACANA Dog Adult Small Breed Recipe - 6kg",2,Each,71.52,2,,"2026-06-22 20:15:18",,,,35.76,54.990000,0.000000,Acana,,"06/22/2026 3:34:05 pm","Main Warehouse",,"Default Supplier"
42621,454360,"Dry Dog Food","ACANA Highest Protein Ranchlands Dog - 6kg",2,Each,98.78,2,,"0000-00-00 00:00:00",,,,49.39,72.990000,0.000000,Acana,,"06/22/2026 3:34:05 pm","Main Warehouse",,"Default Supplier"
42621,29412,Dogs,"Open Farm Open Prairie Grain-Free RawMix for Dogs - 20lbs",2,Each,181.58,2,,"0000-00-00 00:00:00",,,,90.79,126.990000,0.000000,"Open Farm",,"06/22/2026 3:34:05 pm","Main Warehouse",,"Default Supplier"
42621,471417,"Dry Dog Food","ACANA Singles Duck & Pear Recipe - 10.8kg",4,Each,357.52,4,,"0000-00-00 00:00:00",,,,89.38,123.990000,0.000000,Acana,,"06/22/2026 3:34:05 pm","Main Warehouse",,"Default Supplier"
42621,418212,"Dry Dog Food","ORIJEN Original Dog - 11.4kg",4,Each,314.60,4,,"2027-10-31 06:00:00",,,,78.65,109.990000,0.000000,Orijen,,"06/22/2026 3:34:05 pm","Main Warehouse",,"Default Supplier"
42621,456217,"Dry Dog Food","ACANA Classics Red Meat Recipe - 14.5kg",4,Each,301.04,4,,"2027-11-30 07:00:00",,,,75.26,94.990000,0.000000,Acana,,"06/22/2026 3:34:05 pm","Main Warehouse",,"Default Supplier"
42621,456017,"Dry Dog Food","ACANA Classics Prairie Poultry Recipe - 14.5kg",4,Each,269.52,4,,"0000-00-00 00:00:00",,,,67.38,85.490000,0.000000,Acana,,"06/22/2026 3:34:05 pm","Main Warehouse",,"Default Supplier"
42621,456117,"Dry Dog Food","ACANA Classics Wild Coast Recipe - 14.5kg",6,Each,494.58,6,,"2027-10-31 06:00:00",,,,82.43,109.990000,0.000000,Acana,,"06/22/2026 3:34:05 pm","Main Warehouse",,"Default Supplier"
42621,372601,"Wet Dog Food","Royal Canin Digestive Care 385g",24,Each,80.16,24,,"0000-00-00 00:00:00",,,,3.34,5.290000,0.000000,"Royal Canin",,"06/22/2026 3:34:05 pm","Main Warehouse",,"Default Supplier"
42621,201426,"Wet Dog Food","Dog Beef & Brown Rice Wet Food",12,Each,42.36,12,,"0000-00-00 00:00:00",,,,3.53,5.490000,0.000000,"Natural Balance",,"06/22/2026 3:34:05 pm","Main Warehouse",,"Default Supplier"
42621,253225,"Wet Cat Food","Natural Balance Ultra Salmon Wet Food",24,Each,40.80,24,,"0000-00-00 00:00:00",,,,1.7,2.250000,0.000000,"Natural Balance",,"06/22/2026 3:34:05 pm","Main Warehouse",,"Default Supplier"
42621,13352,"Cat Food Toppers","Fussie Cat Goat Milk Gravy Wet Food - Tuna with Small Anchovies",48,Each,105.12,48,,"2027-09-30 06:00:00",,,,2.19,3.190000,0.000000,"Fussie Cat",,"06/22/2026 3:34:05 pm","Main Warehouse",,"Default Supplier"
42621,468312,"Cat Treats","ORIJEN Regional Red Freeze-Dried Cat Treats",4,Each,18.32,4,,"0000-00-00 00:00:00",,,,4.58,8.990000,0.000000,Orijen,,"06/22/2026 3:34:05 pm","Main Warehouse",,"Default Supplier"
42621,11363,"Cat Food Toppers","Tiki Cat Born Carnivore Broths - Variety Pack",10,Each,152.40,10,,"0000-00-00 00:00:00",,,,15.24,24.990000,0.000000,"Tiki Cat",,"06/22/2026 3:34:05 pm","Main Warehouse",,"Default Supplier"
42621,44423,Cats,"Royal Canin Digestive Care Cat Food",2,Each,0.00,2,,"0000-00-00 00:00:00",,,,0,69.990000,0.000000,"Royal Canin",,"06/22/2026 3:34:05 pm","Main Warehouse",,"Default Supplier"
42621,456220,"Dry Dog Food","ACANA Classics Red Meat Recipe - 2kg",2,Each,33.90,2,,"0000-00-00 00:00:00",,,,16.95,23.740000,0.000000,Acana,,"06/22/2026 3:34:05 pm","Main Warehouse",,"Default Supplier"
42621,500619,,"Wildly Natural Cat Treats Free Range Chicken",6,Each,20.88,6,,"0000-00-00 00:00:00",,,,3.48,7.490000,0.000000,Fruitables,,"06/22/2026 3:34:05 pm","Main Warehouse",,"Default Supplier"
42621,194091,,"Primal Freeze Dried Topper Beef for Dogs & Cats",3,Each,26.46,3,,"0000-00-00 00:00:00",,,,8.82,11.000000,0.000000,Primal,,"06/22/2026 3:34:05 pm","Main Warehouse",,"Default Supplier"
42621,94352,"Crunchy Treats","Primal Canine Freeze-Dried Raw Nuggets - Duck Recipe",2,Each,32.62,2,,"0000-00-00 00:00:00",,,,16.31,25.490000,0.000000,Primal,,"06/22/2026 3:34:05 pm","Main Warehouse",,"Default Supplier"
42621,910086,,"Tiki Cat Treats Soft & Chewy Chicken",4,Each,14.20,4,,"0000-00-00 00:00:00",,,,3.55,13.490000,0.000000,"Tiki Cat",,"06/22/2026 3:34:05 pm","Main Warehouse",,"Default Supplier"
42621,194155,"Dog Freeze Dried Food","Primal Dog Freeze Dried Lamb Pronto 25oz",2,Each,101.96,2,,"0000-00-00 00:00:00",,,,50.98,44.990000,0.000000,Primal,,"06/22/2026 3:34:05 pm","Main Warehouse",,"Default Supplier"
42621,194150,"Dog Freeze Dried Food","Primal Freeze Dried Pork Pronto",1,Each,33.98,1,,"0000-00-00 00:00:00",,,,33.98,49.980000,0.000000,Primal,,"06/22/2026 3:34:05 pm","Main Warehouse",,"Default Supplier"
42621,800124,"Cat Freeze Dried Food","Stella&Chewy Cat Freeze Dried Duck Duck Goose Morsels",1,Each,40.86,1,,"0000-00-00 00:00:00",,,,40.86,35.990000,0.000000,Stella&Chewy,,"06/22/2026 3:34:05 pm","Main Warehouse",,"Default Supplier"
42621,428018,"Dry Cat Food","Orijen Cat Original Dry Food 1.8kg",2,Each,47.88,2,,"0000-00-00 00:00:00",,,,23.94,0.000000,0.000000,Orijen,,"06/22/2026 3:34:05 pm","Main Warehouse",,"Default Supplier"
42621,454320,"Dry Dog Food","ACANA Highest Protein Ranchlands Dog - 2kg",2,Each,45.76,2,,"0000-00-00 00:00:00",,,,22.88,33.990000,0.000000,Acana,,"06/22/2026 3:34:05 pm","Main Warehouse",,"Default Supplier"
42621,410229,"Dry Dog Food","Nutram Sound Balanced Wellness S6 - Adult Dog Food - 11.4Kg",2,Each,116.18,2,,"0000-00-00 00:00:00",,,,58.09,81.990000,0.000000,,,"06/22/2026 3:34:05 pm","Main Warehouse",,"Default Supplier"
42621,507629,"Cat Urinary Care","Hills Science Diet Adult Oral Care Chicken & Brown Rice Recipe Cat Food - 3.5lb",2,Each,56.62,2,,"0000-00-00 00:00:00",,,,28.31,40.990000,0.000000,,,"06/22/2026 3:34:05 pm","Main Warehouse",,"Default Supplier"
42621,201477,,"Cat Salmon & Green Pea Dry Food 4lb",2,Each,45.78,2,,"0000-00-00 00:00:00",,,,22.89,0.000000,0.000000,"Natural Balance",,"06/22/2026 3:34:05 pm","Main Warehouse",,"Default Supplier"
42621,813116,,"Zignature Dog Zssentials - 4lb",2,Each,30.22,2,,"0000-00-00 00:00:00",,,,15.11,7.870000,0.000000,Zignature,,"06/22/2026 3:34:05 pm","Main Warehouse",,"Default Supplier"
42621,471476,"Dry Dog Food","ORIJEN Small Breed Dog - 1.8kg",2,Each,41.86,2,,"0000-00-00 00:00:00",,,,20.93,24.490000,0.000000,Orijen,,"06/22/2026 3:34:05 pm","Main Warehouse",,"Default Supplier"
42621,900080,"Dog Freeze Dried Food","Primal Dog Freeze Dried Raw Nuggets - Beef, 14oz",2,Each,61.64,2,,"0000-00-00 00:00:00",,,,30.82,36.990000,0.000000,Primal,,"06/22/2026 3:34:05 pm","Main Warehouse",,"Default Supplier"
42621,471554,"Dog Freeze Dried Food","Acana Dog Freeze Dried Food Morsels Chicken 227g",4,Each,70.72,4,,"0000-00-00 00:00:00",,,,17.68,29.990000,0.000000,Acana,,"06/22/2026 3:34:05 pm","Main Warehouse",,"Default Supplier"
42621,200497,"Crunchy Treats","Primal Canine Freeze-Dried Raw Nuggets - Rabbit Recipe",2,Each,0.00,2,,"0000-00-00 00:00:00",,,,0,25.490000,0.000000,Primal,,"06/22/2026 3:34:05 pm","Main Warehouse",,"Default Supplier"
42621,135105,"Dog Treats","Zignature Dog Soft Moist Treats Duck",4,Each,19.96,4,,"0000-00-00 00:00:00",,,,4.99,8.990000,0.000000,Zignature,,"06/22/2026 3:34:05 pm","Main Warehouse",,"Default Supplier"
42621,12980,Cats,"RawMix Open Prairie Grain-Free Cat Kibble - 2.2LB",2,Each,35.24,2,,"0000-00-00 00:00:00",,,,17.62,26.990000,0.000000,,,"06/22/2026 3:34:05 pm","Main Warehouse",,"Default Supplier"
42651,45719,Dogs,"Canadian Naturals Lamb & Brown Rice Recipe - 25lbs",4,Each,149.60,4,,"2027-09-30 06:00:00",,,,37.4,54.990000,0.000000,"Canadian Naturals",,"06/25/2026 11:22:50 am","Main Warehouse",,"Default Supplier"
42651,45734,Dogs,"Canadian Naturals LID Sweet Potato & Salmon Recipe 25lb",4,Each,238.40,4,,"0000-00-00 00:00:00",,,,59.6,84.990000,0.000000,"Canadian Naturals",,"06/25/2026 11:22:50 am","Main Warehouse",,"Default Supplier"
42651,344547,"Dry Dog Food","NOW Dog Turkey Salmon Duck Large Breed Adult - 12lb",2,Each,102.20,2,,"0000-00-00 00:00:00",,,,51.1,70.990000,0.000000,"Now Fresh",,"06/25/2026 11:22:50 am","Main Warehouse",,"Default Supplier"
42651,347253,"Dry Dog Food","GO! Dog Skin & Coat Duck Recipe - 3.5lb",2,Each,34.10,2,,"0000-00-00 00:00:00",,,,17.05,22.990000,0.000000,GO!,,"06/25/2026 11:22:50 am","Main Warehouse",,"Default Supplier"
42651,344555,,"NOW Turkey Salmon & Duck Senior 3.5LB",2,Each,41.70,2,,"0000-00-00 00:00:00",,,,20.85,25.990000,0.000000,"Now Fresh",,"06/25/2026 11:22:50 am","Main Warehouse",,"Default Supplier"
42651,340697,"Dry Cat Food","GO! Weight & Joint Care GF Chicken 8LB",2,Each,77.70,2,,"0000-00-00 00:00:00",,,,38.85,54.990000,0.000000,GO!,,"06/25/2026 11:22:50 am","Main Warehouse",,"Default Supplier"
42651,344332,"Dry Dog Food","GO! Dog Sensitivities Grain Free Salmon - 12lb",2,Each,92.40,2,,"0000-00-00 00:00:00",,,,46.2,64.990000,0.000000,GO!,,"06/25/2026 11:22:50 am","Main Warehouse",,"Default Supplier"
42651,349003,"Dry Dog Food","NOW Dog Good Gravy Adult Chicken - 22lb",2,Each,149.10,2,,"0000-00-00 00:00:00",,,,74.55,104.990000,0.000000,NOW,,"06/25/2026 11:22:50 am","Main Warehouse",,"Default Supplier"
42651,344349,"Dry Cat Food","GO! Cat Sensitivities Grain Free Duck Recipe - 16lb",2,Each,145.00,2,,"0000-00-00 00:00:00",,,,72.5,101.990000,0.000000,GO!,,"06/25/2026 11:22:50 am","Main Warehouse",,"Default Supplier"
42651,344548,"Dry Dog Food","NOW Dog Turkey Salmon Duck Large Breed Adult - 25lb",4,Each,354.00,4,,"0000-00-00 00:00:00",,,,88.5,122.990000,0.000000,"Now Fresh",,"06/25/2026 11:22:50 am","Main Warehouse",,"Default Supplier"
42651,100780,Cats,"Go! Digestion & Gut Health Salmon With Grains Recipe for Cats 6lb",1,Each,0.00,1,,"0000-00-00 00:00:00",,,,0,39.990000,0.000000,GO,,"06/25/2026 11:22:50 am","Main Warehouse",,"Default Supplier"
42651,100848,Uncategorized,"Go! Solutions ​Dental Plus Immune Health Chicken & Salmon Recipe Adult Cat Food",2,Each,0.00,2,,"0000-00-00 00:00:00",,,,0,42.990000,0.000000,,,"06/25/2026 11:22:50 am","Main Warehouse",,"Default Supplier"
42651,810770,"Dry Dog Food","Now Fresh Good Gravy Recipe for Senior Dogs - Beef Coated in Bone Broth - 3.5lb",1,Each,0.00,1,,"0000-00-00 00:00:00",,,,0,29.990000,0.000000,,,"06/25/2026 11:22:50 am","Main Warehouse",,"Default Supplier"
42651,344554,"Dry Dog Food","NOW Dog Turkey Salmon & Duck Adult - 22lb",6,Each,466.20,6,,"2026-06-25 17:18:45",,,,77.7,107.990000,0.000000,"Now Fresh",,"06/25/2026 11:22:50 am","Main Warehouse",,"Default Supplier"
